TERM CODE,Term Desc,Term,PERSON ID,Subject,Catalog Number,Subject Catalog Number,Campus Code,Course Grade Official,Class GPA,student_id,target_course_id,target_term_label,target_term_index,target_attempt_number,target_grade_code,target_grade_points,target_outcome_code,target_pass_flag,course_sort_order,course_level,pathway_band,student_start_term_index,relative_term_index,math_path_sequence_number,prior_attempt_count_course_family,prior_fail_count_course_family,prior_withdraw_count_course_family,repeat_flag,previous_course_id,previous_term_index,next_course_id,next_term_index,next_outcome_code,next_pass_flag,transition_type,terms_to_next_course_family,stopout_flag,stopout_censor_flag,observation_end_term_index,pass_threshold_points_used,stopout_term_threshold_used,repeat_semantics_used,next_scope_used,same_term_order_rule_used,term_index_scheme_used,network_row_flag,network_source,network_destination,network_edge_weight,network_node_group,network_link_label,network_tooltip_detail,network_repeat_stage,sankey_row_flag,sankey_path_key,sankey_anchor_course_id,sankey_trace_direction,sankey_start_node,sankey_intermediate_1,sankey_intermediate_2,sankey_intermediate_3,sankey_intermediate_4,sankey_intermediate_5,sankey_end_node,sankey_flow_weight,sankey_path_group,sankey_sort_key,sankey_tooltip_detail
2235,2023 Summer Semester,2023 Sum,900000001,MATH,106,MATH 106,TRIC,B,3.0,900000001,MATH 106,2023 Sum,2235,1,B,3.0,pass,1,30,gateway,algebra,2235,0,1,0,0,0,0,,,MATH 171,2237,pass,1,forward,1,0,0,2257,2.0,2,all_attempts,immediate_next_course_family,course_sort_order,SDW STRM YYYT,1,MATH 106,MATH 171,1,course,Advanced / Changed Course,MATH 106 2023 Sum grade B; next=MATH 171; outcome=pass,1,1,900000001-path-1,MATH 220 (Repeat 1),forward_from_first_math,MATH 106,MATH 171,MATH 172,MATH 220,,,MATH 220 (Repeat 1),1,Repeat/Stopout Risk,2235,900000001: MATH 106 -> MATH 171 -> MATH 172 -> MATH 220 -> MATH 220 (Repeat 1)
2237,2023 Fall Semester,2023 Fall,900000001,MATH,171,MATH 171,TRIC,C,2.0,900000001,MATH 171,2023 Fall,2237,1,C,2.0,pass,1,50,gateway,calculus,2235,1,2,1,0,0,0,MATH 106,2235,MATH 172,2243,pass,1,forward,1,0,0,2257,2.0,2,all_attempts,immediate_next_course_family,course_sort_order,SDW STRM YYYT,1,MATH 171,MATH 172,1,course,Advanced / Changed Course,MATH 171 2023 Fall grade C; next=MATH 172; outcome=pass,1,0,,,,,,,,,,,,,,
2243,2024 Spring Semester,2024 Spr,900000001,MATH,172,MATH 172,TRIC,B-,2.7,900000001,MATH 172,2024 Spr,2243,1,B-,2.7,pass,1,60,advanced,calculus,2235,2,3,2,0,0,0,MATH 171,2237,MATH 220,2245,fail,0,forward,1,0,0,2257,2.0,2,all_attempts,immediate_next_course_family,course_sort_order,SDW STRM YYYT,1,MATH 172,MATH 220,1,course,Advanced / Changed Course,MATH 172 2024 Spr grade B-; next=MATH 220; outcome=pass,1,0,,,,,,,,,,,,,,
2245,2024 Summer Semester,2024 Sum,900000001,MATH,220,MATH 220,TRIC,F,0.0,900000001,MATH 220,2024 Sum,2245,1,F,0.0,fail,0,100,advanced,linear_algebra,2235,3,4,3,0,0,0,MATH 172,2243,MATH 220,2247,fail,0,repeat,1,0,0,2257,2.0,2,all_attempts,immediate_next_course_family,course_sort_order,SDW STRM YYYT,1,MATH 220,MATH 220,1,repeat,Repeated Same Course,MATH 220 2024 Sum grade F; next=MATH 220; outcome=fail,1,0,,,,,,,,,,,,,,
2247,2024 Fall Semester,2024 Fall,900000001,MATH,220,MATH 220,TRIC,D+,1.3,900000001,MATH 220,2024 Fall,2247,2,D+,1.3,fail,0,100,advanced,linear_algebra,2235,4,5,4,1,0,1,MATH 220,2245,,,,,terminal,,1,0,2257,2.0,2,all_attempts,immediate_next_course_family,course_sort_order,SDW STRM YYYT,1,MATH 220,No Further Course,1,target,No Further Course,MATH 220 2024 Fall grade D+; next=No Further Course; outcome=fail,2,0,,,,,,,,,,,,,,
2235,2023 Summer Semester,2023 Sum,900000002,MATH,140,MATH 140,TRIC,B-,2.7,900000002,MATH 140,2023 Sum,2235,1,B-,2.7,pass,1,45,gateway,statistics,2235,0,1,0,0,0,0,,,MATH 201,2237,pass,1,forward,1,0,0,2257,2.0,2,all_attempts,immediate_next_course_family,course_sort_order,SDW STRM YYYT,1,MATH 140,MATH 201,1,course,Advanced / Changed Course,MATH 140 2023 Sum grade B-; next=MATH 201; outcome=pass,1,1,900000002-path-1,MATH 202,forward_from_first_math,MATH 140,MATH 201,,,,,MATH 202,1,Repeat/Stopout Risk,2235,900000002: MATH 140 -> MATH 201 -> MATH 202
2237,2023 Fall Semester,2023 Fall,900000002,MATH,201,MATH 201,TRIC,A,4.0,900000002,MATH 201,2023 Fall,2237,1,A,4.0,pass,1,70,advanced,quantitative_reasoning,2235,1,2,1,0,0,0,MATH 140,2235,MATH 202,2243,fail,0,forward,1,0,0,2257,2.0,2,all_attempts,immediate_next_course_family,course_sort_order,SDW STRM YYYT,1,MATH 201,MATH 202,1,course,Advanced / Changed Course,MATH 201 2023 Fall grade A; next=MATH 202; outcome=pass,1,0,,,,,,,,,,,,,,
2243,2024 Spring Semester,2024 Spr,900000002,MATH,202,MATH 202,TRIC,D,1.0,900000002,MATH 202,2024 Spr,2243,1,D,1.0,fail,0,80,advanced,quantitative_reasoning,2235,2,3,2,0,0,0,MATH 201,2237,,,,,terminal,,1,0,2257,2.0,2,all_attempts,immediate_next_course_family,course_sort_order,SDW STRM YYYT,1,MATH 202,No Further Course,1,course,No Further Course,MATH 202 2024 Spr grade D; next=No Further Course; outcome=fail,1,0,,,,,,,,,,,,,,
2233,2023 Spring Semester,2023 Spr,900000003,MATH,220,MATH 220,VANCO,C+,2.3,900000003,MATH 220,2023 Spr,2233,1,C+,2.3,pass,1,100,advanced,linear_algebra,2233,0,1,0,0,0,0,,,,,,,terminal,,1,0,2257,2.0,2,all_attempts,immediate_next_course_family,course_sort_order,SDW STRM YYYT,1,MATH 220,No Further Course,1,target,No Further Course,MATH 220 2023 Spr grade C+; next=No Further Course; outcome=pass,1,1,900000003-path-1,No Further Course,forward_from_first_math,MATH 220,,,,,,No Further Course,1,Completed/Persisted,2233,900000003: MATH 220 -> No Further Course
2233,2023 Spring Semester,2023 Spr,900000004,MATH,201,MATH 201,PULLM,B,3.0,900000004,MATH 201,2023 Spr,2233,1,B,3.0,pass,1,70,advanced,quantitative_reasoning,2233,0,1,0,0,0,0,,,MATH 202,2235,fail,0,forward,1,0,0,2257,2.0,2,all_attempts,immediate_next_course_family,course_sort_order,SDW STRM YYYT,1,MATH 201,MATH 202,1,course,Advanced / Changed Course,MATH 201 2023 Spr grade B; next=MATH 202; outcome=pass,1,1,900000004-path-1,MATH 220,forward_from_first_math,MATH 201,MATH 202,MATH 202 (Repeat 1),,,,MATH 220,1,Completed/Persisted,2233,900000004: MATH 201 -> MATH 202 -> MATH 202 (Repeat 1) -> MATH 220
2235,2023 Summer Semester,2023 Sum,900000004,MATH,202,MATH 202,PULLM,F,0.0,900000004,MATH 202,2023 Sum,2235,1,F,0.0,fail,0,80,advanced,quantitative_reasoning,2233,1,2,1,0,0,0,MATH 201,2233,MATH 202,2237,pass,1,repeat,1,0,0,2257,2.0,2,all_attempts,immediate_next_course_family,course_sort_order,SDW STRM YYYT,1,MATH 202,MATH 202,1,repeat,Repeated Same Course,MATH 202 2023 Sum grade F; next=MATH 202; outcome=fail,1,0,,,,,,,,,,,,,,
2237,2023 Fall Semester,2023 Fall,900000004,MATH,202,MATH 202,PULLM,B-,2.7,900000004,MATH 202,2023 Fall,2237,2,B-,2.7,pass,1,80,advanced,quantitative_reasoning,2233,2,3,2,1,0,1,MATH 202,2235,MATH 220,2243,pass,1,forward,1,0,0,2257,2.0,2,all_attempts,immediate_next_course_family,course_sort_order,SDW STRM YYYT,1,MATH 202,MATH 220,1,course,Advanced / Changed Course,MATH 202 2023 Fall grade B-; next=MATH 220; outcome=pass,2,0,,,,,,,,,,,,,,
2243,2024 Spring Semester,2024 Spr,900000004,MATH,220,MATH 220,PULLM,A-,3.7,900000004,MATH 220,2024 Spr,2243,1,A-,3.7,pass,1,100,advanced,linear_algebra,2233,3,4,3,1,0,0,MATH 202,2237,,,,,terminal,,1,0,2257,2.0,2,all_attempts,immediate_next_course_family,course_sort_order,SDW STRM YYYT,1,MATH 220,No Further Course,1,target,No Further Course,MATH 220 2024 Spr grade A-; next=No Further Course; outcome=pass,1,0,,,,,,,,,,,,,,
2235,2023 Summer Semester,2023 Sum,900000005,MATH,171,MATH 171,PULLM,B+,3.3,900000005,MATH 171,2023 Sum,2235,1,B+,3.3,pass,1,50,gateway,calculus,2235,0,1,0,0,0,0,,,MATH 172,2237,pass,1,forward,1,0,0,2257,2.0,2,all_attempts,immediate_next_course_family,course_sort_order,SDW STRM YYYT,1,MATH 171,MATH 172,1,course,Advanced / Changed Course,MATH 171 2023 Sum grade B+; next=MATH 172; outcome=pass,1,1,900000005-path-1,MATH 220 (Repeat 1),forward_from_first_math,MATH 171,MATH 172,MATH 216,MATH 220,,,MATH 220 (Repeat 1),1,Repeat/Stopout Risk,2235,900000005: MATH 171 -> MATH 172 -> MATH 216 -> MATH 220 -> MATH 220 (Repeat 1)
2237,2023 Fall Semester,2023 Fall,900000005,MATH,172,MATH 172,PULLM,B,3.0,900000005,MATH 172,2023 Fall,2237,1,B,3.0,pass,1,60,advanced,calculus,2235,1,2,1,0,0,0,MATH 171,2235,MATH 216,2243,withdraw,0,forward,1,0,0,2257,2.0,2,all_attempts,immediate_next_course_family,course_sort_order,SDW STRM YYYT,1,MATH 172,MATH 216,1,course,Advanced / Changed Course,MATH 172 2023 Fall grade B; next=MATH 216; outcome=pass,1,0,,,,,,,,,,,,,,
2243,2024 Spring Semester,2024 Spr,900000005,MATH,216,MATH 216,PULLM,W,,900000005,MATH 216,2024 Spr,2243,1,W,,withdraw,0,90,advanced,calculus,2235,2,3,2,0,0,0,MATH 172,2237,MATH 220,2245,fail,0,forward,1,0,0,2257,2.0,2,all_attempts,immediate_next_course_family,course_sort_order,SDW STRM YYYT,1,MATH 216,MATH 220,1,course,Advanced / Changed Course,MATH 216 2024 Spr grade W; next=MATH 220; outcome=withdraw,1,0,,,,,,,,,,,,,,
2245,2024 Summer Semester,2024 Sum,900000005,MATH,220,MATH 220,PULLM,C-,1.7,900000005,MATH 220,2024 Sum,2245,1,C-,1.7,fail,0,100,advanced,linear_algebra,2235,3,4,3,0,1,0,MATH 216,2243,MATH 220,2247,fail,0,repeat,1,0,0,2257,2.0,2,all_attempts,immediate_next_course_family,course_sort_order,SDW STRM YYYT,1,MATH 220,MATH 220,1,repeat,Repeated Same Course,MATH 220 2024 Sum grade C-; next=MATH 220; outcome=fail,1,0,,,,,,,,,,,,,,
2247,2024 Fall Semester,2024 Fall,900000005,MATH,220,MATH 220,PULLM,D+,1.3,900000005,MATH 220,2024 Fall,2247,2,D+,1.3,fail,0,100,advanced,linear_algebra,2235,4,5,4,1,1,1,MATH 220,2245,,,,,terminal,,1,0,2257,2.0,2,all_attempts,immediate_next_course_family,course_sort_order,SDW STRM YYYT,1,MATH 220,No Further Course,1,target,No Further Course,MATH 220 2024 Fall grade D+; next=No Further Course; outcome=fail,2,0,,,,,,,,,,,,,,
2233,2023 Spring Semester,2023 Spr,900000006,MATH,103,MATH 103,PULLM,W,,900000006,MATH 103,2023 Spr,2233,1,W,,withdraw,0,20,gateway,algebra,2233,0,1,0,0,0,0,,,MATH 103,2237,pass,1,repeat,2,0,0,2257,2.0,2,all_attempts,immediate_next_course_family,course_sort_order,SDW STRM YYYT,1,MATH 103,MATH 103,1,repeat,Repeated Same Course,MATH 103 2023 Spr grade W; next=MATH 103; outcome=withdraw,1,1,900000006-path-1,MATH 220 (Repeat 1),forward_from_first_math,MATH 103,MATH 103 (Repeat 1),MATH 106,MATH 108,MATH 220,,MATH 220 (Repeat 1),1,Repeat/Stopout Risk,2233,900000006: MATH 103 -> MATH 103 (Repeat 1) -> MATH 106 -> MATH 108 -> MATH 220 -> MATH 220 (Repeat 1)
2237,2023 Fall Semester,2023 Fall,900000006,MATH,103,MATH 103,PULLM,C+,2.3,900000006,MATH 103,2023 Fall,2237,2,C+,2.3,pass,1,20,gateway,algebra,2233,2,2,1,0,1,1,MATH 103,2233,MATH 106,2243,pass,1,forward,1,0,0,2257,2.0,2,all_attempts,immediate_next_course_family,course_sort_order,SDW STRM YYYT,1,MATH 103,MATH 106,1,course,Advanced / Changed Course,MATH 103 2023 Fall grade C+; next=MATH 106; outcome=pass,2,0,,,,,,,,,,,,,,
2243,2024 Spring Semester,2024 Spr,900000006,MATH,106,MATH 106,PULLM,A,4.0,900000006,MATH 106,2024 Spr,2243,1,A,4.0,pass,1,30,gateway,algebra,2233,3,3,2,0,1,0,MATH 103,2237,MATH 108,2245,pass,1,forward,1,0,0,2257,2.0,2,all_attempts,immediate_next_course_family,course_sort_order,SDW STRM YYYT,1,MATH 106,MATH 108,1,course,Advanced / Changed Course,MATH 106 2024 Spr grade A; next=MATH 108; outcome=pass,1,0,,,,,,,,,,,,,,
2245,2024 Summer Semester,2024 Sum,900000006,MATH,108,MATH 108,PULLM,A-,3.7,900000006,MATH 108,2024 Sum,2245,1,A-,3.7,pass,1,40,gateway,business_quant,2233,4,4,3,0,1,0,MATH 106,2243,MATH 220,2247,withdraw,0,forward,1,0,0,2257,2.0,2,all_attempts,immediate_next_course_family,course_sort_order,SDW STRM YYYT,1,MATH 108,MATH 220,1,course,Advanced / Changed Course,MATH 108 2024 Sum grade A-; next=MATH 220; outcome=pass,1,0,,,,,,,,,,,,,,
2247,2024 Fall Semester,2024 Fall,900000006,MATH,220,MATH 220,PULLM,W,,900000006,MATH 220,2024 Fall,2247,1,W,,withdraw,0,100,advanced,linear_algebra,2233,5,5,4,0,1,0,MATH 108,2245,MATH 220,2253,fail,0,repeat,1,0,0,2257,2.0,2,all_attempts,immediate_next_course_family,course_sort_order,SDW STRM YYYT,1,MATH 220,MATH 220,1,repeat,Repeated Same Course,MATH 220 2024 Fall grade W; next=MATH 220; outcome=withdraw,1,0,,,,,,,,,,,,,,
2253,2025 Spring Semester,2025 Spr,900000006,MATH,220,MATH 220,PULLM,D,1.0,900000006,MATH 220,2025 Spr,2253,2,D,1.0,fail,0,100,advanced,linear_algebra,2233,6,6,5,0,2,1,MATH 220,2247,,,,,terminal,,0,1,2257,2.0,2,all_attempts,immediate_next_course_family,course_sort_order,SDW STRM YYYT,0,MATH 220,,1,target,Censored Recent Term,MATH 220 2025 Spr grade D; next=censored; outcome=fail,2,0,,,,,,,,,,,,,,
2227,2022 Fall Semester,2022 Fall,900000007,MATH,106,MATH 106,VANCO,F,0.0,900000007,MATH 106,2022 Fall,2227,1,F,0.0,fail,0,30,gateway,algebra,2227,0,1,0,0,0,0,,,MATH 106,2233,fail,0,repeat,1,0,0,2257,2.0,2,all_attempts,immediate_next_course_family,course_sort_order,SDW STRM YYYT,1,MATH 106,MATH 106,1,repeat,Repeated Same Course,MATH 106 2022 Fall grade F; next=MATH 106; outcome=fail,1,1,900000007-path-1,MATH 220 (Repeat 1),forward_from_first_math,MATH 106,MATH 106 (Repeat 1),MATH 171,MATH 172,MATH 220,,MATH 220 (Repeat 1),1,Completed/Persisted,2227,900000007: MATH 106 -> MATH 106 (Repeat 1) -> MATH 171 -> MATH 172 -> MATH 220 -> MATH 220 (Repeat 1)
2233,2023 Spring Semester,2023 Spr,900000007,MATH,106,MATH 106,VANCO,D+,1.3,900000007,MATH 106,2023 Spr,2233,2,D+,1.3,fail,0,30,gateway,algebra,2227,1,2,1,1,0,1,MATH 106,2227,MATH 171,2237,pass,1,forward,2,0,0,2257,2.0,2,all_attempts,immediate_next_course_family,course_sort_order,SDW STRM YYYT,1,MATH 106,MATH 171,1,course,Advanced / Changed Course,MATH 106 2023 Spr grade D+; next=MATH 171; outcome=fail,2,0,,,,,,,,,,,,,,
2237,2023 Fall Semester,2023 Fall,900000007,MATH,171,MATH 171,VANCO,C,2.0,900000007,MATH 171,2023 Fall,2237,1,C,2.0,pass,1,50,gateway,calculus,2227,3,3,2,2,0,0,MATH 106,2233,MATH 172,2243,pass,1,forward,1,0,0,2257,2.0,2,all_attempts,immediate_next_course_family,course_sort_order,SDW STRM YYYT,1,MATH 171,MATH 172,1,course,Advanced / Changed Course,MATH 171 2023 Fall grade C; next=MATH 172; outcome=pass,1,0,,,,,,,,,,,,,,
2243,2024 Spring Semester,2024 Spr,900000007,MATH,172,MATH 172,VANCO,B,3.0,900000007,MATH 172,2024 Spr,2243,1,B,3.0,pass,1,60,advanced,calculus,2227,4,4,3,2,0,0,MATH 171,2237,MATH 220,2245,fail,0,forward,1,0,0,2257,2.0,2,all_attempts,immediate_next_course_family,course_sort_order,SDW STRM YYYT,1,MATH 172,MATH 220,1,course,Advanced / Changed Course,MATH 172 2024 Spr grade B; next=MATH 220; outcome=pass,1,0,,,,,,,,,,,,,,
2245,2024 Summer Semester,2024 Sum,900000007,MATH,220,MATH 220,VANCO,F,0.0,900000007,MATH 220,2024 Sum,2245,1,F,0.0,fail,0,100,advanced,linear_algebra,2227,5,5,4,2,0,0,MATH 172,2243,MATH 220,2247,pass,1,repeat,1,0,0,2257,2.0,2,all_attempts,immediate_next_course_family,course_sort_order,SDW STRM YYYT,1,MATH 220,MATH 220,1,repeat,Repeated Same Course,MATH 220 2024 Sum grade F; next=MATH 220; outcome=fail,1,0,,,,,,,,,,,,,,
2247,2024 Fall Semester,2024 Fall,900000007,MATH,220,MATH 220,VANCO,C+,2.3,900000007,MATH 220,2024 Fall,2247,2,C+,2.3,pass,1,100,advanced,linear_algebra,2227,6,6,5,3,0,1,MATH 220,2245,,,,,terminal,,1,0,2257,2.0,2,all_attempts,immediate_next_course_family,course_sort_order,SDW STRM YYYT,1,MATH 220,No Further Course,1,target,No Further Course,MATH 220 2024 Fall grade C+; next=No Further Course; outcome=pass,2,0,,,,,,,,,,,,,,
2233,2023 Spring Semester,2023 Spr,900000008,MATH,220,MATH 220,PULLM,C-,1.7,900000008,MATH 220,2023 Spr,2233,1,C-,1.7,fail,0,100,advanced,linear_algebra,2233,0,1,0,0,0,0,,,MATH 220,2235,pass,1,repeat,1,0,0,2257,2.0,2,all_attempts,immediate_next_course_family,course_sort_order,SDW STRM YYYT,1,MATH 220,MATH 220,1,repeat,Repeated Same Course,MATH 220 2023 Spr grade C-; next=MATH 220; outcome=fail,1,1,900000008-path-1,MATH 220 (Repeat 1),forward_from_first_math,MATH 220,,,,,,MATH 220 (Repeat 1),1,Completed/Persisted,2233,900000008: MATH 220 -> MATH 220 (Repeat 1)
2235,2023 Summer Semester,2023 Sum,900000008,MATH,220,MATH 220,PULLM,C,2.0,900000008,MATH 220,2023 Sum,2235,2,C,2.0,pass,1,100,advanced,linear_algebra,2233,1,2,1,1,0,1,MATH 220,2233,,,,,terminal,,1,0,2257,2.0,2,all_attempts,immediate_next_course_family,course_sort_order,SDW STRM YYYT,1,MATH 220,No Further Course,1,target,No Further Course,MATH 220 2023 Sum grade C; next=No Further Course; outcome=pass,2,0,,,,,,,,,,,,,,
2235,2023 Summer Semester,2023 Sum,900000009,MATH,103,MATH 103,VANCO,D,1.0,900000009,MATH 103,2023 Sum,2235,1,D,1.0,fail,0,20,gateway,algebra,2235,0,1,0,0,0,0,,,MATH 106,2243,pass,1,forward,2,0,0,2257,2.0,2,all_attempts,immediate_next_course_family,course_sort_order,SDW STRM YYYT,1,MATH 103,MATH 106,1,course,Advanced / Changed Course,MATH 103 2023 Sum grade D; next=MATH 106; outcome=fail,1,1,900000009-path-1,MATH 220,forward_from_first_math,MATH 103,MATH 106,MATH 108,,,,MATH 220,1,Completed/Persisted,2235,900000009: MATH 103 -> MATH 106 -> MATH 108 -> MATH 220
2243,2024 Spring Semester,2024 Spr,900000009,MATH,106,MATH 106,VANCO,C+,2.3,900000009,MATH 106,2024 Spr,2243,1,C+,2.3,pass,1,30,gateway,algebra,2235,2,2,1,1,0,0,MATH 103,2235,MATH 108,2247,withdraw,0,forward,2,0,0,2257,2.0,2,all_attempts,immediate_next_course_family,course_sort_order,SDW STRM YYYT,1,MATH 106,MATH 108,1,course,Advanced / Changed Course,MATH 106 2024 Spr grade C+; next=MATH 108; outcome=pass,1,0,,,,,,,,,,,,,,
2247,2024 Fall Semester,2024 Fall,900000009,MATH,108,MATH 108,VANCO,W,,900000009,MATH 108,2024 Fall,2247,1,W,,withdraw,0,40,gateway,business_quant,2235,4,3,2,1,0,0,MATH 106,2243,MATH 220,2253,pass,1,forward,1,0,0,2257,2.0,2,all_attempts,immediate_next_course_family,course_sort_order,SDW STRM YYYT,1,MATH 108,MATH 220,1,course,Advanced / Changed Course,MATH 108 2024 Fall grade W; next=MATH 220; outcome=withdraw,1,0,,,,,,,,,,,,,,
2253,2025 Spring Semester,2025 Spr,900000009,MATH,220,MATH 220,VANCO,C+,2.3,900000009,MATH 220,2025 Spr,2253,1,C+,2.3,pass,1,100,advanced,linear_algebra,2235,5,4,3,1,1,0,MATH 108,2247,,,,,terminal,,0,1,2257,2.0,2,all_attempts,immediate_next_course_family,course_sort_order,SDW STRM YYYT,0,MATH 220,,1,target,Censored Recent Term,MATH 220 2025 Spr grade C+; next=censored; outcome=pass,1,0,,,,,,,,,,,,,,
2235,2023 Summer Semester,2023 Sum,900000010,MATH,103,MATH 103,GLOBAL,D,1.0,900000010,MATH 103,2023 Sum,2235,1,D,1.0,fail,0,20,gateway,algebra,2235,0,1,0,0,0,0,,,MATH 106,2237,withdraw,0,forward,1,0,0,2257,2.0,2,all_attempts,immediate_next_course_family,course_sort_order,SDW STRM YYYT,1,MATH 103,MATH 106,1,course,Advanced / Changed Course,MATH 103 2023 Sum grade D; next=MATH 106; outcome=fail,1,1,900000010-path-1,MATH 220,forward_from_first_math,MATH 103,MATH 106,MATH 106 (Repeat 1),MATH 108,,,MATH 220,1,Completed/Persisted,2235,900000010: MATH 103 -> MATH 106 -> MATH 106 (Repeat 1) -> MATH 108 -> MATH 220
2237,2023 Fall Semester,2023 Fall,900000010,MATH,106,MATH 106,GLOBAL,W,,900000010,MATH 106,2023 Fall,2237,1,W,,withdraw,0,30,gateway,algebra,2235,1,2,1,1,0,0,MATH 103,2235,MATH 106,2243,pass,1,repeat,1,0,0,2257,2.0,2,all_attempts,immediate_next_course_family,course_sort_order,SDW STRM YYYT,1,MATH 106,MATH 106,1,repeat,Repeated Same Course,MATH 106 2023 Fall grade W; next=MATH 106; outcome=withdraw,1,0,,,,,,,,,,,,,,
2243,2024 Spring Semester,2024 Spr,900000010,MATH,106,MATH 106,GLOBAL,B+,3.3,900000010,MATH 106,2024 Spr,2243,2,B+,3.3,pass,1,30,gateway,algebra,2235,2,3,2,1,1,1,MATH 106,2237,MATH 108,2245,pass,1,forward,1,0,0,2257,2.0,2,all_attempts,immediate_next_course_family,course_sort_order,SDW STRM YYYT,1,MATH 106,MATH 108,1,course,Advanced / Changed Course,MATH 106 2024 Spr grade B+; next=MATH 108; outcome=pass,2,0,,,,,,,,,,,,,,
2245,2024 Summer Semester,2024 Sum,900000010,MATH,108,MATH 108,GLOBAL,C,2.0,900000010,MATH 108,2024 Sum,2245,1,C,2.0,pass,1,40,gateway,business_quant,2235,3,4,3,1,1,0,MATH 106,2243,MATH 220,2247,pass,1,forward,1,0,0,2257,2.0,2,all_attempts,immediate_next_course_family,course_sort_order,SDW STRM YYYT,1,MATH 108,MATH 220,1,course,Advanced / Changed Course,MATH 108 2024 Sum grade C; next=MATH 220; outcome=pass,1,0,,,,,,,,,,,,,,
2247,2024 Fall Semester,2024 Fall,900000010,MATH,220,MATH 220,GLOBAL,C+,2.3,900000010,MATH 220,2024 Fall,2247,1,C+,2.3,pass,1,100,advanced,linear_algebra,2235,4,5,4,1,1,0,MATH 108,2245,,,,,terminal,,1,0,2257,2.0,2,all_attempts,immediate_next_course_family,course_sort_order,SDW STRM YYYT,1,MATH 220,No Further Course,1,target,No Further Course,MATH 220 2024 Fall grade C+; next=No Further Course; outcome=pass,1,0,,,,,,,,,,,,,,
2233,2023 Spring Semester,2023 Spr,900000011,MATH,106,MATH 106,GLOBAL,F,0.0,900000011,MATH 106,2023 Spr,2233,1,F,0.0,fail,0,30,gateway,algebra,2233,0,1,0,0,0,0,,,MATH 106,2235,pass,1,repeat,1,0,0,2257,2.0,2,all_attempts,immediate_next_course_family,course_sort_order,SDW STRM YYYT,1,MATH 106,MATH 106,1,repeat,Repeated Same Course,MATH 106 2023 Spr grade F; next=MATH 106; outcome=fail,1,1,900000011-path-1,MATH 220,forward_from_first_math,MATH 106,MATH 106 (Repeat 1),MATH 171,MATH 172,,,MATH 220,1,Completed/Persisted,2233,900000011: MATH 106 -> MATH 106 (Repeat 1) -> MATH 171 -> MATH 172 -> MATH 220
2235,2023 Summer Semester,2023 Sum,900000011,MATH,106,MATH 106,GLOBAL,C,2.0,900000011,MATH 106,2023 Sum,2235,2,C,2.0,pass,1,30,gateway,algebra,2233,1,2,1,1,0,1,MATH 106,2233,MATH 171,2237,pass,1,forward,1,0,0,2257,2.0,2,all_attempts,immediate_next_course_family,course_sort_order,SDW STRM YYYT,1,MATH 106,MATH 171,1,course,Advanced / Changed Course,MATH 106 2023 Sum grade C; next=MATH 171; outcome=pass,2,0,,,,,,,,,,,,,,
2237,2023 Fall Semester,2023 Fall,900000011,MATH,171,MATH 171,GLOBAL,C,2.0,900000011,MATH 171,2023 Fall,2237,1,C,2.0,pass,1,50,gateway,calculus,2233,2,3,2,1,0,0,MATH 106,2235,MATH 172,2243,withdraw,0,forward,1,0,0,2257,2.0,2,all_attempts,immediate_next_course_family,course_sort_order,SDW STRM YYYT,1,MATH 171,MATH 172,1,course,Advanced / Changed Course,MATH 171 2023 Fall grade C; next=MATH 172; outcome=pass,1,0,,,,,,,,,,,,,,
2243,2024 Spring Semester,2024 Spr,900000011,MATH,172,MATH 172,GLOBAL,W,,900000011,MATH 172,2024 Spr,2243,1,W,,withdraw,0,60,advanced,calculus,2233,3,4,3,1,0,0,MATH 171,2237,MATH 220,2245,pass,1,forward,1,0,0,2257,2.0,2,all_attempts,immediate_next_course_family,course_sort_order,SDW STRM YYYT,1,MATH 172,MATH 220,1,course,Advanced / Changed Course,MATH 172 2024 Spr grade W; next=MATH 220; outcome=withdraw,1,0,,,,,,,,,,,,,,
2245,2024 Summer Semester,2024 Sum,900000011,MATH,220,MATH 220,GLOBAL,C+,2.3,900000011,MATH 220,2024 Sum,2245,1,C+,2.3,pass,1,100,advanced,linear_algebra,2233,4,5,4,1,1,0,MATH 172,2243,,,,,terminal,,1,0,2257,2.0,2,all_attempts,immediate_next_course_family,course_sort_order,SDW STRM YYYT,1,MATH 220,No Further Course,1,target,No Further Course,MATH 220 2024 Sum grade C+; next=No Further Course; outcome=pass,1,0,,,,,,,,,,,,,,
2227,2022 Fall Semester,2022 Fall,900000012,MATH,103,MATH 103,TRIC,C+,2.3,900000012,MATH 103,2022 Fall,2227,1,C+,2.3,pass,1,20,gateway,algebra,2227,0,1,0,0,0,0,,,MATH 106,2233,fail,0,forward,1,0,0,2257,2.0,2,all_attempts,immediate_next_course_family,course_sort_order,SDW STRM YYYT,1,MATH 103,MATH 106,1,course,Advanced / Changed Course,MATH 103 2022 Fall grade C+; next=MATH 106; outcome=pass,1,1,900000012-path-1,MATH 220,forward_from_first_math,MATH 103,MATH 106,MATH 108,,,,MATH 220,1,Repeat/Stopout Risk,2227,900000012: MATH 103 -> MATH 106 -> MATH 108 -> MATH 220
2233,2023 Spring Semester,2023 Spr,900000012,MATH,106,MATH 106,TRIC,D,1.0,900000012,MATH 106,2023 Spr,2233,1,D,1.0,fail,0,30,gateway,algebra,2227,1,2,1,0,0,0,MATH 103,2227,MATH 108,2235,pass,1,forward,1,0,0,2257,2.0,2,all_attempts,immediate_next_course_family,course_sort_order,SDW STRM YYYT,1,MATH 106,MATH 108,1,course,Advanced / Changed Course,MATH 106 2023 Spr grade D; next=MATH 108; outcome=fail,1,0,,,,,,,,,,,,,,
2235,2023 Summer Semester,2023 Sum,900000012,MATH,108,MATH 108,TRIC,B-,2.7,900000012,MATH 108,2023 Sum,2235,1,B-,2.7,pass,1,40,gateway,business_quant,2227,2,3,2,1,0,0,MATH 106,2233,MATH 220,2243,fail,0,forward,2,0,0,2257,2.0,2,all_attempts,immediate_next_course_family,course_sort_order,SDW STRM YYYT,1,MATH 108,MATH 220,1,course,Advanced / Changed Course,MATH 108 2023 Sum grade B-; next=MATH 220; outcome=pass,1,0,,,,,,,,,,,,,,
2243,2024 Spring Semester,2024 Spr,900000012,MATH,220,MATH 220,TRIC,F,0.0,900000012,MATH 220,2024 Spr,2243,1,F,0.0,fail,0,100,advanced,linear_algebra,2227,4,4,3,1,0,0,MATH 108,2235,,,,,terminal,,1,0,2257,2.0,2,all_attempts,immediate_next_course_family,course_sort_order,SDW STRM YYYT,1,MATH 220,No Further Course,1,target,No Further Course,MATH 220 2024 Spr grade F; next=No Further Course; outcome=fail,1,0,,,,,,,,,,,,,,
2227,2022 Fall Semester,2022 Fall,900000013,MATH,171,MATH 171,PULLM,B,3.0,900000013,MATH 171,2022 Fall,2227,1,B,3.0,pass,1,50,gateway,calculus,2227,0,1,0,0,0,0,,,MATH 172,2235,withdraw,0,forward,2,0,0,2257,2.0,2,all_attempts,immediate_next_course_family,course_sort_order,SDW STRM YYYT,1,MATH 171,MATH 172,1,course,Advanced / Changed Course,MATH 171 2022 Fall grade B; next=MATH 172; outcome=pass,1,1,900000013-path-1,MATH 220,forward_from_first_math,MATH 171,MATH 172,MATH 216,,,,MATH 220,1,Repeat/Stopout Risk,2227,900000013: MATH 171 -> MATH 172 -> MATH 216 -> MATH 220
2235,2023 Summer Semester,2023 Sum,900000013,MATH,172,MATH 172,PULLM,W,,900000013,MATH 172,2023 Sum,2235,1,W,,withdraw,0,60,advanced,calculus,2227,2,2,1,0,0,0,MATH 171,2227,MATH 216,2237,pass,1,forward,1,0,0,2257,2.0,2,all_attempts,immediate_next_course_family,course_sort_order,SDW STRM YYYT,1,MATH 172,MATH 216,1,course,Advanced / Changed Course,MATH 172 2023 Sum grade W; next=MATH 216; outcome=withdraw,1,0,,,,,,,,,,,,,,
2237,2023 Fall Semester,2023 Fall,900000013,MATH,216,MATH 216,PULLM,B,3.0,900000013,MATH 216,2023 Fall,2237,1,B,3.0,pass,1,90,advanced,calculus,2227,3,3,2,0,1,0,MATH 172,2235,MATH 220,2243,fail,0,forward,1,0,0,2257,2.0,2,all_attempts,immediate_next_course_family,course_sort_order,SDW STRM YYYT,1,MATH 216,MATH 220,1,course,Advanced / Changed Course,MATH 216 2023 Fall grade B; next=MATH 220; outcome=pass,1,0,,,,,,,,,,,,,,
2243,2024 Spring Semester,2024 Spr,900000013,MATH,220,MATH 220,PULLM,F,0.0,900000013,MATH 220,2024 Spr,2243,1,F,0.0,fail,0,100,advanced,linear_algebra,2227,4,4,3,0,1,0,MATH 216,2237,,,,,terminal,,1,0,2257,2.0,2,all_attempts,immediate_next_course_family,course_sort_order,SDW STRM YYYT,1,MATH 220,No Further Course,1,target,No Further Course,MATH 220 2024 Spr grade F; next=No Further Course; outcome=fail,1,0,,,,,,,,,,,,,,
2227,2022 Fall Semester,2022 Fall,900000014,MATH,171,MATH 171,GLOBAL,W,,900000014,MATH 171,2022 Fall,2227,1,W,,withdraw,0,50,gateway,calculus,2227,0,1,0,0,0,0,,,MATH 172,2235,withdraw,0,forward,2,0,0,2257,2.0,2,all_attempts,immediate_next_course_family,course_sort_order,SDW STRM YYYT,1,MATH 171,MATH 172,1,course,Advanced / Changed Course,MATH 171 2022 Fall grade W; next=MATH 172; outcome=withdraw,1,1,900000014-path-1,MATH 220 (Repeat 1),forward_from_first_math,MATH 171,MATH 172,MATH 216,MATH 220,,,MATH 220 (Repeat 1),1,Repeat/Stopout Risk,2227,900000014: MATH 171 -> MATH 172 -> MATH 216 -> MATH 220 -> MATH 220 (Repeat 1)
2235,2023 Summer Semester,2023 Sum,900000014,MATH,172,MATH 172,GLOBAL,W,,900000014,MATH 172,2023 Sum,2235,1,W,,withdraw,0,60,advanced,calculus,2227,2,2,1,0,1,0,MATH 171,2227,MATH 216,2237,pass,1,forward,1,0,0,2257,2.0,2,all_attempts,immediate_next_course_family,course_sort_order,SDW STRM YYYT,1,MATH 172,MATH 216,1,course,Advanced / Changed Course,MATH 172 2023 Sum grade W; next=MATH 216; outcome=withdraw,1,0,,,,,,,,,,,,,,
2237,2023 Fall Semester,2023 Fall,900000014,MATH,216,MATH 216,GLOBAL,B-,2.7,900000014,MATH 216,2023 Fall,2237,1,B-,2.7,pass,1,90,advanced,calculus,2227,3,3,2,0,2,0,MATH 172,2235,MATH 220,2243,fail,0,forward,1,0,0,2257,2.0,2,all_attempts,immediate_next_course_family,course_sort_order,SDW STRM YYYT,1,MATH 216,MATH 220,1,course,Advanced / Changed Course,MATH 216 2023 Fall grade B-; next=MATH 220; outcome=pass,1,0,,,,,,,,,,,,,,
2243,2024 Spring Semester,2024 Spr,900000014,MATH,220,MATH 220,GLOBAL,C-,1.7,900000014,MATH 220,2024 Spr,2243,1,C-,1.7,fail,0,100,advanced,linear_algebra,2227,4,4,3,0,2,0,MATH 216,2237,MATH 220,2247,fail,0,repeat,2,0,0,2257,2.0,2,all_attempts,immediate_next_course_family,course_sort_order,SDW STRM YYYT,1,MATH 220,MATH 220,1,repeat,Repeated Same Course,MATH 220 2024 Spr grade C-; next=MATH 220; outcome=fail,1,0,,,,,,,,,,,,,,
2247,2024 Fall Semester,2024 Fall,900000014,MATH,220,MATH 220,GLOBAL,C-,1.7,900000014,MATH 220,2024 Fall,2247,2,C-,1.7,fail,0,100,advanced,linear_algebra,2227,6,5,4,1,2,1,MATH 220,2243,,,,,terminal,,1,0,2257,2.0,2,all_attempts,immediate_next_course_family,course_sort_order,SDW STRM YYYT,1,MATH 220,No Further Course,1,target,No Further Course,MATH 220 2024 Fall grade C-; next=No Further Course; outcome=fail,2,0,,,,,,,,,,,,,,
2227,2022 Fall Semester,2022 Fall,900000015,MATH,100,MATH 100,GLOBAL,A,4.0,900000015,MATH 100,2022 Fall,2227,1,A,4.0,pass,1,10,developmental,algebra,2227,0,1,0,0,0,0,,,MATH 103,2233,fail,0,forward,1,0,0,2257,2.0,2,all_attempts,immediate_next_course_family,course_sort_order,SDW STRM YYYT,1,MATH 100,MATH 103,1,course,Advanced / Changed Course,MATH 100 2022 Fall grade A; next=MATH 103; outcome=pass,1,1,900000015-path-1,MATH 171,forward_from_first_math,MATH 100,MATH 103,MATH 103 (Repeat 1),MATH 106,,,MATH 171,1,Completed/Persisted,2227,900000015: MATH 100 -> MATH 103 -> MATH 103 (Repeat 1) -> MATH 106 -> MATH 171
2233,2023 Spring Semester,2023 Spr,900000015,MATH,103,MATH 103,GLOBAL,C-,1.7,900000015,MATH 103,2023 Spr,2233,1,C-,1.7,fail,0,20,gateway,algebra,2227,1,2,1,0,0,0,MATH 100,2227,MATH 103,2235,pass,1,repeat,1,0,0,2257,2.0,2,all_attempts,immediate_next_course_family,course_sort_order,SDW STRM YYYT,1,MATH 103,MATH 103,1,repeat,Repeated Same Course,MATH 103 2023 Spr grade C-; next=MATH 103; outcome=fail,1,0,,,,,,,,,,,,,,
2235,2023 Summer Semester,2023 Sum,900000015,MATH,103,MATH 103,GLOBAL,B+,3.3,900000015,MATH 103,2023 Sum,2235,2,B+,3.3,pass,1,20,gateway,algebra,2227,2,3,2,1,0,1,MATH 103,2233,MATH 106,2237,fail,0,forward,1,0,0,2257,2.0,2,all_attempts,immediate_next_course_family,course_sort_order,SDW STRM YYYT,1,MATH 103,MATH 106,1,course,Advanced / Changed Course,MATH 103 2023 Sum grade B+; next=MATH 106; outcome=pass,2,0,,,,,,,,,,,,,,
2237,2023 Fall Semester,2023 Fall,900000015,MATH,106,MATH 106,GLOBAL,F,0.0,900000015,MATH 106,2023 Fall,2237,1,F,0.0,fail,0,30,gateway,algebra,2227,3,4,3,1,0,0,MATH 103,2235,MATH 171,2243,pass,1,forward,1,0,0,2257,2.0,2,all_attempts,immediate_next_course_family,course_sort_order,SDW STRM YYYT,1,MATH 106,MATH 171,1,course,Advanced / Changed Course,MATH 106 2023 Fall grade F; next=MATH 171; outcome=fail,1,0,,,,,,,,,,,,,,
2243,2024 Spring Semester,2024 Spr,900000015,MATH,171,MATH 171,GLOBAL,C+,2.3,900000015,MATH 171,2024 Spr,2243,1,C+,2.3,pass,1,50,gateway,calculus,2227,4,5,4,2,0,0,MATH 106,2237,,,,,terminal,,1,0,2257,2.0,2,all_attempts,immediate_next_course_family,course_sort_order,SDW STRM YYYT,1,MATH 171,No Further Course,1,course,No Further Course,MATH 171 2024 Spr grade C+; next=No Further Course; outcome=pass,1,0,,,,,,,,,,,,,,
2235,2023 Summer Semester,2023 Sum,900000016,MATH,171,MATH 171,VANCO,W,,900000016,MATH 171,2023 Sum,2235,1,W,,withdraw,0,50,gateway,calculus,2235,0,1,0,0,0,0,,,MATH 171,2237,pass,1,repeat,1,0,0,2257,2.0,2,all_attempts,immediate_next_course_family,course_sort_order,SDW STRM YYYT,1,MATH 171,MATH 171,1,repeat,Repeated Same Course,MATH 171 2023 Sum grade W; next=MATH 171; outcome=withdraw,1,1,900000016-path-1,MATH 220,forward_from_first_math,MATH 171,MATH 171 (Repeat 1),MATH 172,MATH 172 (Repeat 1),MATH 216,,MATH 220,1,Completed/Persisted,2235,900000016: MATH 171 -> MATH 171 (Repeat 1) -> MATH 172 -> MATH 172 (Repeat 1) -> MATH 216 -> MATH 220
2237,2023 Fall Semester,2023 Fall,900000016,MATH,171,MATH 171,VANCO,B-,2.7,900000016,MATH 171,2023 Fall,2237,2,B-,2.7,pass,1,50,gateway,calculus,2235,1,2,1,0,1,1,MATH 171,2235,MATH 172,2243,fail,0,forward,1,0,0,2257,2.0,2,all_attempts,immediate_next_course_family,course_sort_order,SDW STRM YYYT,1,MATH 171,MATH 172,1,course,Advanced / Changed Course,MATH 171 2023 Fall grade B-; next=MATH 172; outcome=pass,2,0,,,,,,,,,,,,,,
2243,2024 Spring Semester,2024 Spr,900000016,MATH,172,MATH 172,VANCO,F,0.0,900000016,MATH 172,2024 Spr,2243,1,F,0.0,fail,0,60,advanced,calculus,2235,2,3,2,0,1,0,MATH 171,2237,MATH 172,2245,fail,0,repeat,1,0,0,2257,2.0,2,all_attempts,immediate_next_course_family,course_sort_order,SDW STRM YYYT,1,MATH 172,MATH 172,1,repeat,Repeated Same Course,MATH 172 2024 Spr grade F; next=MATH 172; outcome=fail,1,0,,,,,,,,,,,,,,
2245,2024 Summer Semester,2024 Sum,900000016,MATH,172,MATH 172,VANCO,D,1.0,900000016,MATH 172,2024 Sum,2245,2,D,1.0,fail,0,60,advanced,calculus,2235,3,4,3,1,1,1,MATH 172,2243,MATH 216,2247,pass,1,forward,1,0,0,2257,2.0,2,all_attempts,immediate_next_course_family,course_sort_order,SDW STRM YYYT,1,MATH 172,MATH 216,1,course,Advanced / Changed Course,MATH 172 2024 Sum grade D; next=MATH 216; outcome=fail,2,0,,,,,,,,,,,,,,
2247,2024 Fall Semester,2024 Fall,900000016,MATH,216,MATH 216,VANCO,A,4.0,900000016,MATH 216,2024 Fall,2247,1,A,4.0,pass,1,90,advanced,calculus,2235,4,5,4,2,1,0,MATH 172,2245,MATH 220,2253,pass,1,forward,1,0,0,2257,2.0,2,all_attempts,immediate_next_course_family,course_sort_order,SDW STRM YYYT,1,MATH 216,MATH 220,1,course,Advanced / Changed Course,MATH 216 2024 Fall grade A; next=MATH 220; outcome=pass,1,0,,,,,,,,,,,,,,
2253,2025 Spring Semester,2025 Spr,900000016,MATH,220,MATH 220,VANCO,B,3.0,900000016,MATH 220,2025 Spr,2253,1,B,3.0,pass,1,100,advanced,linear_algebra,2235,5,6,5,2,1,0,MATH 216,2247,,,,,terminal,,0,1,2257,2.0,2,all_attempts,immediate_next_course_family,course_sort_order,SDW STRM YYYT,0,MATH 220,,1,target,Censored Recent Term,MATH 220 2025 Spr grade B; next=censored; outcome=pass,1,0,,,,,,,,,,,,,,
2233,2023 Spring Semester,2023 Spr,900000017,MATH,171,MATH 171,VANCO,D+,1.3,900000017,MATH 171,2023 Spr,2233,1,D+,1.3,fail,0,50,gateway,calculus,2233,0,1,0,0,0,0,,,MATH 172,2235,pass,1,forward,1,0,0,2257,2.0,2,all_attempts,immediate_next_course_family,course_sort_order,SDW STRM YYYT,1,MATH 171,MATH 172,1,course,Advanced / Changed Course,MATH 171 2023 Spr grade D+; next=MATH 172; outcome=fail,1,1,900000017-path-1,MATH 220,forward_from_first_math,MATH 171,MATH 172,MATH 216,,,,MATH 220,1,Completed/Persisted,2233,900000017: MATH 171 -> MATH 172 -> MATH 216 -> MATH 220
2235,2023 Summer Semester,2023 Sum,900000017,MATH,172,MATH 172,VANCO,A-,3.7,900000017,MATH 172,2023 Sum,2235,1,A-,3.7,pass,1,60,advanced,calculus,2233,1,2,1,1,0,0,MATH 171,2233,MATH 216,2237,fail,0,forward,1,0,0,2257,2.0,2,all_attempts,immediate_next_course_family,course_sort_order,SDW STRM YYYT,1,MATH 172,MATH 216,1,course,Advanced / Changed Course,MATH 172 2023 Sum grade A-; next=MATH 216; outcome=pass,1,0,,,,,,,,,,,,,,
2237,2023 Fall Semester,2023 Fall,900000017,MATH,216,MATH 216,VANCO,D,1.0,900000017,MATH 216,2023 Fall,2237,1,D,1.0,fail,0,90,advanced,calculus,2233,2,3,2,1,0,0,MATH 172,2235,MATH 220,2243,pass,1,forward,1,0,0,2257,2.0,2,all_attempts,immediate_next_course_family,course_sort_order,SDW STRM YYYT,1,MATH 216,MATH 220,1,course,Advanced / Changed Course,MATH 216 2023 Fall grade D; next=MATH 220; outcome=fail,1,0,,,,,,,,,,,,,,
2243,2024 Spring Semester,2024 Spr,900000017,MATH,220,MATH 220,VANCO,A,4.0,900000017,MATH 220,2024 Spr,2243,1,A,4.0,pass,1,100,advanced,linear_algebra,2233,3,4,3,2,0,0,MATH 216,2237,,,,,terminal,,1,0,2257,2.0,2,all_attempts,immediate_next_course_family,course_sort_order,SDW STRM YYYT,1,MATH 220,No Further Course,1,target,No Further Course,MATH 220 2024 Spr grade A; next=No Further Course; outcome=pass,1,0,,,,,,,,,,,,,,
2227,2022 Fall Semester,2022 Fall,900000018,MATH,201,MATH 201,PULLM,C-,1.7,900000018,MATH 201,2022 Fall,2227,1,C-,1.7,fail,0,70,advanced,quantitative_reasoning,2227,0,1,0,0,0,0,,,MATH 202,2233,fail,0,forward,1,0,0,2257,2.0,2,all_attempts,immediate_next_course_family,course_sort_order,SDW STRM YYYT,1,MATH 201,MATH 202,1,course,Advanced / Changed Course,MATH 201 2022 Fall grade C-; next=MATH 202; outcome=fail,1,1,900000018-path-1,MATH 220,forward_from_first_math,MATH 201,MATH 202,MATH 202 (Repeat 1),,,,MATH 220,1,Repeat/Stopout Risk,2227,900000018: MATH 201 -> MATH 202 -> MATH 202 (Repeat 1) -> MATH 220
2233,2023 Spring Semester,2023 Spr,900000018,MATH,202,MATH 202,PULLM,C-,1.7,900000018,MATH 202,2023 Spr,2233,1,C-,1.7,fail,0,80,advanced,quantitative_reasoning,2227,1,2,1,1,0,0,MATH 201,2227,MATH 202,2235,pass,1,repeat,1,0,0,2257,2.0,2,all_attempts,immediate_next_course_family,course_sort_order,SDW STRM YYYT,1,MATH 202,MATH 202,1,repeat,Repeated Same Course,MATH 202 2023 Spr grade C-; next=MATH 202; outcome=fail,1,0,,,,,,,,,,,,,,
2235,2023 Summer Semester,2023 Sum,900000018,MATH,202,MATH 202,PULLM,C+,2.3,900000018,MATH 202,2023 Sum,2235,2,C+,2.3,pass,1,80,advanced,quantitative_reasoning,2227,2,3,2,2,0,1,MATH 202,2233,MATH 220,2237,fail,0,forward,1,0,0,2257,2.0,2,all_attempts,immediate_next_course_family,course_sort_order,SDW STRM YYYT,1,MATH 202,MATH 220,1,course,Advanced / Changed Course,MATH 202 2023 Sum grade C+; next=MATH 220; outcome=pass,2,0,,,,,,,,,,,,,,
2237,2023 Fall Semester,2023 Fall,900000018,MATH,220,MATH 220,PULLM,C-,1.7,900000018,MATH 220,2023 Fall,2237,1,C-,1.7,fail,0,100,advanced,linear_algebra,2227,3,4,3,2,0,0,MATH 202,2235,,,,,terminal,,1,0,2257,2.0,2,all_attempts,immediate_next_course_family,course_sort_order,SDW STRM YYYT,1,MATH 220,No Further Course,1,target,No Further Course,MATH 220 2023 Fall grade C-; next=No Further Course; outcome=fail,1,0,,,,,,,,,,,,,,
2233,2023 Spring Semester,2023 Spr,900000019,MATH,103,MATH 103,VANCO,F,0.0,900000019,MATH 103,2023 Spr,2233,1,F,0.0,fail,0,20,gateway,algebra,2233,0,1,0,0,0,0,,,MATH 103,2235,pass,1,repeat,1,0,0,2257,2.0,2,all_attempts,immediate_next_course_family,course_sort_order,SDW STRM YYYT,1,MATH 103,MATH 103,1,repeat,Repeated Same Course,MATH 103 2023 Spr grade F; next=MATH 103; outcome=fail,1,1,900000019-path-1,MATH 172,forward_from_first_math,MATH 103,MATH 103 (Repeat 1),MATH 106,MATH 171,,,MATH 172,1,Completed/Persisted,2233,900000019: MATH 103 -> MATH 103 (Repeat 1) -> MATH 106 -> MATH 171 -> MATH 172
2235,2023 Summer Semester,2023 Sum,900000019,MATH,103,MATH 103,VANCO,B,3.0,900000019,MATH 103,2023 Sum,2235,2,B,3.0,pass,1,20,gateway,algebra,2233,1,2,1,1,0,1,MATH 103,2233,MATH 106,2237,pass,1,forward,1,0,0,2257,2.0,2,all_attempts,immediate_next_course_family,course_sort_order,SDW STRM YYYT,1,MATH 103,MATH 106,1,course,Advanced / Changed Course,MATH 103 2023 Sum grade B; next=MATH 106; outcome=pass,2,0,,,,,,,,,,,,,,
2237,2023 Fall Semester,2023 Fall,900000019,MATH,106,MATH 106,VANCO,A,4.0,900000019,MATH 106,2023 Fall,2237,1,A,4.0,pass,1,30,gateway,algebra,2233,2,3,2,1,0,0,MATH 103,2235,MATH 171,2243,pass,1,forward,1,0,0,2257,2.0,2,all_attempts,immediate_next_course_family,course_sort_order,SDW STRM YYYT,1,MATH 106,MATH 171,1,course,Advanced / Changed Course,MATH 106 2023 Fall grade A; next=MATH 171; outcome=pass,1,0,,,,,,,,,,,,,,
2243,2024 Spring Semester,2024 Spr,900000019,MATH,171,MATH 171,VANCO,C,2.0,900000019,MATH 171,2024 Spr,2243,1,C,2.0,pass,1,50,gateway,calculus,2233,3,4,3,1,0,0,MATH 106,2237,MATH 172,2247,pass,1,forward,2,0,0,2257,2.0,2,all_attempts,immediate_next_course_family,course_sort_order,SDW STRM YYYT,1,MATH 171,MATH 172,1,course,Advanced / Changed Course,MATH 171 2024 Spr grade C; next=MATH 172; outcome=pass,1,0,,,,,,,,,,,,,,
2247,2024 Fall Semester,2024 Fall,900000019,MATH,172,MATH 172,VANCO,B-,2.7,900000019,MATH 172,2024 Fall,2247,1,B-,2.7,pass,1,60,advanced,calculus,2233,5,5,4,1,0,0,MATH 171,2243,,,,,terminal,,1,0,2257,2.0,2,all_attempts,immediate_next_course_family,course_sort_order,SDW STRM YYYT,1,MATH 172,No Further Course,1,course,No Further Course,MATH 172 2024 Fall grade B-; next=No Further Course; outcome=pass,1,0,,,,,,,,,,,,,,
2227,2022 Fall Semester,2022 Fall,900000020,MATH,100,MATH 100,GLOBAL,C-,1.7,900000020,MATH 100,2022 Fall,2227,1,C-,1.7,fail,0,10,developmental,algebra,2227,0,1,0,0,0,0,,,MATH 103,2233,withdraw,0,forward,1,0,0,2257,2.0,2,all_attempts,immediate_next_course_family,course_sort_order,SDW STRM YYYT,1,MATH 100,MATH 103,1,course,Advanced / Changed Course,MATH 100 2022 Fall grade C-; next=MATH 103; outcome=fail,1,1,900000020-path-1,MATH 171 (Repeat 1),forward_from_first_math,MATH 100,MATH 103,MATH 106,MATH 171,,,MATH 171 (Repeat 1),1,Completed/Persisted,2227,900000020: MATH 100 -> MATH 103 -> MATH 106 -> MATH 171 -> MATH 171 (Repeat 1)
2233,2023 Spring Semester,2023 Spr,900000020,MATH,103,MATH 103,GLOBAL,W,,900000020,MATH 103,2023 Spr,2233,1,W,,withdraw,0,20,gateway,algebra,2227,1,2,1,1,0,0,MATH 100,2227,MATH 106,2235,pass,1,forward,1,0,0,2257,2.0,2,all_attempts,immediate_next_course_family,course_sort_order,SDW STRM YYYT,1,MATH 103,MATH 106,1,course,Advanced / Changed Course,MATH 103 2023 Spr grade W; next=MATH 106; outcome=withdraw,1,0,,,,,,,,,,,,,,
2235,2023 Summer Semester,2023 Sum,900000020,MATH,106,MATH 106,GLOBAL,C,2.0,900000020,MATH 106,2023 Sum,2235,1,C,2.0,pass,1,30,gateway,algebra,2227,2,3,2,1,1,0,MATH 103,2233,MATH 171,2237,fail,0,forward,1,0,0,2257,2.0,2,all_attempts,immediate_next_course_family,course_sort_order,SDW STRM YYYT,1,MATH 106,MATH 171,1,course,Advanced / Changed Course,MATH 106 2023 Sum grade C; next=MATH 171; outcome=pass,1,0,,,,,,,,,,,,,,
2237,2023 Fall Semester,2023 Fall,900000020,MATH,171,MATH 171,GLOBAL,F,0.0,900000020,MATH 171,2023 Fall,2237,1,F,0.0,fail,0,50,gateway,calculus,2227,3,4,3,1,1,0,MATH 106,2235,MATH 171,2245,pass,1,repeat,2,0,0,2257,2.0,2,all_attempts,immediate_next_course_family,course_sort_order,SDW STRM YYYT,1,MATH 171,MATH 171,1,repeat,Repeated Same Course,MATH 171 2023 Fall grade F; next=MATH 171; outcome=fail,1,0,,,,,,,,,,,,,,
2245,2024 Summer Semester,2024 Sum,900000020,MATH,171,MATH 171,GLOBAL,A,4.0,900000020,MATH 171,2024 Sum,2245,2,A,4.0,pass,1,50,gateway,calculus,2227,5,5,4,2,1,1,MATH 171,2237,,,,,terminal,,1,0,2257,2.0,2,all_attempts,immediate_next_course_family,course_sort_order,SDW STRM YYYT,1,MATH 171,No Further Course,1,course,No Further Course,MATH 171 2024 Sum grade A; next=No Further Course; outcome=pass,2,0,,,,,,,,,,,,,,
2235,2023 Summer Semester,2023 Sum,900000021,MATH,201,MATH 201,VANCO,A-,3.7,900000021,MATH 201,2023 Sum,2235,1,A-,3.7,pass,1,70,advanced,quantitative_reasoning,2235,0,1,0,0,0,0,,,MATH 202,2237,pass,1,forward,1,0,0,2257,2.0,2,all_attempts,immediate_next_course_family,course_sort_order,SDW STRM YYYT,1,MATH 201,MATH 202,1,course,Advanced / Changed Course,MATH 201 2023 Sum grade A-; next=MATH 202; outcome=pass,1,1,900000021-path-1,MATH 220,forward_from_first_math,MATH 201,MATH 202,,,,,MATH 220,1,Completed/Persisted,2235,900000021: MATH 201 -> MATH 202 -> MATH 220
2237,2023 Fall Semester,2023 Fall,900000021,MATH,202,MATH 202,VANCO,B+,3.3,900000021,MATH 202,2023 Fall,2237,1,B+,3.3,pass,1,80,advanced,quantitative_reasoning,2235,1,2,1,0,0,0,MATH 201,2235,MATH 220,2245,pass,1,forward,2,0,0,2257,2.0,2,all_attempts,immediate_next_course_family,course_sort_order,SDW STRM YYYT,1,MATH 202,MATH 220,1,course,Advanced / Changed Course,MATH 202 2023 Fall grade B+; next=MATH 220; outcome=pass,1,0,,,,,,,,,,,,,,
2245,2024 Summer Semester,2024 Sum,900000021,MATH,220,MATH 220,VANCO,B-,2.7,900000021,MATH 220,2024 Sum,2245,1,B-,2.7,pass,1,100,advanced,linear_algebra,2235,3,3,2,0,0,0,MATH 202,2237,,,,,terminal,,1,0,2257,2.0,2,all_attempts,immediate_next_course_family,course_sort_order,SDW STRM YYYT,1,MATH 220,No Further Course,1,target,No Further Course,MATH 220 2024 Sum grade B-; next=No Further Course; outcome=pass,1,0,,,,,,,,,,,,,,
2235,2023 Summer Semester,2023 Sum,900000022,MATH,106,MATH 106,VANCO,W,,900000022,MATH 106,2023 Sum,2235,1,W,,withdraw,0,30,gateway,algebra,2235,0,1,0,0,0,0,,,MATH 106,2237,pass,1,repeat,1,0,0,2257,2.0,2,all_attempts,immediate_next_course_family,course_sort_order,SDW STRM YYYT,1,MATH 106,MATH 106,1,repeat,Repeated Same Course,MATH 106 2023 Sum grade W; next=MATH 106; outcome=withdraw,1,1,900000022-path-1,MATH 171 (Repeat 1),forward_from_first_math,MATH 106,MATH 106 (Repeat 1),MATH 171,,,,MATH 171 (Repeat 1),1,Completed/Persisted,2235,900000022: MATH 106 -> MATH 106 (Repeat 1) -> MATH 171 -> MATH 171 (Repeat 1)
2237,2023 Fall Semester,2023 Fall,900000022,MATH,106,MATH 106,VANCO,B-,2.7,900000022,MATH 106,2023 Fall,2237,2,B-,2.7,pass,1,30,gateway,algebra,2235,1,2,1,0,1,1,MATH 106,2235,MATH 171,2245,fail,0,forward,2,0,0,2257,2.0,2,all_attempts,immediate_next_course_family,course_sort_order,SDW STRM YYYT,1,MATH 106,MATH 171,1,course,Advanced / Changed Course,MATH 106 2023 Fall grade B-; next=MATH 171; outcome=pass,2,0,,,,,,,,,,,,,,
2245,2024 Summer Semester,2024 Sum,900000022,MATH,171,MATH 171,VANCO,C-,1.7,900000022,MATH 171,2024 Sum,2245,1,C-,1.7,fail,0,50,gateway,calculus,2235,3,3,2,0,1,0,MATH 106,2237,MATH 171,2247,pass,1,repeat,1,0,0,2257,2.0,2,all_attempts,immediate_next_course_family,course_sort_order,SDW STRM YYYT,1,MATH 171,MATH 171,1,repeat,Repeated Same Course,MATH 171 2024 Sum grade C-; next=MATH 171; outcome=fail,1,0,,,,,,,,,,,,,,
2247,2024 Fall Semester,2024 Fall,900000022,MATH,171,MATH 171,VANCO,A-,3.7,900000022,MATH 171,2024 Fall,2247,2,A-,3.7,pass,1,50,gateway,calculus,2235,4,4,3,1,1,1,MATH 171,2245,,,,,terminal,,1,0,2257,2.0,2,all_attempts,immediate_next_course_family,course_sort_order,SDW STRM YYYT,1,MATH 171,No Further Course,1,course,No Further Course,MATH 171 2024 Fall grade A-; next=No Further Course; outcome=pass,2,0,,,,,,,,,,,,,,
2233,2023 Spring Semester,2023 Spr,900000023,MATH,171,MATH 171,PULLM,F,0.0,900000023,MATH 171,2023 Spr,2233,1,F,0.0,fail,0,50,gateway,calculus,2233,0,1,0,0,0,0,,,MATH 172,2235,withdraw,0,forward,1,0,0,2257,2.0,2,all_attempts,immediate_next_course_family,course_sort_order,SDW STRM YYYT,1,MATH 171,MATH 172,1,course,Advanced / Changed Course,MATH 171 2023 Spr grade F; next=MATH 172; outcome=fail,1,1,900000023-path-1,MATH 220,forward_from_first_math,MATH 171,MATH 172,MATH 172 (Repeat 1),MATH 216,MATH 216 (Repeat 1),,MATH 220,1,Completed/Persisted,2233,900000023: MATH 171 -> MATH 172 -> MATH 172 (Repeat 1) -> MATH 216 -> MATH 216 (Repeat 1) -> MATH 220
2235,2023 Summer Semester,2023 Sum,900000023,MATH,172,MATH 172,PULLM,W,,900000023,MATH 172,2023 Sum,2235,1,W,,withdraw,0,60,advanced,calculus,2233,1,2,1,1,0,0,MATH 171,2233,MATH 172,2243,pass,1,repeat,2,0,0,2257,2.0,2,all_attempts,immediate_next_course_family,course_sort_order,SDW STRM YYYT,1,MATH 172,MATH 172,1,repeat,Repeated Same Course,MATH 172 2023 Sum grade W; next=MATH 172; outcome=withdraw,1,0,,,,,,,,,,,,,,
2243,2024 Spring Semester,2024 Spr,900000023,MATH,172,MATH 172,PULLM,B+,3.3,900000023,MATH 172,2024 Spr,2243,2,B+,3.3,pass,1,60,advanced,calculus,2233,3,3,2,1,1,1,MATH 172,2235,MATH 216,2245,withdraw,0,forward,1,0,0,2257,2.0,2,all_attempts,immediate_next_course_family,course_sort_order,SDW STRM YYYT,1,MATH 172,MATH 216,1,course,Advanced / Changed Course,MATH 172 2024 Spr grade B+; next=MATH 216; outcome=pass,2,0,,,,,,,,,,,,,,
2245,2024 Summer Semester,2024 Sum,900000023,MATH,216,MATH 216,PULLM,W,,900000023,MATH 216,2024 Sum,2245,1,W,,withdraw,0,90,advanced,calculus,2233,4,4,3,1,1,0,MATH 172,2243,MATH 216,2247,withdraw,0,repeat,1,0,0,2257,2.0,2,all_attempts,immediate_next_course_family,course_sort_order,SDW STRM YYYT,1,MATH 216,MATH 216,1,repeat,Repeated Same Course,MATH 216 2024 Sum grade W; next=MATH 216; outcome=withdraw,1,0,,,,,,,,,,,,,,
2247,2024 Fall Semester,2024 Fall,900000023,MATH,216,MATH 216,PULLM,W,,900000023,MATH 216,2024 Fall,2247,2,W,,withdraw,0,90,advanced,calculus,2233,5,5,4,1,2,1,MATH 216,2245,MATH 220,2253,pass,1,forward,1,0,0,2257,2.0,2,all_attempts,immediate_next_course_family,course_sort_order,SDW STRM YYYT,1,MATH 216,MATH 220,1,course,Advanced / Changed Course,MATH 216 2024 Fall grade W; next=MATH 220; outcome=withdraw,2,0,,,,,,,,,,,,,,
2253,2025 Spring Semester,2025 Spr,900000023,MATH,220,MATH 220,PULLM,B,3.0,900000023,MATH 220,2025 Spr,2253,1,B,3.0,pass,1,100,advanced,linear_algebra,2233,6,6,5,1,3,0,MATH 216,2247,,,,,terminal,,0,1,2257,2.0,2,all_attempts,immediate_next_course_family,course_sort_order,SDW STRM YYYT,0,MATH 220,,1,target,Censored Recent Term,MATH 220 2025 Spr grade B; next=censored; outcome=pass,1,0,,,,,,,,,,,,,,
2227,2022 Fall Semester,2022 Fall,900000024,MATH,220,MATH 220,TRIC,F,0.0,900000024,MATH 220,2022 Fall,2227,1,F,0.0,fail,0,100,advanced,linear_algebra,2227,0,1,0,0,0,0,,,,,,,terminal,,1,0,2257,2.0,2,all_attempts,immediate_next_course_family,course_sort_order,SDW STRM YYYT,1,MATH 220,No Further Course,1,target,No Further Course,MATH 220 2022 Fall grade F; next=No Further Course; outcome=fail,1,1,900000024-path-1,No Further Course,forward_from_first_math,MATH 220,,,,,,No Further Course,1,Repeat/Stopout Risk,2227,900000024: MATH 220 -> No Further Course
2233,2023 Spring Semester,2023 Spr,900000025,MATH,201,MATH 201,PULLM,D+,1.3,900000025,MATH 201,2023 Spr,2233,1,D+,1.3,fail,0,70,advanced,quantitative_reasoning,2233,0,1,0,0,0,0,,,MATH 201,2235,fail,0,repeat,1,0,0,2257,2.0,2,all_attempts,immediate_next_course_family,course_sort_order,SDW STRM YYYT,1,MATH 201,MATH 201,1,repeat,Repeated Same Course,MATH 201 2023 Spr grade D+; next=MATH 201; outcome=fail,1,1,900000025-path-1,MATH 220,forward_from_first_math,MATH 201,MATH 201 (Repeat 1),MATH 202,,,,MATH 220,1,Completed/Persisted,2233,900000025: MATH 201 -> MATH 201 (Repeat 1) -> MATH 202 -> MATH 220
2235,2023 Summer Semester,2023 Sum,900000025,MATH,201,MATH 201,PULLM,D+,1.3,900000025,MATH 201,2023 Sum,2235,2,D+,1.3,fail,0,70,advanced,quantitative_reasoning,2233,1,2,1,1,0,1,MATH 201,2233,MATH 202,2243,fail,0,forward,2,0,0,2257,2.0,2,all_attempts,immediate_next_course_family,course_sort_order,SDW STRM YYYT,1,MATH 201,MATH 202,1,course,Advanced / Changed Course,MATH 201 2023 Sum grade D+; next=MATH 202; outcome=fail,2,0,,,,,,,,,,,,,,
2243,2024 Spring Semester,2024 Spr,900000025,MATH,202,MATH 202,PULLM,F,0.0,900000025,MATH 202,2024 Spr,2243,1,F,0.0,fail,0,80,advanced,quantitative_reasoning,2233,3,3,2,2,0,0,MATH 201,2235,MATH 220,2245,pass,1,forward,1,0,0,2257,2.0,2,all_attempts,immediate_next_course_family,course_sort_order,SDW STRM YYYT,1,MATH 202,MATH 220,1,course,Advanced / Changed Course,MATH 202 2024 Spr grade F; next=MATH 220; outcome=fail,1,0,,,,,,,,,,,,,,
2245,2024 Summer Semester,2024 Sum,900000025,MATH,220,MATH 220,PULLM,A,4.0,900000025,MATH 220,2024 Sum,2245,1,A,4.0,pass,1,100,advanced,linear_algebra,2233,4,4,3,3,0,0,MATH 202,2243,,,,,terminal,,1,0,2257,2.0,2,all_attempts,immediate_next_course_family,course_sort_order,SDW STRM YYYT,1,MATH 220,No Further Course,1,target,No Further Course,MATH 220 2024 Sum grade A; next=No Further Course; outcome=pass,1,0,,,,,,,,,,,,,,
2235,2023 Summer Semester,2023 Sum,900000026,MATH,201,MATH 201,PULLM,A,4.0,900000026,MATH 201,2023 Sum,2235,1,A,4.0,pass,1,70,advanced,quantitative_reasoning,2235,0,1,0,0,0,0,,,MATH 202,2237,fail,0,forward,1,0,0,2257,2.0,2,all_attempts,immediate_next_course_family,course_sort_order,SDW STRM YYYT,1,MATH 201,MATH 202,1,course,Advanced / Changed Course,MATH 201 2023 Sum grade A; next=MATH 202; outcome=pass,1,1,900000026-path-1,MATH 220 (Repeat 1),forward_from_first_math,MATH 201,MATH 202,MATH 220,,,,MATH 220 (Repeat 1),1,Completed/Persisted,2235,900000026: MATH 201 -> MATH 202 -> MATH 220 -> MATH 220 (Repeat 1)
2237,2023 Fall Semester,2023 Fall,900000026,MATH,202,MATH 202,PULLM,D+,1.3,900000026,MATH 202,2023 Fall,2237,1,D+,1.3,fail,0,80,advanced,quantitative_reasoning,2235,1,2,1,0,0,0,MATH 201,2235,MATH 220,2243,fail,0,forward,1,0,0,2257,2.0,2,all_attempts,immediate_next_course_family,course_sort_order,SDW STRM YYYT,1,MATH 202,MATH 220,1,course,Advanced / Changed Course,MATH 202 2023 Fall grade D+; next=MATH 220; outcome=fail,1,0,,,,,,,,,,,,,,
2243,2024 Spring Semester,2024 Spr,900000026,MATH,220,MATH 220,PULLM,D,1.0,900000026,MATH 220,2024 Spr,2243,1,D,1.0,fail,0,100,advanced,linear_algebra,2235,2,3,2,1,0,0,MATH 202,2237,MATH 220,2247,pass,1,repeat,2,0,0,2257,2.0,2,all_attempts,immediate_next_course_family,course_sort_order,SDW STRM YYYT,1,MATH 220,MATH 220,1,repeat,Repeated Same Course,MATH 220 2024 Spr grade D; next=MATH 220; outcome=fail,1,0,,,,,,,,,,,,,,
2247,2024 Fall Semester,2024 Fall,900000026,MATH,220,MATH 220,PULLM,A-,3.7,900000026,MATH 220,2024 Fall,2247,2,A-,3.7,pass,1,100,advanced,linear_algebra,2235,4,4,3,2,0,1,MATH 220,2243,,,,,terminal,,1,0,2257,2.0,2,all_attempts,immediate_next_course_family,course_sort_order,SDW STRM YYYT,1,MATH 220,No Further Course,1,target,No Further Course,MATH 220 2024 Fall grade A-; next=No Further Course; outcome=pass,2,0,,,,,,,,,,,,,,
2227,2022 Fall Semester,2022 Fall,900000027,MATH,201,MATH 201,PULLM,D,1.0,900000027,MATH 201,2022 Fall,2227,1,D,1.0,fail,0,70,advanced,quantitative_reasoning,2227,0,1,0,0,0,0,,,MATH 201,2233,pass,1,repeat,1,0,0,2257,2.0,2,all_attempts,immediate_next_course_family,course_sort_order,SDW STRM YYYT,1,MATH 201,MATH 201,1,repeat,Repeated Same Course,MATH 201 2022 Fall grade D; next=MATH 201; outcome=fail,1,1,900000027-path-1,MATH 220 (Repeat 1),forward_from_first_math,MATH 201,MATH 201 (Repeat 1),MATH 202,MATH 220,,,MATH 220 (Repeat 1),1,Repeat/Stopout Risk,2227,900000027: MATH 201 -> MATH 201 (Repeat 1) -> MATH 202 -> MATH 220 -> MATH 220 (Repeat 1)
2233,2023 Spring Semester,2023 Spr,900000027,MATH,201,MATH 201,PULLM,C,2.0,900000027,MATH 201,2023 Spr,2233,2,C,2.0,pass,1,70,advanced,quantitative_reasoning,2227,1,2,1,1,0,1,MATH 201,2227,MATH 202,2235,fail,0,forward,1,0,0,2257,2.0,2,all_attempts,immediate_next_course_family,course_sort_order,SDW STRM YYYT,1,MATH 201,MATH 202,1,course,Advanced / Changed Course,MATH 201 2023 Spr grade C; next=MATH 202; outcome=pass,2,0,,,,,,,,,,,,,,
2235,2023 Summer Semester,2023 Sum,900000027,MATH,202,MATH 202,PULLM,D,1.0,900000027,MATH 202,2023 Sum,2235,1,D,1.0,fail,0,80,advanced,quantitative_reasoning,2227,2,3,2,1,0,0,MATH 201,2233,MATH 220,2243,fail,0,forward,2,0,0,2257,2.0,2,all_attempts,immediate_next_course_family,course_sort_order,SDW STRM YYYT,1,MATH 202,MATH 220,1,course,Advanced / Changed Course,MATH 202 2023 Sum grade D; next=MATH 220; outcome=fail,1,0,,,,,,,,,,,,,,
2243,2024 Spring Semester,2024 Spr,900000027,MATH,220,MATH 220,PULLM,F,0.0,900000027,MATH 220,2024 Spr,2243,1,F,0.0,fail,0,100,advanced,linear_algebra,2227,4,4,3,2,0,0,MATH 202,2235,MATH 220,2245,fail,0,repeat,1,0,0,2257,2.0,2,all_attempts,immediate_next_course_family,course_sort_order,SDW STRM YYYT,1,MATH 220,MATH 220,1,repeat,Repeated Same Course,MATH 220 2024 Spr grade F; next=MATH 220; outcome=fail,1,0,,,,,,,,,,,,,,
2245,2024 Summer Semester,2024 Sum,900000027,MATH,220,MATH 220,PULLM,F,0.0,900000027,MATH 220,2024 Sum,2245,2,F,0.0,fail,0,100,advanced,linear_algebra,2227,5,5,4,3,0,1,MATH 220,2243,,,,,terminal,,1,0,2257,2.0,2,all_attempts,immediate_next_course_family,course_sort_order,SDW STRM YYYT,1,MATH 220,No Further Course,1,target,No Further Course,MATH 220 2024 Sum grade F; next=No Further Course; outcome=fail,2,0,,,,,,,,,,,,,,
2235,2023 Summer Semester,2023 Sum,900000028,MATH,100,MATH 100,SPOKA,C,2.0,900000028,MATH 100,2023 Sum,2235,1,C,2.0,pass,1,10,developmental,algebra,2235,0,1,0,0,0,0,,,MATH 103,2237,fail,0,forward,1,0,0,2257,2.0,2,all_attempts,immediate_next_course_family,course_sort_order,SDW STRM YYYT,1,MATH 100,MATH 103,1,course,Advanced / Changed Course,MATH 100 2023 Sum grade C; next=MATH 103; outcome=pass,1,1,900000028-path-1,MATH 171,forward_from_first_math,MATH 100,MATH 103,MATH 106,,,,MATH 171,1,Completed/Persisted,2235,900000028: MATH 100 -> MATH 103 -> MATH 106 -> MATH 171
2237,2023 Fall Semester,2023 Fall,900000028,MATH,103,MATH 103,SPOKA,D,1.0,900000028,MATH 103,2023 Fall,2237,1,D,1.0,fail,0,20,gateway,algebra,2235,1,2,1,0,0,0,MATH 100,2235,MATH 106,2243,pass,1,forward,1,0,0,2257,2.0,2,all_attempts,immediate_next_course_family,course_sort_order,SDW STRM YYYT,1,MATH 103,MATH 106,1,course,Advanced / Changed Course,MATH 103 2023 Fall grade D; next=MATH 106; outcome=fail,1,0,,,,,,,,,,,,,,
2243,2024 Spring Semester,2024 Spr,900000028,MATH,106,MATH 106,SPOKA,A-,3.7,900000028,MATH 106,2024 Spr,2243,1,A-,3.7,pass,1,30,gateway,algebra,2235,2,3,2,1,0,0,MATH 103,2237,MATH 171,2245,pass,1,forward,1,0,0,2257,2.0,2,all_attempts,immediate_next_course_family,course_sort_order,SDW STRM YYYT,1,MATH 106,MATH 171,1,course,Advanced / Changed Course,MATH 106 2024 Spr grade A-; next=MATH 171; outcome=pass,1,0,,,,,,,,,,,,,,
2245,2024 Summer Semester,2024 Sum,900000028,MATH,171,MATH 171,SPOKA,B-,2.7,900000028,MATH 171,2024 Sum,2245,1,B-,2.7,pass,1,50,gateway,calculus,2235,3,4,3,1,0,0,MATH 106,2243,,,,,terminal,,1,0,2257,2.0,2,all_attempts,immediate_next_course_family,course_sort_order,SDW STRM YYYT,1,MATH 171,No Further Course,1,course,No Further Course,MATH 171 2024 Sum grade B-; next=No Further Course; outcome=pass,1,0,,,,,,,,,,,,,,
2233,2023 Spring Semester,2023 Spr,900000029,MATH,103,MATH 103,GLOBAL,C,2.0,900000029,MATH 103,2023 Spr,2233,1,C,2.0,pass,1,20,gateway,algebra,2233,0,1,0,0,0,0,,,MATH 106,2237,fail,0,forward,2,0,0,2257,2.0,2,all_attempts,immediate_next_course_family,course_sort_order,SDW STRM YYYT,1,MATH 103,MATH 106,1,course,Advanced / Changed Course,MATH 103 2023 Spr grade C; next=MATH 106; outcome=pass,1,1,900000029-path-1,MATH 220 (Repeat 1),forward_from_first_math,MATH 103,MATH 106,MATH 106 (Repeat 1),MATH 108,MATH 108 (Repeat 1),MATH 220,MATH 220 (Repeat 1),1,Completed/Persisted,2233,900000029: MATH 103 -> MATH 106 -> MATH 106 (Repeat 1) -> MATH 108 -> MATH 108 (Repeat 1) -> MATH 220 -> MATH 220 (Repeat 1)
2237,2023 Fall Semester,2023 Fall,900000029,MATH,106,MATH 106,GLOBAL,D,1.0,900000029,MATH 106,2023 Fall,2237,1,D,1.0,fail,0,30,gateway,algebra,2233,2,2,1,0,0,0,MATH 103,2233,MATH 106,2243,pass,1,repeat,1,0,0,2257,2.0,2,all_attempts,immediate_next_course_family,course_sort_order,SDW STRM YYYT,1,MATH 106,MATH 106,1,repeat,Repeated Same Course,MATH 106 2023 Fall grade D; next=MATH 106; outcome=fail,1,0,,,,,,,,,,,,,,
2243,2024 Spring Semester,2024 Spr,900000029,MATH,106,MATH 106,GLOBAL,C+,2.3,900000029,MATH 106,2024 Spr,2243,2,C+,2.3,pass,1,30,gateway,algebra,2233,3,3,2,1,0,1,MATH 106,2237,MATH 108,2245,withdraw,0,forward,1,0,0,2257,2.0,2,all_attempts,immediate_next_course_family,course_sort_order,SDW STRM YYYT,1,MATH 106,MATH 108,1,course,Advanced / Changed Course,MATH 106 2024 Spr grade C+; next=MATH 108; outcome=pass,2,0,,,,,,,,,,,,,,
2245,2024 Summer Semester,2024 Sum,900000029,MATH,108,MATH 108,GLOBAL,W,,900000029,MATH 108,2024 Sum,2245,1,W,,withdraw,0,40,gateway,business_quant,2233,4,4,3,1,0,0,MATH 106,2243,MATH 108,2247,withdraw,0,repeat,1,0,0,2257,2.0,2,all_attempts,immediate_next_course_family,course_sort_order,SDW STRM YYYT,1,MATH 108,MATH 108,1,repeat,Repeated Same Course,MATH 108 2024 Sum grade W; next=MATH 108; outcome=withdraw,1,0,,,,,,,,,,,,,,
2247,2024 Fall Semester,2024 Fall,900000029,MATH,108,MATH 108,GLOBAL,W,,900000029,MATH 108,2024 Fall,2247,2,W,,withdraw,0,40,gateway,business_quant,2233,5,5,4,1,1,1,MATH 108,2245,MATH 220,2253,fail,0,forward,1,0,0,2257,2.0,2,all_attempts,immediate_next_course_family,course_sort_order,SDW STRM YYYT,1,MATH 108,MATH 220,1,course,Advanced / Changed Course,MATH 108 2024 Fall grade W; next=MATH 220; outcome=withdraw,2,0,,,,,,,,,,,,,,
2253,2025 Spring Semester,2025 Spr,900000029,MATH,220,MATH 220,GLOBAL,C-,1.7,900000029,MATH 220,2025 Spr,2253,1,C-,1.7,fail,0,100,advanced,linear_algebra,2233,6,6,5,1,2,0,MATH 108,2247,MATH 220,2257,pass,1,repeat,1,0,0,2257,2.0,2,all_attempts,immediate_next_course_family,course_sort_order,SDW STRM YYYT,1,MATH 220,MATH 220,1,repeat,Repeated Same Course,MATH 220 2025 Spr grade C-; next=MATH 220; outcome=fail,1,0,,,,,,,,,,,,,,
2257,2025 Fall Semester,2025 Fall,900000029,MATH,220,MATH 220,GLOBAL,C,2.0,900000029,MATH 220,2025 Fall,2257,2,C,2.0,pass,1,100,advanced,linear_algebra,2233,7,7,6,2,2,1,MATH 220,2253,,,,,terminal,,0,1,2257,2.0,2,all_attempts,immediate_next_course_family,course_sort_order,SDW STRM YYYT,0,MATH 220,,1,target,Censored Recent Term,MATH 220 2025 Fall grade C; next=censored; outcome=pass,2,0,,,,,,,,,,,,,,
2233,2023 Spring Semester,2023 Spr,900000030,MATH,171,MATH 171,VANCO,W,,900000030,MATH 171,2023 Spr,2233,1,W,,withdraw,0,50,gateway,calculus,2233,0,1,0,0,0,0,,,MATH 172,2235,pass,1,forward,1,0,0,2257,2.0,2,all_attempts,immediate_next_course_family,course_sort_order,SDW STRM YYYT,1,MATH 171,MATH 172,1,course,Advanced / Changed Course,MATH 171 2023 Spr grade W; next=MATH 172; outcome=withdraw,1,1,900000030-path-1,MATH 220,forward_from_first_math,MATH 171,MATH 172,MATH 216,,,,MATH 220,1,Completed/Persisted,2233,900000030: MATH 171 -> MATH 172 -> MATH 216 -> MATH 220
2235,2023 Summer Semester,2023 Sum,900000030,MATH,172,MATH 172,VANCO,A,4.0,900000030,MATH 172,2023 Sum,2235,1,A,4.0,pass,1,60,advanced,calculus,2233,1,2,1,0,1,0,MATH 171,2233,MATH 216,2243,pass,1,forward,2,0,0,2257,2.0,2,all_attempts,immediate_next_course_family,course_sort_order,SDW STRM YYYT,1,MATH 172,MATH 216,1,course,Advanced / Changed Course,MATH 172 2023 Sum grade A; next=MATH 216; outcome=pass,1,0,,,,,,,,,,,,,,
2243,2024 Spring Semester,2024 Spr,900000030,MATH,216,MATH 216,VANCO,C+,2.3,900000030,MATH 216,2024 Spr,2243,1,C+,2.3,pass,1,90,advanced,calculus,2233,3,3,2,0,1,0,MATH 172,2235,MATH 220,2245,pass,1,forward,1,0,0,2257,2.0,2,all_attempts,immediate_next_course_family,course_sort_order,SDW STRM YYYT,1,MATH 216,MATH 220,1,course,Advanced / Changed Course,MATH 216 2024 Spr grade C+; next=MATH 220; outcome=pass,1,0,,,,,,,,,,,,,,
2245,2024 Summer Semester,2024 Sum,900000030,MATH,220,MATH 220,VANCO,A-,3.7,900000030,MATH 220,2024 Sum,2245,1,A-,3.7,pass,1,100,advanced,linear_algebra,2233,4,4,3,0,1,0,MATH 216,2243,,,,,terminal,,1,0,2257,2.0,2,all_attempts,immediate_next_course_family,course_sort_order,SDW STRM YYYT,1,MATH 220,No Further Course,1,target,No Further Course,MATH 220 2024 Sum grade A-; next=No Further Course; outcome=pass,1,0,,,,,,,,,,,,,,
2227,2022 Fall Semester,2022 Fall,900000031,MATH,106,MATH 106,VANCO,W,,900000031,MATH 106,2022 Fall,2227,1,W,,withdraw,0,30,gateway,algebra,2227,0,1,0,0,0,0,,,MATH 106,2233,pass,1,repeat,1,0,0,2257,2.0,2,all_attempts,immediate_next_course_family,course_sort_order,SDW STRM YYYT,1,MATH 106,MATH 106,1,repeat,Repeated Same Course,MATH 106 2022 Fall grade W; next=MATH 106; outcome=withdraw,1,1,900000031-path-1,MATH 220 (Repeat 1),forward_from_first_math,MATH 106,MATH 106 (Repeat 1),MATH 171,MATH 171 (Repeat 1),MATH 172,MATH 220,MATH 220 (Repeat 1),1,Repeat/Stopout Risk,2227,900000031: MATH 106 -> MATH 106 (Repeat 1) -> MATH 171 -> MATH 171 (Repeat 1) -> MATH 172 -> MATH 220 -> MATH 220 (Repeat 1)
2233,2023 Spring Semester,2023 Spr,900000031,MATH,106,MATH 106,VANCO,B-,2.7,900000031,MATH 106,2023 Spr,2233,2,B-,2.7,pass,1,30,gateway,algebra,2227,1,2,1,0,1,1,MATH 106,2227,MATH 171,2235,fail,0,forward,1,0,0,2257,2.0,2,all_attempts,immediate_next_course_family,course_sort_order,SDW STRM YYYT,1,MATH 106,MATH 171,1,course,Advanced / Changed Course,MATH 106 2023 Spr grade B-; next=MATH 171; outcome=pass,2,0,,,,,,,,,,,,,,
2235,2023 Summer Semester,2023 Sum,900000031,MATH,171,MATH 171,VANCO,D,1.0,900000031,MATH 171,2023 Sum,2235,1,D,1.0,fail,0,50,gateway,calculus,2227,2,3,2,0,1,0,MATH 106,2233,MATH 171,2237,pass,1,repeat,1,0,0,2257,2.0,2,all_attempts,immediate_next_course_family,course_sort_order,SDW STRM YYYT,1,MATH 171,MATH 171,1,repeat,Repeated Same Course,MATH 171 2023 Sum grade D; next=MATH 171; outcome=fail,1,0,,,,,,,,,,,,,,
2237,2023 Fall Semester,2023 Fall,900000031,MATH,171,MATH 171,VANCO,B,3.0,900000031,MATH 171,2023 Fall,2237,2,B,3.0,pass,1,50,gateway,calculus,2227,3,4,3,1,1,1,MATH 171,2235,MATH 172,2245,fail,0,forward,2,0,0,2257,2.0,2,all_attempts,immediate_next_course_family,course_sort_order,SDW STRM YYYT,1,MATH 171,MATH 172,1,course,Advanced / Changed Course,MATH 171 2023 Fall grade B; next=MATH 172; outcome=pass,2,0,,,,,,,,,,,,,,
2245,2024 Summer Semester,2024 Sum,900000031,MATH,172,MATH 172,VANCO,F,0.0,900000031,MATH 172,2024 Sum,2245,1,F,0.0,fail,0,60,advanced,calculus,2227,5,5,4,1,1,0,MATH 171,2237,MATH 220,2247,withdraw,0,forward,1,0,0,2257,2.0,2,all_attempts,immediate_next_course_family,course_sort_order,SDW STRM YYYT,1,MATH 172,MATH 220,1,course,Advanced / Changed Course,MATH 172 2024 Sum grade F; next=MATH 220; outcome=fail,1,0,,,,,,,,,,,,,,
2247,2024 Fall Semester,2024 Fall,900000031,MATH,220,MATH 220,VANCO,W,,900000031,MATH 220,2024 Fall,2247,1,W,,withdraw,0,100,advanced,linear_algebra,2227,6,6,5,2,1,0,MATH 172,2245,MATH 220,2253,fail,0,repeat,1,0,0,2257,2.0,2,all_attempts,immediate_next_course_family,course_sort_order,SDW STRM YYYT,1,MATH 220,MATH 220,1,repeat,Repeated Same Course,MATH 220 2024 Fall grade W; next=MATH 220; outcome=withdraw,1,0,,,,,,,,,,,,,,
2253,2025 Spring Semester,2025 Spr,900000031,MATH,220,MATH 220,VANCO,D,1.0,900000031,MATH 220,2025 Spr,2253,2,D,1.0,fail,0,100,advanced,linear_algebra,2227,7,7,6,2,2,1,MATH 220,2247,,,,,terminal,,0,1,2257,2.0,2,all_attempts,immediate_next_course_family,course_sort_order,SDW STRM YYYT,0,MATH 220,,1,target,Censored Recent Term,MATH 220 2025 Spr grade D; next=censored; outcome=fail,2,0,,,,,,,,,,,,,,
2227,2022 Fall Semester,2022 Fall,900000032,MATH,106,MATH 106,PULLM,C,2.0,900000032,MATH 106,2022 Fall,2227,1,C,2.0,pass,1,30,gateway,algebra,2227,0,1,0,0,0,0,,,MATH 171,2235,pass,1,forward,2,0,0,2257,2.0,2,all_attempts,immediate_next_course_family,course_sort_order,SDW STRM YYYT,1,MATH 106,MATH 171,1,course,Advanced / Changed Course,MATH 106 2022 Fall grade C; next=MATH 171; outcome=pass,1,1,900000032-path-1,MATH 220,forward_from_first_math,MATH 106,MATH 171,MATH 172,MATH 172 (Repeat 1),,,MATH 220,1,Repeat/Stopout Risk,2227,900000032: MATH 106 -> MATH 171 -> MATH 172 -> MATH 172 (Repeat 1) -> MATH 220
2235,2023 Summer Semester,2023 Sum,900000032,MATH,171,MATH 171,PULLM,B-,2.7,900000032,MATH 171,2023 Sum,2235,1,B-,2.7,pass,1,50,gateway,calculus,2227,2,2,1,0,0,0,MATH 106,2227,MATH 172,2237,withdraw,0,forward,1,0,0,2257,2.0,2,all_attempts,immediate_next_course_family,course_sort_order,SDW STRM YYYT,1,MATH 171,MATH 172,1,course,Advanced / Changed Course,MATH 171 2023 Sum grade B-; next=MATH 172; outcome=pass,1,0,,,,,,,,,,,,,,
2237,2023 Fall Semester,2023 Fall,900000032,MATH,172,MATH 172,PULLM,W,,900000032,MATH 172,2023 Fall,2237,1,W,,withdraw,0,60,advanced,calculus,2227,3,3,2,0,0,0,MATH 171,2235,MATH 172,2243,withdraw,0,repeat,1,0,0,2257,2.0,2,all_attempts,immediate_next_course_family,course_sort_order,SDW STRM YYYT,1,MATH 172,MATH 172,1,repeat,Repeated Same Course,MATH 172 2023 Fall grade W; next=MATH 172; outcome=withdraw,1,0,,,,,,,,,,,,,,
2243,2024 Spring Semester,2024 Spr,900000032,MATH,172,MATH 172,PULLM,W,,900000032,MATH 172,2024 Spr,2243,2,W,,withdraw,0,60,advanced,calculus,2227,4,4,3,0,1,1,MATH 172,2237,MATH 220,2245,fail,0,forward,1,0,0,2257,2.0,2,all_attempts,immediate_next_course_family,course_sort_order,SDW STRM YYYT,1,MATH 172,MATH 220,1,course,Advanced / Changed Course,MATH 172 2024 Spr grade W; next=MATH 220; outcome=withdraw,2,0,,,,,,,,,,,,,,
2245,2024 Summer Semester,2024 Sum,900000032,MATH,220,MATH 220,PULLM,F,0.0,900000032,MATH 220,2024 Sum,2245,1,F,0.0,fail,0,100,advanced,linear_algebra,2227,5,5,4,0,2,0,MATH 172,2243,,,,,terminal,,1,0,2257,2.0,2,all_attempts,immediate_next_course_family,course_sort_order,SDW STRM YYYT,1,MATH 220,No Further Course,1,target,No Further Course,MATH 220 2024 Sum grade F; next=No Further Course; outcome=fail,1,0,,,,,,,,,,,,,,
2233,2023 Spring Semester,2023 Spr,900000033,MATH,140,MATH 140,TRIC,D,1.0,900000033,MATH 140,2023 Spr,2233,1,D,1.0,fail,0,45,gateway,statistics,2233,0,1,0,0,0,0,,,MATH 140,2235,pass,1,repeat,1,0,0,2257,2.0,2,all_attempts,immediate_next_course_family,course_sort_order,SDW STRM YYYT,1,MATH 140,MATH 140,1,repeat,Repeated Same Course,MATH 140 2023 Spr grade D; next=MATH 140; outcome=fail,1,1,900000033-path-1,MATH 202,forward_from_first_math,MATH 140,MATH 140 (Repeat 1),MATH 201,,,,MATH 202,1,Repeat/Stopout Risk,2233,900000033: MATH 140 -> MATH 140 (Repeat 1) -> MATH 201 -> MATH 202
2235,2023 Summer Semester,2023 Sum,900000033,MATH,140,MATH 140,TRIC,C+,2.3,900000033,MATH 140,2023 Sum,2235,2,C+,2.3,pass,1,45,gateway,statistics,2233,1,2,1,1,0,1,MATH 140,2233,MATH 201,2237,pass,1,forward,1,0,0,2257,2.0,2,all_attempts,immediate_next_course_family,course_sort_order,SDW STRM YYYT,1,MATH 140,MATH 201,1,course,Advanced / Changed Course,MATH 140 2023 Sum grade C+; next=MATH 201; outcome=pass,2,0,,,,,,,,,,,,,,
2237,2023 Fall Semester,2023 Fall,900000033,MATH,201,MATH 201,TRIC,B+,3.3,900000033,MATH 201,2023 Fall,2237,1,B+,3.3,pass,1,70,advanced,quantitative_reasoning,2233,2,3,2,1,0,0,MATH 140,2235,MATH 202,2243,fail,0,forward,1,0,0,2257,2.0,2,all_attempts,immediate_next_course_family,course_sort_order,SDW STRM YYYT,1,MATH 201,MATH 202,1,course,Advanced / Changed Course,MATH 201 2023 Fall grade B+; next=MATH 202; outcome=pass,1,0,,,,,,,,,,,,,,
2243,2024 Spring Semester,2024 Spr,900000033,MATH,202,MATH 202,TRIC,F,0.0,900000033,MATH 202,2024 Spr,2243,1,F,0.0,fail,0,80,advanced,quantitative_reasoning,2233,3,4,3,1,0,0,MATH 201,2237,,,,,terminal,,1,0,2257,2.0,2,all_attempts,immediate_next_course_family,course_sort_order,SDW STRM YYYT,1,MATH 202,No Further Course,1,course,No Further Course,MATH 202 2024 Spr grade F; next=No Further Course; outcome=fail,1,0,,,,,,,,,,,,,,
2235,2023 Summer Semester,2023 Sum,900000034,MATH,220,MATH 220,GLOBAL,B+,3.3,900000034,MATH 220,2023 Sum,2235,1,B+,3.3,pass,1,100,advanced,linear_algebra,2235,0,1,0,0,0,0,,,,,,,terminal,,1,0,2257,2.0,2,all_attempts,immediate_next_course_family,course_sort_order,SDW STRM YYYT,1,MATH 220,No Further Course,1,target,No Further Course,MATH 220 2023 Sum grade B+; next=No Further Course; outcome=pass,1,1,900000034-path-1,No Further Course,forward_from_first_math,MATH 220,,,,,,No Further Course,1,Completed/Persisted,2235,900000034: MATH 220 -> No Further Course
2233,2023 Spring Semester,2023 Spr,900000035,MATH,220,MATH 220,PULLM,C,2.0,900000035,MATH 220,2023 Spr,2233,1,C,2.0,pass,1,100,advanced,linear_algebra,2233,0,1,0,0,0,0,,,,,,,terminal,,1,0,2257,2.0,2,all_attempts,immediate_next_course_family,course_sort_order,SDW STRM YYYT,1,MATH 220,No Further Course,1,target,No Further Course,MATH 220 2023 Spr grade C; next=No Further Course; outcome=pass,1,1,900000035-path-1,No Further Course,forward_from_first_math,MATH 220,,,,,,No Further Course,1,Completed/Persisted,2233,900000035: MATH 220 -> No Further Course
2227,2022 Fall Semester,2022 Fall,900000036,MATH,106,MATH 106,PULLM,A,4.0,900000036,MATH 106,2022 Fall,2227,1,A,4.0,pass,1,30,gateway,algebra,2227,0,1,0,0,0,0,,,MATH 171,2233,pass,1,forward,1,0,0,2257,2.0,2,all_attempts,immediate_next_course_family,course_sort_order,SDW STRM YYYT,1,MATH 106,MATH 171,1,course,Advanced / Changed Course,MATH 106 2022 Fall grade A; next=MATH 171; outcome=pass,1,1,900000036-path-1,MATH 220 (Repeat 1),forward_from_first_math,MATH 106,MATH 171,MATH 172,MATH 220,,,MATH 220 (Repeat 1),1,Completed/Persisted,2227,900000036: MATH 106 -> MATH 171 -> MATH 172 -> MATH 220 -> MATH 220 (Repeat 1)
2233,2023 Spring Semester,2023 Spr,900000036,MATH,171,MATH 171,PULLM,A-,3.7,900000036,MATH 171,2023 Spr,2233,1,A-,3.7,pass,1,50,gateway,calculus,2227,1,2,1,0,0,0,MATH 106,2227,MATH 172,2235,fail,0,forward,1,0,0,2257,2.0,2,all_attempts,immediate_next_course_family,course_sort_order,SDW STRM YYYT,1,MATH 171,MATH 172,1,course,Advanced / Changed Course,MATH 171 2023 Spr grade A-; next=MATH 172; outcome=pass,1,0,,,,,,,,,,,,,,
2235,2023 Summer Semester,2023 Sum,900000036,MATH,172,MATH 172,PULLM,C-,1.7,900000036,MATH 172,2023 Sum,2235,1,C-,1.7,fail,0,60,advanced,calculus,2227,2,3,2,0,0,0,MATH 171,2233,MATH 220,2237,fail,0,forward,1,0,0,2257,2.0,2,all_attempts,immediate_next_course_family,course_sort_order,SDW STRM YYYT,1,MATH 172,MATH 220,1,course,Advanced / Changed Course,MATH 172 2023 Sum grade C-; next=MATH 220; outcome=fail,1,0,,,,,,,,,,,,,,
2237,2023 Fall Semester,2023 Fall,900000036,MATH,220,MATH 220,PULLM,F,0.0,900000036,MATH 220,2023 Fall,2237,1,F,0.0,fail,0,100,advanced,linear_algebra,2227,3,4,3,1,0,0,MATH 172,2235,MATH 220,2243,pass,1,repeat,1,0,0,2257,2.0,2,all_attempts,immediate_next_course_family,course_sort_order,SDW STRM YYYT,1,MATH 220,MATH 220,1,repeat,Repeated Same Course,MATH 220 2023 Fall grade F; next=MATH 220; outcome=fail,1,0,,,,,,,,,,,,,,
2243,2024 Spring Semester,2024 Spr,900000036,MATH,220,MATH 220,PULLM,B,3.0,900000036,MATH 220,2024 Spr,2243,2,B,3.0,pass,1,100,advanced,linear_algebra,2227,4,5,4,2,0,1,MATH 220,2237,,,,,terminal,,1,0,2257,2.0,2,all_attempts,immediate_next_course_family,course_sort_order,SDW STRM YYYT,1,MATH 220,No Further Course,1,target,No Further Course,MATH 220 2024 Spr grade B; next=No Further Course; outcome=pass,2,0,,,,,,,,,,,,,,
2233,2023 Spring Semester,2023 Spr,900000037,MATH,106,MATH 106,PULLM,W,,900000037,MATH 106,2023 Spr,2233,1,W,,withdraw,0,30,gateway,algebra,2233,0,1,0,0,0,0,,,MATH 106,2235,pass,1,repeat,1,0,0,2257,2.0,2,all_attempts,immediate_next_course_family,course_sort_order,SDW STRM YYYT,1,MATH 106,MATH 106,1,repeat,Repeated Same Course,MATH 106 2023 Spr grade W; next=MATH 106; outcome=withdraw,1,1,900000037-path-1,MATH 220 (Repeat 2),forward_from_first_math,MATH 106,MATH 106 (Repeat 1),MATH 171,MATH 172,MATH 220,MATH 220 (Repeat 1),MATH 220 (Repeat 2),1,Repeat/Stopout Risk,2233,900000037: MATH 106 -> MATH 106 (Repeat 1) -> MATH 171 -> MATH 172 -> MATH 220 -> MATH 220 (Repeat 1) -> MATH 220 (Repeat 2)
2235,2023 Summer Semester,2023 Sum,900000037,MATH,106,MATH 106,PULLM,C,2.0,900000037,MATH 106,2023 Sum,2235,2,C,2.0,pass,1,30,gateway,algebra,2233,1,2,1,0,1,1,MATH 106,2233,MATH 171,2237,pass,1,forward,1,0,0,2257,2.0,2,all_attempts,immediate_next_course_family,course_sort_order,SDW STRM YYYT,1,MATH 106,MATH 171,1,course,Advanced / Changed Course,MATH 106 2023 Sum grade C; next=MATH 171; outcome=pass,2,0,,,,,,,,,,,,,,
2237,2023 Fall Semester,2023 Fall,900000037,MATH,171,MATH 171,PULLM,A-,3.7,900000037,MATH 171,2023 Fall,2237,1,A-,3.7,pass,1,50,gateway,calculus,2233,2,3,2,0,1,0,MATH 106,2235,MATH 172,2243,withdraw,0,forward,1,0,0,2257,2.0,2,all_attempts,immediate_next_course_family,course_sort_order,SDW STRM YYYT,1,MATH 171,MATH 172,1,course,Advanced / Changed Course,MATH 171 2023 Fall grade A-; next=MATH 172; outcome=pass,1,0,,,,,,,,,,,,,,
2243,2024 Spring Semester,2024 Spr,900000037,MATH,172,MATH 172,PULLM,W,,900000037,MATH 172,2024 Spr,2243,1,W,,withdraw,0,60,advanced,calculus,2233,3,4,3,0,1,0,MATH 171,2237,MATH 220,2247,fail,0,forward,2,0,0,2257,2.0,2,all_attempts,immediate_next_course_family,course_sort_order,SDW STRM YYYT,1,MATH 172,MATH 220,1,course,Advanced / Changed Course,MATH 172 2024 Spr grade W; next=MATH 220; outcome=withdraw,1,0,,,,,,,,,,,,,,
2247,2024 Fall Semester,2024 Fall,900000037,MATH,220,MATH 220,PULLM,C-,1.7,900000037,MATH 220,2024 Fall,2247,1,C-,1.7,fail,0,100,advanced,linear_algebra,2233,5,5,4,0,2,0,MATH 172,2243,MATH 220,2253,withdraw,0,repeat,1,0,0,2257,2.0,2,all_attempts,immediate_next_course_family,course_sort_order,SDW STRM YYYT,1,MATH 220,MATH 220,1,repeat,Repeated Same Course,MATH 220 2024 Fall grade C-; next=MATH 220; outcome=fail,1,0,,,,,,,,,,,,,,
2253,2025 Spring Semester,2025 Spr,900000037,MATH,220,MATH 220,PULLM,W,,900000037,MATH 220,2025 Spr,2253,2,W,,withdraw,0,100,advanced,linear_algebra,2233,6,6,5,1,2,1,MATH 220,2247,MATH 220,2257,fail,0,repeat,1,0,0,2257,2.0,2,all_attempts,immediate_next_course_family,course_sort_order,SDW STRM YYYT,1,MATH 220,MATH 220,1,repeat,Repeated Same Course,MATH 220 2025 Spr grade W; next=MATH 220; outcome=withdraw,2,0,,,,,,,,,,,,,,
2257,2025 Fall Semester,2025 Fall,900000037,MATH,220,MATH 220,PULLM,F,0.0,900000037,MATH 220,2025 Fall,2257,3,F,0.0,fail,0,100,advanced,linear_algebra,2233,7,7,6,1,3,1,MATH 220,2253,,,,,terminal,,0,1,2257,2.0,2,all_attempts,immediate_next_course_family,course_sort_order,SDW STRM YYYT,0,MATH 220,,1,target,Censored Recent Term,MATH 220 2025 Fall grade F; next=censored; outcome=fail,3,0,,,,,,,,,,,,,,
2235,2023 Summer Semester,2023 Sum,900000038,MATH,171,MATH 171,PULLM,C+,2.3,900000038,MATH 171,2023 Sum,2235,1,C+,2.3,pass,1,50,gateway,calculus,2235,0,1,0,0,0,0,,,MATH 172,2237,pass,1,forward,1,0,0,2257,2.0,2,all_attempts,immediate_next_course_family,course_sort_order,SDW STRM YYYT,1,MATH 171,MATH 172,1,course,Advanced / Changed Course,MATH 171 2023 Sum grade C+; next=MATH 172; outcome=pass,1,1,900000038-path-1,MATH 220,forward_from_first_math,MATH 171,MATH 172,MATH 216,MATH 216 (Repeat 1),,,MATH 220,1,Completed/Persisted,2235,900000038: MATH 171 -> MATH 172 -> MATH 216 -> MATH 216 (Repeat 1) -> MATH 220
2237,2023 Fall Semester,2023 Fall,900000038,MATH,172,MATH 172,PULLM,C,2.0,900000038,MATH 172,2023 Fall,2237,1,C,2.0,pass,1,60,advanced,calculus,2235,1,2,1,0,0,0,MATH 171,2235,MATH 216,2243,fail,0,forward,1,0,0,2257,2.0,2,all_attempts,immediate_next_course_family,course_sort_order,SDW STRM YYYT,1,MATH 172,MATH 216,1,course,Advanced / Changed Course,MATH 172 2023 Fall grade C; next=MATH 216; outcome=pass,1,0,,,,,,,,,,,,,,
2243,2024 Spring Semester,2024 Spr,900000038,MATH,216,MATH 216,PULLM,C-,1.7,900000038,MATH 216,2024 Spr,2243,1,C-,1.7,fail,0,90,advanced,calculus,2235,2,3,2,0,0,0,MATH 172,2237,MATH 216,2245,pass,1,repeat,1,0,0,2257,2.0,2,all_attempts,immediate_next_course_family,course_sort_order,SDW STRM YYYT,1,MATH 216,MATH 216,1,repeat,Repeated Same Course,MATH 216 2024 Spr grade C-; next=MATH 216; outcome=fail,1,0,,,,,,,,,,,,,,
2245,2024 Summer Semester,2024 Sum,900000038,MATH,216,MATH 216,PULLM,B-,2.7,900000038,MATH 216,2024 Sum,2245,2,B-,2.7,pass,1,90,advanced,calculus,2235,3,4,3,1,0,1,MATH 216,2243,MATH 220,2247,pass,1,forward,1,0,0,2257,2.0,2,all_attempts,immediate_next_course_family,course_sort_order,SDW STRM YYYT,1,MATH 216,MATH 220,1,course,Advanced / Changed Course,MATH 216 2024 Sum grade B-; next=MATH 220; outcome=pass,2,0,,,,,,,,,,,,,,
2247,2024 Fall Semester,2024 Fall,900000038,MATH,220,MATH 220,PULLM,C,2.0,900000038,MATH 220,2024 Fall,2247,1,C,2.0,pass,1,100,advanced,linear_algebra,2235,4,5,4,1,0,0,MATH 216,2245,,,,,terminal,,1,0,2257,2.0,2,all_attempts,immediate_next_course_family,course_sort_order,SDW STRM YYYT,1,MATH 220,No Further Course,1,target,No Further Course,MATH 220 2024 Fall grade C; next=No Further Course; outcome=pass,1,0,,,,,,,,,,,,,,
2233,2023 Spring Semester,2023 Spr,900000039,MATH,103,MATH 103,TRIC,C-,1.7,900000039,MATH 103,2023 Spr,2233,1,C-,1.7,fail,0,20,gateway,algebra,2233,0,1,0,0,0,0,,,MATH 106,2235,pass,1,forward,1,0,0,2257,2.0,2,all_attempts,immediate_next_course_family,course_sort_order,SDW STRM YYYT,1,MATH 103,MATH 106,1,course,Advanced / Changed Course,MATH 103 2023 Spr grade C-; next=MATH 106; outcome=fail,1,1,900000039-path-1,MATH 172,forward_from_first_math,MATH 103,MATH 106,MATH 171,,,,MATH 172,1,Completed/Persisted,2233,900000039: MATH 103 -> MATH 106 -> MATH 171 -> MATH 172
2235,2023 Summer Semester,2023 Sum,900000039,MATH,106,MATH 106,TRIC,C,2.0,900000039,MATH 106,2023 Sum,2235,1,C,2.0,pass,1,30,gateway,algebra,2233,1,2,1,1,0,0,MATH 103,2233,MATH 171,2237,pass,1,forward,1,0,0,2257,2.0,2,all_attempts,immediate_next_course_family,course_sort_order,SDW STRM YYYT,1,MATH 106,MATH 171,1,course,Advanced / Changed Course,MATH 106 2023 Sum grade C; next=MATH 171; outcome=pass,1,0,,,,,,,,,,,,,,
2237,2023 Fall Semester,2023 Fall,900000039,MATH,171,MATH 171,TRIC,C+,2.3,900000039,MATH 171,2023 Fall,2237,1,C+,2.3,pass,1,50,gateway,calculus,2233,2,3,2,1,0,0,MATH 106,2235,MATH 172,2243,pass,1,forward,1,0,0,2257,2.0,2,all_attempts,immediate_next_course_family,course_sort_order,SDW STRM YYYT,1,MATH 171,MATH 172,1,course,Advanced / Changed Course,MATH 171 2023 Fall grade C+; next=MATH 172; outcome=pass,1,0,,,,,,,,,,,,,,
2243,2024 Spring Semester,2024 Spr,900000039,MATH,172,MATH 172,TRIC,C+,2.3,900000039,MATH 172,2024 Spr,2243,1,C+,2.3,pass,1,60,advanced,calculus,2233,3,4,3,1,0,0,MATH 171,2237,,,,,terminal,,1,0,2257,2.0,2,all_attempts,immediate_next_course_family,course_sort_order,SDW STRM YYYT,1,MATH 172,No Further Course,1,course,No Further Course,MATH 172 2024 Spr grade C+; next=No Further Course; outcome=pass,1,0,,,,,,,,,,,,,,
2227,2022 Fall Semester,2022 Fall,900000040,MATH,103,MATH 103,VANCO,D,1.0,900000040,MATH 103,2022 Fall,2227,1,D,1.0,fail,0,20,gateway,algebra,2227,0,1,0,0,0,0,,,MATH 103,2233,fail,0,repeat,1,0,0,2257,2.0,2,all_attempts,immediate_next_course_family,course_sort_order,SDW STRM YYYT,1,MATH 103,MATH 103,1,repeat,Repeated Same Course,MATH 103 2022 Fall grade D; next=MATH 103; outcome=fail,1,1,900000040-path-1,MATH 220,forward_from_first_math,MATH 103,MATH 103 (Repeat 1),MATH 106,MATH 108,,,MATH 220,1,Completed/Persisted,2227,900000040: MATH 103 -> MATH 103 (Repeat 1) -> MATH 106 -> MATH 108 -> MATH 220
2233,2023 Spring Semester,2023 Spr,900000040,MATH,103,MATH 103,VANCO,F,0.0,900000040,MATH 103,2023 Spr,2233,2,F,0.0,fail,0,20,gateway,algebra,2227,1,2,1,1,0,1,MATH 103,2227,MATH 106,2235,pass,1,forward,1,0,0,2257,2.0,2,all_attempts,immediate_next_course_family,course_sort_order,SDW STRM YYYT,1,MATH 103,MATH 106,1,course,Advanced / Changed Course,MATH 103 2023 Spr grade F; next=MATH 106; outcome=fail,2,0,,,,,,,,,,,,,,
2235,2023 Summer Semester,2023 Sum,900000040,MATH,106,MATH 106,VANCO,B-,2.7,900000040,MATH 106,2023 Sum,2235,1,B-,2.7,pass,1,30,gateway,algebra,2227,2,3,2,2,0,0,MATH 103,2233,MATH 108,2237,pass,1,forward,1,0,0,2257,2.0,2,all_attempts,immediate_next_course_family,course_sort_order,SDW STRM YYYT,1,MATH 106,MATH 108,1,course,Advanced / Changed Course,MATH 106 2023 Sum grade B-; next=MATH 108; outcome=pass,1,0,,,,,,,,,,,,,,
2237,2023 Fall Semester,2023 Fall,900000040,MATH,108,MATH 108,VANCO,A,4.0,900000040,MATH 108,2023 Fall,2237,1,A,4.0,pass,1,40,gateway,business_quant,2227,3,4,3,2,0,0,MATH 106,2235,MATH 220,2243,pass,1,forward,1,0,0,2257,2.0,2,all_attempts,immediate_next_course_family,course_sort_order,SDW STRM YYYT,1,MATH 108,MATH 220,1,course,Advanced / Changed Course,MATH 108 2023 Fall grade A; next=MATH 220; outcome=pass,1,0,,,,,,,,,,,,,,
2243,2024 Spring Semester,2024 Spr,900000040,MATH,220,MATH 220,VANCO,A-,3.7,900000040,MATH 220,2024 Spr,2243,1,A-,3.7,pass,1,100,advanced,linear_algebra,2227,4,5,4,2,0,0,MATH 108,2237,,,,,terminal,,1,0,2257,2.0,2,all_attempts,immediate_next_course_family,course_sort_order,SDW STRM YYYT,1,MATH 220,No Further Course,1,target,No Further Course,MATH 220 2024 Spr grade A-; next=No Further Course; outcome=pass,1,0,,,,,,,,,,,,,,
2235,2023 Summer Semester,2023 Sum,900000041,MATH,106,MATH 106,PULLM,D,1.0,900000041,MATH 106,2023 Sum,2235,1,D,1.0,fail,0,30,gateway,algebra,2235,0,1,0,0,0,0,,,MATH 106,2237,withdraw,0,repeat,1,0,0,2257,2.0,2,all_attempts,immediate_next_course_family,course_sort_order,SDW STRM YYYT,1,MATH 106,MATH 106,1,repeat,Repeated Same Course,MATH 106 2023 Sum grade D; next=MATH 106; outcome=fail,1,1,900000041-path-1,MATH 220,forward_from_first_math,MATH 106,MATH 106 (Repeat 1),MATH 171,MATH 172,,,MATH 220,1,Repeat/Stopout Risk,2235,900000041: MATH 106 -> MATH 106 (Repeat 1) -> MATH 171 -> MATH 172 -> MATH 220
2237,2023 Fall Semester,2023 Fall,900000041,MATH,106,MATH 106,PULLM,W,,900000041,MATH 106,2023 Fall,2237,2,W,,withdraw,0,30,gateway,algebra,2235,1,2,1,1,0,1,MATH 106,2235,MATH 171,2245,pass,1,forward,2,0,0,2257,2.0,2,all_attempts,immediate_next_course_family,course_sort_order,SDW STRM YYYT,1,MATH 106,MATH 171,1,course,Advanced / Changed Course,MATH 106 2023 Fall grade W; next=MATH 171; outcome=withdraw,2,0,,,,,,,,,,,,,,
2245,2024 Summer Semester,2024 Sum,900000041,MATH,171,MATH 171,PULLM,A,4.0,900000041,MATH 171,2024 Sum,2245,1,A,4.0,pass,1,50,gateway,calculus,2235,3,3,2,1,1,0,MATH 106,2237,MATH 172,2247,fail,0,forward,1,0,0,2257,2.0,2,all_attempts,immediate_next_course_family,course_sort_order,SDW STRM YYYT,1,MATH 171,MATH 172,1,course,Advanced / Changed Course,MATH 171 2024 Sum grade A; next=MATH 172; outcome=pass,1,0,,,,,,,,,,,,,,
2247,2024 Fall Semester,2024 Fall,900000041,MATH,172,MATH 172,PULLM,C-,1.7,900000041,MATH 172,2024 Fall,2247,1,C-,1.7,fail,0,60,advanced,calculus,2235,4,4,3,1,1,0,MATH 171,2245,MATH 220,2253,fail,0,forward,1,0,0,2257,2.0,2,all_attempts,immediate_next_course_family,course_sort_order,SDW STRM YYYT,1,MATH 172,MATH 220,1,course,Advanced / Changed Course,MATH 172 2024 Fall grade C-; next=MATH 220; outcome=fail,1,0,,,,,,,,,,,,,,
2253,2025 Spring Semester,2025 Spr,900000041,MATH,220,MATH 220,PULLM,D+,1.3,900000041,MATH 220,2025 Spr,2253,1,D+,1.3,fail,0,100,advanced,linear_algebra,2235,5,5,4,2,1,0,MATH 172,2247,,,,,terminal,,0,1,2257,2.0,2,all_attempts,immediate_next_course_family,course_sort_order,SDW STRM YYYT,0,MATH 220,,1,target,Censored Recent Term,MATH 220 2025 Spr grade D+; next=censored; outcome=fail,1,0,,,,,,,,,,,,,,
2233,2023 Spring Semester,2023 Spr,900000042,MATH,100,MATH 100,TRIC,B,3.0,900000042,MATH 100,2023 Spr,2233,1,B,3.0,pass,1,10,developmental,algebra,2233,0,1,0,0,0,0,,,MATH 103,2235,fail,0,forward,1,0,0,2257,2.0,2,all_attempts,immediate_next_course_family,course_sort_order,SDW STRM YYYT,1,MATH 100,MATH 103,1,course,Advanced / Changed Course,MATH 100 2023 Spr grade B; next=MATH 103; outcome=pass,1,1,900000042-path-1,MATH 171,forward_from_first_math,MATH 100,MATH 103,MATH 106,,,,MATH 171,1,Completed/Persisted,2233,900000042: MATH 100 -> MATH 103 -> MATH 106 -> MATH 171
2235,2023 Summer Semester,2023 Sum,900000042,MATH,103,MATH 103,TRIC,F,0.0,900000042,MATH 103,2023 Sum,2235,1,F,0.0,fail,0,20,gateway,algebra,2233,1,2,1,0,0,0,MATH 100,2233,MATH 106,2237,pass,1,forward,1,0,0,2257,2.0,2,all_attempts,immediate_next_course_family,course_sort_order,SDW STRM YYYT,1,MATH 103,MATH 106,1,course,Advanced / Changed Course,MATH 103 2023 Sum grade F; next=MATH 106; outcome=fail,1,0,,,,,,,,,,,,,,
2237,2023 Fall Semester,2023 Fall,900000042,MATH,106,MATH 106,TRIC,B-,2.7,900000042,MATH 106,2023 Fall,2237,1,B-,2.7,pass,1,30,gateway,algebra,2233,2,3,2,1,0,0,MATH 103,2235,MATH 171,2243,pass,1,forward,1,0,0,2257,2.0,2,all_attempts,immediate_next_course_family,course_sort_order,SDW STRM YYYT,1,MATH 106,MATH 171,1,course,Advanced / Changed Course,MATH 106 2023 Fall grade B-; next=MATH 171; outcome=pass,1,0,,,,,,,,,,,,,,
2243,2024 Spring Semester,2024 Spr,900000042,MATH,171,MATH 171,TRIC,B-,2.7,900000042,MATH 171,2024 Spr,2243,1,B-,2.7,pass,1,50,gateway,calculus,2233,3,4,3,1,0,0,MATH 106,2237,,,,,terminal,,1,0,2257,2.0,2,all_attempts,immediate_next_course_family,course_sort_order,SDW STRM YYYT,1,MATH 171,No Further Course,1,course,No Further Course,MATH 171 2024 Spr grade B-; next=No Further Course; outcome=pass,1,0,,,,,,,,,,,,,,
2227,2022 Fall Semester,2022 Fall,900000043,MATH,100,MATH 100,VANCO,C+,2.3,900000043,MATH 100,2022 Fall,2227,1,C+,2.3,pass,1,10,developmental,algebra,2227,0,1,0,0,0,0,,,MATH 103,2235,pass,1,forward,2,0,0,2257,2.0,2,all_attempts,immediate_next_course_family,course_sort_order,SDW STRM YYYT,1,MATH 100,MATH 103,1,course,Advanced / Changed Course,MATH 100 2022 Fall grade C+; next=MATH 103; outcome=pass,1,1,900000043-path-1,MATH 171 (Repeat 1),forward_from_first_math,MATH 100,MATH 103,MATH 106,MATH 171,,,MATH 171 (Repeat 1),1,Completed/Persisted,2227,900000043: MATH 100 -> MATH 103 -> MATH 106 -> MATH 171 -> MATH 171 (Repeat 1)
2235,2023 Summer Semester,2023 Sum,900000043,MATH,103,MATH 103,VANCO,A,4.0,900000043,MATH 103,2023 Sum,2235,1,A,4.0,pass,1,20,gateway,algebra,2227,2,2,1,0,0,0,MATH 100,2227,MATH 106,2237,fail,0,forward,1,0,0,2257,2.0,2,all_attempts,immediate_next_course_family,course_sort_order,SDW STRM YYYT,1,MATH 103,MATH 106,1,course,Advanced / Changed Course,MATH 103 2023 Sum grade A; next=MATH 106; outcome=pass,1,0,,,,,,,,,,,,,,
2237,2023 Fall Semester,2023 Fall,900000043,MATH,106,MATH 106,VANCO,D,1.0,900000043,MATH 106,2023 Fall,2237,1,D,1.0,fail,0,30,gateway,algebra,2227,3,3,2,0,0,0,MATH 103,2235,MATH 171,2245,fail,0,forward,2,0,0,2257,2.0,2,all_attempts,immediate_next_course_family,course_sort_order,SDW STRM YYYT,1,MATH 106,MATH 171,1,course,Advanced / Changed Course,MATH 106 2023 Fall grade D; next=MATH 171; outcome=fail,1,0,,,,,,,,,,,,,,
2245,2024 Summer Semester,2024 Sum,900000043,MATH,171,MATH 171,VANCO,D,1.0,900000043,MATH 171,2024 Sum,2245,1,D,1.0,fail,0,50,gateway,calculus,2227,5,4,3,1,0,0,MATH 106,2237,MATH 171,2247,pass,1,repeat,1,0,0,2257,2.0,2,all_attempts,immediate_next_course_family,course_sort_order,SDW STRM YYYT,1,MATH 171,MATH 171,1,repeat,Repeated Same Course,MATH 171 2024 Sum grade D; next=MATH 171; outcome=fail,1,0,,,,,,,,,,,,,,
2247,2024 Fall Semester,2024 Fall,900000043,MATH,171,MATH 171,VANCO,C+,2.3,900000043,MATH 171,2024 Fall,2247,2,C+,2.3,pass,1,50,gateway,calculus,2227,6,5,4,2,0,1,MATH 171,2245,,,,,terminal,,1,0,2257,2.0,2,all_attempts,immediate_next_course_family,course_sort_order,SDW STRM YYYT,1,MATH 171,No Further Course,1,course,No Further Course,MATH 171 2024 Fall grade C+; next=No Further Course; outcome=pass,2,0,,,,,,,,,,,,,,
2235,2023 Summer Semester,2023 Sum,900000044,MATH,201,MATH 201,SPOKA,C-,1.7,900000044,MATH 201,2023 Sum,2235,1,C-,1.7,fail,0,70,advanced,quantitative_reasoning,2235,0,1,0,0,0,0,,,MATH 201,2237,pass,1,repeat,1,0,0,2257,2.0,2,all_attempts,immediate_next_course_family,course_sort_order,SDW STRM YYYT,1,MATH 201,MATH 201,1,repeat,Repeated Same Course,MATH 201 2023 Sum grade C-; next=MATH 201; outcome=fail,1,1,900000044-path-1,MATH 220 (Repeat 1),forward_from_first_math,MATH 201,MATH 201 (Repeat 1),MATH 202,MATH 220,,,MATH 220 (Repeat 1),1,Completed/Persisted,2235,900000044: MATH 201 -> MATH 201 (Repeat 1) -> MATH 202 -> MATH 220 -> MATH 220 (Repeat 1)
2237,2023 Fall Semester,2023 Fall,900000044,MATH,201,MATH 201,SPOKA,B,3.0,900000044,MATH 201,2023 Fall,2237,2,B,3.0,pass,1,70,advanced,quantitative_reasoning,2235,1,2,1,1,0,1,MATH 201,2235,MATH 202,2245,pass,1,forward,2,0,0,2257,2.0,2,all_attempts,immediate_next_course_family,course_sort_order,SDW STRM YYYT,1,MATH 201,MATH 202,1,course,Advanced / Changed Course,MATH 201 2023 Fall grade B; next=MATH 202; outcome=pass,2,0,,,,,,,,,,,,,,
2245,2024 Summer Semester,2024 Sum,900000044,MATH,202,MATH 202,SPOKA,C,2.0,900000044,MATH 202,2024 Sum,2245,1,C,2.0,pass,1,80,advanced,quantitative_reasoning,2235,3,3,2,1,0,0,MATH 201,2237,MATH 220,2247,fail,0,forward,1,0,0,2257,2.0,2,all_attempts,immediate_next_course_family,course_sort_order,SDW STRM YYYT,1,MATH 202,MATH 220,1,course,Advanced / Changed Course,MATH 202 2024 Sum grade C; next=MATH 220; outcome=pass,1,0,,,,,,,,,,,,,,
2247,2024 Fall Semester,2024 Fall,900000044,MATH,220,MATH 220,SPOKA,D,1.0,900000044,MATH 220,2024 Fall,2247,1,D,1.0,fail,0,100,advanced,linear_algebra,2235,4,4,3,1,0,0,MATH 202,2245,MATH 220,2253,pass,1,repeat,1,0,0,2257,2.0,2,all_attempts,immediate_next_course_family,course_sort_order,SDW STRM YYYT,1,MATH 220,MATH 220,1,repeat,Repeated Same Course,MATH 220 2024 Fall grade D; next=MATH 220; outcome=fail,1,0,,,,,,,,,,,,,,
2253,2025 Spring Semester,2025 Spr,900000044,MATH,220,MATH 220,SPOKA,B-,2.7,900000044,MATH 220,2025 Spr,2253,2,B-,2.7,pass,1,100,advanced,linear_algebra,2235,5,5,4,2,0,1,MATH 220,2247,,,,,terminal,,0,1,2257,2.0,2,all_attempts,immediate_next_course_family,course_sort_order,SDW STRM YYYT,0,MATH 220,,1,target,Censored Recent Term,MATH 220 2025 Spr grade B-; next=censored; outcome=pass,2,0,,,,,,,,,,,,,,
2235,2023 Summer Semester,2023 Sum,900000045,MATH,201,MATH 201,VANCO,C,2.0,900000045,MATH 201,2023 Sum,2235,1,C,2.0,pass,1,70,advanced,quantitative_reasoning,2235,0,1,0,0,0,0,,,MATH 202,2237,pass,1,forward,1,0,0,2257,2.0,2,all_attempts,immediate_next_course_family,course_sort_order,SDW STRM YYYT,1,MATH 201,MATH 202,1,course,Advanced / Changed Course,MATH 201 2023 Sum grade C; next=MATH 202; outcome=pass,1,1,900000045-path-1,MATH 220,forward_from_first_math,MATH 201,MATH 202,,,,,MATH 220,1,Completed/Persisted,2235,900000045: MATH 201 -> MATH 202 -> MATH 220
2237,2023 Fall Semester,2023 Fall,900000045,MATH,202,MATH 202,VANCO,B+,3.3,900000045,MATH 202,2023 Fall,2237,1,B+,3.3,pass,1,80,advanced,quantitative_reasoning,2235,1,2,1,0,0,0,MATH 201,2235,MATH 220,2243,pass,1,forward,1,0,0,2257,2.0,2,all_attempts,immediate_next_course_family,course_sort_order,SDW STRM YYYT,1,MATH 202,MATH 220,1,course,Advanced / Changed Course,MATH 202 2023 Fall grade B+; next=MATH 220; outcome=pass,1,0,,,,,,,,,,,,,,
2243,2024 Spring Semester,2024 Spr,900000045,MATH,220,MATH 220,VANCO,B-,2.7,900000045,MATH 220,2024 Spr,2243,1,B-,2.7,pass,1,100,advanced,linear_algebra,2235,2,3,2,0,0,0,MATH 202,2237,,,,,terminal,,1,0,2257,2.0,2,all_attempts,immediate_next_course_family,course_sort_order,SDW STRM YYYT,1,MATH 220,No Further Course,1,target,No Further Course,MATH 220 2024 Spr grade B-; next=No Further Course; outcome=pass,1,0,,,,,,,,,,,,,,
2235,2023 Summer Semester,2023 Sum,900000046,MATH,103,MATH 103,SPOKA,W,,900000046,MATH 103,2023 Sum,2235,1,W,,withdraw,0,20,gateway,algebra,2235,0,1,0,0,0,0,,,MATH 103,2243,pass,1,repeat,2,0,0,2257,2.0,2,all_attempts,immediate_next_course_family,course_sort_order,SDW STRM YYYT,1,MATH 103,MATH 103,1,repeat,Repeated Same Course,MATH 103 2023 Sum grade W; next=MATH 103; outcome=withdraw,1,1,900000046-path-1,MATH 172,forward_from_first_math,MATH 103,MATH 103 (Repeat 1),MATH 106,MATH 171,,,MATH 172,1,Repeat/Stopout Risk,2235,900000046: MATH 103 -> MATH 103 (Repeat 1) -> MATH 106 -> MATH 171 -> MATH 172
2243,2024 Spring Semester,2024 Spr,900000046,MATH,103,MATH 103,SPOKA,A-,3.7,900000046,MATH 103,2024 Spr,2243,2,A-,3.7,pass,1,20,gateway,algebra,2235,2,2,1,0,1,1,MATH 103,2235,MATH 106,2245,pass,1,forward,1,0,0,2257,2.0,2,all_attempts,immediate_next_course_family,course_sort_order,SDW STRM YYYT,1,MATH 103,MATH 106,1,course,Advanced / Changed Course,MATH 103 2024 Spr grade A-; next=MATH 106; outcome=pass,2,0,,,,,,,,,,,,,,
2245,2024 Summer Semester,2024 Sum,900000046,MATH,106,MATH 106,SPOKA,C,2.0,900000046,MATH 106,2024 Sum,2245,1,C,2.0,pass,1,30,gateway,algebra,2235,3,3,2,0,1,0,MATH 103,2243,MATH 171,2247,pass,1,forward,1,0,0,2257,2.0,2,all_attempts,immediate_next_course_family,course_sort_order,SDW STRM YYYT,1,MATH 106,MATH 171,1,course,Advanced / Changed Course,MATH 106 2024 Sum grade C; next=MATH 171; outcome=pass,1,0,,,,,,,,,,,,,,
2247,2024 Fall Semester,2024 Fall,900000046,MATH,171,MATH 171,SPOKA,A,4.0,900000046,MATH 171,2024 Fall,2247,1,A,4.0,pass,1,50,gateway,calculus,2235,4,4,3,0,1,0,MATH 106,2245,MATH 172,2253,withdraw,0,forward,1,0,0,2257,2.0,2,all_attempts,immediate_next_course_family,course_sort_order,SDW STRM YYYT,1,MATH 171,MATH 172,1,course,Advanced / Changed Course,MATH 171 2024 Fall grade A; next=MATH 172; outcome=pass,1,0,,,,,,,,,,,,,,
2253,2025 Spring Semester,2025 Spr,900000046,MATH,172,MATH 172,SPOKA,W,,900000046,MATH 172,2025 Spr,2253,1,W,,withdraw,0,60,advanced,calculus,2235,5,5,4,0,1,0,MATH 171,2247,,,,,terminal,,0,1,2257,2.0,2,all_attempts,immediate_next_course_family,course_sort_order,SDW STRM YYYT,0,MATH 172,,1,course,Censored Recent Term,MATH 172 2025 Spr grade W; next=censored; outcome=withdraw,1,0,,,,,,,,,,,,,,
2235,2023 Summer Semester,2023 Sum,900000047,MATH,100,MATH 100,VANCO,A,4.0,900000047,MATH 100,2023 Sum,2235,1,A,4.0,pass,1,10,developmental,algebra,2235,0,1,0,0,0,0,,,MATH 103,2237,fail,0,forward,1,0,0,2257,2.0,2,all_attempts,immediate_next_course_family,course_sort_order,SDW STRM YYYT,1,MATH 100,MATH 103,1,course,Advanced / Changed Course,MATH 100 2023 Sum grade A; next=MATH 103; outcome=pass,1,1,900000047-path-1,MATH 171,forward_from_first_math,MATH 100,MATH 103,MATH 103 (Repeat 1),MATH 106,,,MATH 171,1,Completed/Persisted,2235,900000047: MATH 100 -> MATH 103 -> MATH 103 (Repeat 1) -> MATH 106 -> MATH 171
2237,2023 Fall Semester,2023 Fall,900000047,MATH,103,MATH 103,VANCO,F,0.0,900000047,MATH 103,2023 Fall,2237,1,F,0.0,fail,0,20,gateway,algebra,2235,1,2,1,0,0,0,MATH 100,2235,MATH 103,2243,pass,1,repeat,1,0,0,2257,2.0,2,all_attempts,immediate_next_course_family,course_sort_order,SDW STRM YYYT,1,MATH 103,MATH 103,1,repeat,Repeated Same Course,MATH 103 2023 Fall grade F; next=MATH 103; outcome=fail,1,0,,,,,,,,,,,,,,
2243,2024 Spring Semester,2024 Spr,900000047,MATH,103,MATH 103,VANCO,B,3.0,900000047,MATH 103,2024 Spr,2243,2,B,3.0,pass,1,20,gateway,algebra,2235,2,3,2,1,0,1,MATH 103,2237,MATH 106,2245,fail,0,forward,1,0,0,2257,2.0,2,all_attempts,immediate_next_course_family,course_sort_order,SDW STRM YYYT,1,MATH 103,MATH 106,1,course,Advanced / Changed Course,MATH 103 2024 Spr grade B; next=MATH 106; outcome=pass,2,0,,,,,,,,,,,,,,
2245,2024 Summer Semester,2024 Sum,900000047,MATH,106,MATH 106,VANCO,D+,1.3,900000047,MATH 106,2024 Sum,2245,1,D+,1.3,fail,0,30,gateway,algebra,2235,3,4,3,1,0,0,MATH 103,2243,MATH 171,2253,pass,1,forward,2,0,0,2257,2.0,2,all_attempts,immediate_next_course_family,course_sort_order,SDW STRM YYYT,1,MATH 106,MATH 171,1,course,Advanced / Changed Course,MATH 106 2024 Sum grade D+; next=MATH 171; outcome=fail,1,0,,,,,,,,,,,,,,
2253,2025 Spring Semester,2025 Spr,900000047,MATH,171,MATH 171,VANCO,C,2.0,900000047,MATH 171,2025 Spr,2253,1,C,2.0,pass,1,50,gateway,calculus,2235,5,5,4,2,0,0,MATH 106,2245,,,,,terminal,,0,1,2257,2.0,2,all_attempts,immediate_next_course_family,course_sort_order,SDW STRM YYYT,0,MATH 171,,1,course,Censored Recent Term,MATH 171 2025 Spr grade C; next=censored; outcome=pass,1,0,,,,,,,,,,,,,,
2235,2023 Summer Semester,2023 Sum,900000048,MATH,106,MATH 106,PULLM,B,3.0,900000048,MATH 106,2023 Sum,2235,1,B,3.0,pass,1,30,gateway,algebra,2235,0,1,0,0,0,0,,,MATH 171,2237,fail,0,forward,1,0,0,2257,2.0,2,all_attempts,immediate_next_course_family,course_sort_order,SDW STRM YYYT,1,MATH 106,MATH 171,1,course,Advanced / Changed Course,MATH 106 2023 Sum grade B; next=MATH 171; outcome=pass,1,1,900000048-path-1,MATH 220,forward_from_first_math,MATH 106,MATH 171,MATH 171 (Repeat 1),MATH 172,,,MATH 220,1,Repeat/Stopout Risk,2235,900000048: MATH 106 -> MATH 171 -> MATH 171 (Repeat 1) -> MATH 172 -> MATH 220
2237,2023 Fall Semester,2023 Fall,900000048,MATH,171,MATH 171,PULLM,C-,1.7,900000048,MATH 171,2023 Fall,2237,1,C-,1.7,fail,0,50,gateway,calculus,2235,1,2,1,0,0,0,MATH 106,2235,MATH 171,2243,pass,1,repeat,1,0,0,2257,2.0,2,all_attempts,immediate_next_course_family,course_sort_order,SDW STRM YYYT,1,MATH 171,MATH 171,1,repeat,Repeated Same Course,MATH 171 2023 Fall grade C-; next=MATH 171; outcome=fail,1,0,,,,,,,,,,,,,,
2243,2024 Spring Semester,2024 Spr,900000048,MATH,171,MATH 171,PULLM,A-,3.7,900000048,MATH 171,2024 Spr,2243,2,A-,3.7,pass,1,50,gateway,calculus,2235,2,3,2,1,0,1,MATH 171,2237,MATH 172,2245,pass,1,forward,1,0,0,2257,2.0,2,all_attempts,immediate_next_course_family,course_sort_order,SDW STRM YYYT,1,MATH 171,MATH 172,1,course,Advanced / Changed Course,MATH 171 2024 Spr grade A-; next=MATH 172; outcome=pass,2,0,,,,,,,,,,,,,,
2245,2024 Summer Semester,2024 Sum,900000048,MATH,172,MATH 172,PULLM,C+,2.3,900000048,MATH 172,2024 Sum,2245,1,C+,2.3,pass,1,60,advanced,calculus,2235,3,4,3,1,0,0,MATH 171,2243,MATH 220,2247,fail,0,forward,1,0,0,2257,2.0,2,all_attempts,immediate_next_course_family,course_sort_order,SDW STRM YYYT,1,MATH 172,MATH 220,1,course,Advanced / Changed Course,MATH 172 2024 Sum grade C+; next=MATH 220; outcome=pass,1,0,,,,,,,,,,,,,,
2247,2024 Fall Semester,2024 Fall,900000048,MATH,220,MATH 220,PULLM,D,1.0,900000048,MATH 220,2024 Fall,2247,1,D,1.0,fail,0,100,advanced,linear_algebra,2235,4,5,4,1,0,0,MATH 172,2245,,,,,terminal,,1,0,2257,2.0,2,all_attempts,immediate_next_course_family,course_sort_order,SDW STRM YYYT,1,MATH 220,No Further Course,1,target,No Further Course,MATH 220 2024 Fall grade D; next=No Further Course; outcome=fail,1,0,,,,,,,,,,,,,,
2233,2023 Spring Semester,2023 Spr,900000049,MATH,103,MATH 103,PULLM,B-,2.7,900000049,MATH 103,2023 Spr,2233,1,B-,2.7,pass,1,20,gateway,algebra,2233,0,1,0,0,0,0,,,MATH 106,2237,pass,1,forward,2,0,0,2257,2.0,2,all_attempts,immediate_next_course_family,course_sort_order,SDW STRM YYYT,1,MATH 103,MATH 106,1,course,Advanced / Changed Course,MATH 103 2023 Spr grade B-; next=MATH 106; outcome=pass,1,1,900000049-path-1,MATH 220,forward_from_first_math,MATH 103,MATH 106,MATH 108,,,,MATH 220,1,Completed/Persisted,2233,900000049: MATH 103 -> MATH 106 -> MATH 108 -> MATH 220
2237,2023 Fall Semester,2023 Fall,900000049,MATH,106,MATH 106,PULLM,B+,3.3,900000049,MATH 106,2023 Fall,2237,1,B+,3.3,pass,1,30,gateway,algebra,2233,2,2,1,0,0,0,MATH 103,2233,MATH 108,2245,pass,1,forward,2,0,0,2257,2.0,2,all_attempts,immediate_next_course_family,course_sort_order,SDW STRM YYYT,1,MATH 106,MATH 108,1,course,Advanced / Changed Course,MATH 106 2023 Fall grade B+; next=MATH 108; outcome=pass,1,0,,,,,,,,,,,,,,
2245,2024 Summer Semester,2024 Sum,900000049,MATH,108,MATH 108,PULLM,C+,2.3,900000049,MATH 108,2024 Sum,2245,1,C+,2.3,pass,1,40,gateway,business_quant,2233,4,3,2,0,0,0,MATH 106,2237,MATH 220,2247,pass,1,forward,1,0,0,2257,2.0,2,all_attempts,immediate_next_course_family,course_sort_order,SDW STRM YYYT,1,MATH 108,MATH 220,1,course,Advanced / Changed Course,MATH 108 2024 Sum grade C+; next=MATH 220; outcome=pass,1,0,,,,,,,,,,,,,,
2247,2024 Fall Semester,2024 Fall,900000049,MATH,220,MATH 220,PULLM,B,3.0,900000049,MATH 220,2024 Fall,2247,1,B,3.0,pass,1,100,advanced,linear_algebra,2233,5,4,3,0,0,0,MATH 108,2245,,,,,terminal,,1,0,2257,2.0,2,all_attempts,immediate_next_course_family,course_sort_order,SDW STRM YYYT,1,MATH 220,No Further Course,1,target,No Further Course,MATH 220 2024 Fall grade B; next=No Further Course; outcome=pass,1,0,,,,,,,,,,,,,,
2233,2023 Spring Semester,2023 Spr,900000050,MATH,100,MATH 100,PULLM,A,4.0,900000050,MATH 100,2023 Spr,2233,1,A,4.0,pass,1,10,developmental,algebra,2233,0,1,0,0,0,0,,,MATH 103,2235,fail,0,forward,1,0,0,2257,2.0,2,all_attempts,immediate_next_course_family,course_sort_order,SDW STRM YYYT,1,MATH 100,MATH 103,1,course,Advanced / Changed Course,MATH 100 2023 Spr grade A; next=MATH 103; outcome=pass,1,1,900000050-path-1,MATH 171,forward_from_first_math,MATH 100,MATH 103,MATH 106,,,,MATH 171,1,Completed/Persisted,2233,900000050: MATH 100 -> MATH 103 -> MATH 106 -> MATH 171
2235,2023 Summer Semester,2023 Sum,900000050,MATH,103,MATH 103,PULLM,D,1.0,900000050,MATH 103,2023 Sum,2235,1,D,1.0,fail,0,20,gateway,algebra,2233,1,2,1,0,0,0,MATH 100,2233,MATH 106,2237,withdraw,0,forward,1,0,0,2257,2.0,2,all_attempts,immediate_next_course_family,course_sort_order,SDW STRM YYYT,1,MATH 103,MATH 106,1,course,Advanced / Changed Course,MATH 103 2023 Sum grade D; next=MATH 106; outcome=fail,1,0,,,,,,,,,,,,,,
2237,2023 Fall Semester,2023 Fall,900000050,MATH,106,MATH 106,PULLM,W,,900000050,MATH 106,2023 Fall,2237,1,W,,withdraw,0,30,gateway,algebra,2233,2,3,2,1,0,0,MATH 103,2235,MATH 171,2243,pass,1,forward,1,0,0,2257,2.0,2,all_attempts,immediate_next_course_family,course_sort_order,SDW STRM YYYT,1,MATH 106,MATH 171,1,course,Advanced / Changed Course,MATH 106 2023 Fall grade W; next=MATH 171; outcome=withdraw,1,0,,,,,,,,,,,,,,
2243,2024 Spring Semester,2024 Spr,900000050,MATH,171,MATH 171,PULLM,B,3.0,900000050,MATH 171,2024 Spr,2243,1,B,3.0,pass,1,50,gateway,calculus,2233,3,4,3,1,1,0,MATH 106,2237,,,,,terminal,,1,0,2257,2.0,2,all_attempts,immediate_next_course_family,course_sort_order,SDW STRM YYYT,1,MATH 171,No Further Course,1,course,No Further Course,MATH 171 2024 Spr grade B; next=No Further Course; outcome=pass,1,0,,,,,,,,,,,,,,
2235,2023 Summer Semester,2023 Sum,900000051,MATH,106,MATH 106,SPOKA,B,3.0,900000051,MATH 106,2023 Sum,2235,1,B,3.0,pass,1,30,gateway,algebra,2235,0,1,0,0,0,0,,,MATH 171,2237,pass,1,forward,1,0,0,2257,2.0,2,all_attempts,immediate_next_course_family,course_sort_order,SDW STRM YYYT,1,MATH 106,MATH 171,1,course,Advanced / Changed Course,MATH 106 2023 Sum grade B; next=MATH 171; outcome=pass,1,1,900000051-path-1,MATH 220,forward_from_first_math,MATH 106,MATH 171,MATH 172,,,,MATH 220,1,Repeat/Stopout Risk,2235,900000051: MATH 106 -> MATH 171 -> MATH 172 -> MATH 220
2237,2023 Fall Semester,2023 Fall,900000051,MATH,171,MATH 171,SPOKA,B+,3.3,900000051,MATH 171,2023 Fall,2237,1,B+,3.3,pass,1,50,gateway,calculus,2235,1,2,1,0,0,0,MATH 106,2235,MATH 172,2243,fail,0,forward,1,0,0,2257,2.0,2,all_attempts,immediate_next_course_family,course_sort_order,SDW STRM YYYT,1,MATH 171,MATH 172,1,course,Advanced / Changed Course,MATH 171 2023 Fall grade B+; next=MATH 172; outcome=pass,1,0,,,,,,,,,,,,,,
2243,2024 Spring Semester,2024 Spr,900000051,MATH,172,MATH 172,SPOKA,F,0.0,900000051,MATH 172,2024 Spr,2243,1,F,0.0,fail,0,60,advanced,calculus,2235,2,3,2,0,0,0,MATH 171,2237,MATH 220,2247,fail,0,forward,2,0,0,2257,2.0,2,all_attempts,immediate_next_course_family,course_sort_order,SDW STRM YYYT,1,MATH 172,MATH 220,1,course,Advanced / Changed Course,MATH 172 2024 Spr grade F; next=MATH 220; outcome=fail,1,0,,,,,,,,,,,,,,
2247,2024 Fall Semester,2024 Fall,900000051,MATH,220,MATH 220,SPOKA,D,1.0,900000051,MATH 220,2024 Fall,2247,1,D,1.0,fail,0,100,advanced,linear_algebra,2235,4,4,3,1,0,0,MATH 172,2243,,,,,terminal,,1,0,2257,2.0,2,all_attempts,immediate_next_course_family,course_sort_order,SDW STRM YYYT,1,MATH 220,No Further Course,1,target,No Further Course,MATH 220 2024 Fall grade D; next=No Further Course; outcome=fail,1,0,,,,,,,,,,,,,,
2227,2022 Fall Semester,2022 Fall,900000052,MATH,171,MATH 171,SPOKA,B,3.0,900000052,MATH 171,2022 Fall,2227,1,B,3.0,pass,1,50,gateway,calculus,2227,0,1,0,0,0,0,,,MATH 172,2233,pass,1,forward,1,0,0,2257,2.0,2,all_attempts,immediate_next_course_family,course_sort_order,SDW STRM YYYT,1,MATH 171,MATH 172,1,course,Advanced / Changed Course,MATH 171 2022 Fall grade B; next=MATH 172; outcome=pass,1,1,900000052-path-1,MATH 220,forward_from_first_math,MATH 171,MATH 172,MATH 216,,,,MATH 220,1,Completed/Persisted,2227,900000052: MATH 171 -> MATH 172 -> MATH 216 -> MATH 220
2233,2023 Spring Semester,2023 Spr,900000052,MATH,172,MATH 172,SPOKA,B-,2.7,900000052,MATH 172,2023 Spr,2233,1,B-,2.7,pass,1,60,advanced,calculus,2227,1,2,1,0,0,0,MATH 171,2227,MATH 216,2235,pass,1,forward,1,0,0,2257,2.0,2,all_attempts,immediate_next_course_family,course_sort_order,SDW STRM YYYT,1,MATH 172,MATH 216,1,course,Advanced / Changed Course,MATH 172 2023 Spr grade B-; next=MATH 216; outcome=pass,1,0,,,,,,,,,,,,,,
2235,2023 Summer Semester,2023 Sum,900000052,MATH,216,MATH 216,SPOKA,B,3.0,900000052,MATH 216,2023 Sum,2235,1,B,3.0,pass,1,90,advanced,calculus,2227,2,3,2,0,0,0,MATH 172,2233,MATH 220,2243,pass,1,forward,2,0,0,2257,2.0,2,all_attempts,immediate_next_course_family,course_sort_order,SDW STRM YYYT,1,MATH 216,MATH 220,1,course,Advanced / Changed Course,MATH 216 2023 Sum grade B; next=MATH 220; outcome=pass,1,0,,,,,,,,,,,,,,
2243,2024 Spring Semester,2024 Spr,900000052,MATH,220,MATH 220,SPOKA,C,2.0,900000052,MATH 220,2024 Spr,2243,1,C,2.0,pass,1,100,advanced,linear_algebra,2227,4,4,3,0,0,0,MATH 216,2235,,,,,terminal,,1,0,2257,2.0,2,all_attempts,immediate_next_course_family,course_sort_order,SDW STRM YYYT,1,MATH 220,No Further Course,1,target,No Further Course,MATH 220 2024 Spr grade C; next=No Further Course; outcome=pass,1,0,,,,,,,,,,,,,,
2233,2023 Spring Semester,2023 Spr,900000053,MATH,106,MATH 106,PULLM,C,2.0,900000053,MATH 106,2023 Spr,2233,1,C,2.0,pass,1,30,gateway,algebra,2233,0,1,0,0,0,0,,,MATH 171,2235,fail,0,forward,1,0,0,2257,2.0,2,all_attempts,immediate_next_course_family,course_sort_order,SDW STRM YYYT,1,MATH 106,MATH 171,1,course,Advanced / Changed Course,MATH 106 2023 Spr grade C; next=MATH 171; outcome=pass,1,1,900000053-path-1,MATH 220,forward_from_first_math,MATH 106,MATH 171,MATH 172,,,,MATH 220,1,Completed/Persisted,2233,900000053: MATH 106 -> MATH 171 -> MATH 172 -> MATH 220
2235,2023 Summer Semester,2023 Sum,900000053,MATH,171,MATH 171,PULLM,C-,1.7,900000053,MATH 171,2023 Sum,2235,1,C-,1.7,fail,0,50,gateway,calculus,2233,1,2,1,0,0,0,MATH 106,2233,MATH 172,2237,pass,1,forward,1,0,0,2257,2.0,2,all_attempts,immediate_next_course_family,course_sort_order,SDW STRM YYYT,1,MATH 171,MATH 172,1,course,Advanced / Changed Course,MATH 171 2023 Sum grade C-; next=MATH 172; outcome=fail,1,0,,,,,,,,,,,,,,
2237,2023 Fall Semester,2023 Fall,900000053,MATH,172,MATH 172,PULLM,B,3.0,900000053,MATH 172,2023 Fall,2237,1,B,3.0,pass,1,60,advanced,calculus,2233,2,3,2,1,0,0,MATH 171,2235,MATH 220,2243,pass,1,forward,1,0,0,2257,2.0,2,all_attempts,immediate_next_course_family,course_sort_order,SDW STRM YYYT,1,MATH 172,MATH 220,1,course,Advanced / Changed Course,MATH 172 2023 Fall grade B; next=MATH 220; outcome=pass,1,0,,,,,,,,,,,,,,
2243,2024 Spring Semester,2024 Spr,900000053,MATH,220,MATH 220,PULLM,B-,2.7,900000053,MATH 220,2024 Spr,2243,1,B-,2.7,pass,1,100,advanced,linear_algebra,2233,3,4,3,1,0,0,MATH 172,2237,,,,,terminal,,1,0,2257,2.0,2,all_attempts,immediate_next_course_family,course_sort_order,SDW STRM YYYT,1,MATH 220,No Further Course,1,target,No Further Course,MATH 220 2024 Spr grade B-; next=No Further Course; outcome=pass,1,0,,,,,,,,,,,,,,
2227,2022 Fall Semester,2022 Fall,900000054,MATH,103,MATH 103,PULLM,B,3.0,900000054,MATH 103,2022 Fall,2227,1,B,3.0,pass,1,20,gateway,algebra,2227,0,1,0,0,0,0,,,MATH 106,2233,pass,1,forward,1,0,0,2257,2.0,2,all_attempts,immediate_next_course_family,course_sort_order,SDW STRM YYYT,1,MATH 103,MATH 106,1,course,Advanced / Changed Course,MATH 103 2022 Fall grade B; next=MATH 106; outcome=pass,1,1,900000054-path-1,MATH 220 (Repeat 1),forward_from_first_math,MATH 103,MATH 106,MATH 108,MATH 108 (Repeat 1),MATH 220,,MATH 220 (Repeat 1),1,Completed/Persisted,2227,900000054: MATH 103 -> MATH 106 -> MATH 108 -> MATH 108 (Repeat 1) -> MATH 220 -> MATH 220 (Repeat 1)
2233,2023 Spring Semester,2023 Spr,900000054,MATH,106,MATH 106,PULLM,B-,2.7,900000054,MATH 106,2023 Spr,2233,1,B-,2.7,pass,1,30,gateway,algebra,2227,1,2,1,0,0,0,MATH 103,2227,MATH 108,2235,fail,0,forward,1,0,0,2257,2.0,2,all_attempts,immediate_next_course_family,course_sort_order,SDW STRM YYYT,1,MATH 106,MATH 108,1,course,Advanced / Changed Course,MATH 106 2023 Spr grade B-; next=MATH 108; outcome=pass,1,0,,,,,,,,,,,,,,
2235,2023 Summer Semester,2023 Sum,900000054,MATH,108,MATH 108,PULLM,F,0.0,900000054,MATH 108,2023 Sum,2235,1,F,0.0,fail,0,40,gateway,business_quant,2227,2,3,2,0,0,0,MATH 106,2233,MATH 108,2243,pass,1,repeat,2,0,0,2257,2.0,2,all_attempts,immediate_next_course_family,course_sort_order,SDW STRM YYYT,1,MATH 108,MATH 108,1,repeat,Repeated Same Course,MATH 108 2023 Sum grade F; next=MATH 108; outcome=fail,1,0,,,,,,,,,,,,,,
2243,2024 Spring Semester,2024 Spr,900000054,MATH,108,MATH 108,PULLM,B+,3.3,900000054,MATH 108,2024 Spr,2243,2,B+,3.3,pass,1,40,gateway,business_quant,2227,4,4,3,1,0,1,MATH 108,2235,MATH 220,2247,withdraw,0,forward,2,0,0,2257,2.0,2,all_attempts,immediate_next_course_family,course_sort_order,SDW STRM YYYT,1,MATH 108,MATH 220,1,course,Advanced / Changed Course,MATH 108 2024 Spr grade B+; next=MATH 220; outcome=pass,2,0,,,,,,,,,,,,,,
2247,2024 Fall Semester,2024 Fall,900000054,MATH,220,MATH 220,PULLM,W,,900000054,MATH 220,2024 Fall,2247,1,W,,withdraw,0,100,advanced,linear_algebra,2227,6,5,4,1,0,0,MATH 108,2243,MATH 220,2253,pass,1,repeat,1,0,0,2257,2.0,2,all_attempts,immediate_next_course_family,course_sort_order,SDW STRM YYYT,1,MATH 220,MATH 220,1,repeat,Repeated Same Course,MATH 220 2024 Fall grade W; next=MATH 220; outcome=withdraw,1,0,,,,,,,,,,,,,,
2253,2025 Spring Semester,2025 Spr,900000054,MATH,220,MATH 220,PULLM,B,3.0,900000054,MATH 220,2025 Spr,2253,2,B,3.0,pass,1,100,advanced,linear_algebra,2227,7,6,5,1,1,1,MATH 220,2247,,,,,terminal,,0,1,2257,2.0,2,all_attempts,immediate_next_course_family,course_sort_order,SDW STRM YYYT,0,MATH 220,,1,target,Censored Recent Term,MATH 220 2025 Spr grade B; next=censored; outcome=pass,2,0,,,,,,,,,,,,,,
2227,2022 Fall Semester,2022 Fall,900000055,MATH,201,MATH 201,PULLM,F,0.0,900000055,MATH 201,2022 Fall,2227,1,F,0.0,fail,0,70,advanced,quantitative_reasoning,2227,0,1,0,0,0,0,,,MATH 202,2233,pass,1,forward,1,0,0,2257,2.0,2,all_attempts,immediate_next_course_family,course_sort_order,SDW STRM YYYT,1,MATH 201,MATH 202,1,course,Advanced / Changed Course,MATH 201 2022 Fall grade F; next=MATH 202; outcome=fail,1,1,900000055-path-1,MATH 220,forward_from_first_math,MATH 201,MATH 202,,,,,MATH 220,1,Repeat/Stopout Risk,2227,900000055: MATH 201 -> MATH 202 -> MATH 220
2233,2023 Spring Semester,2023 Spr,900000055,MATH,202,MATH 202,PULLM,C+,2.3,900000055,MATH 202,2023 Spr,2233,1,C+,2.3,pass,1,80,advanced,quantitative_reasoning,2227,1,2,1,1,0,0,MATH 201,2227,MATH 220,2235,withdraw,0,forward,1,0,0,2257,2.0,2,all_attempts,immediate_next_course_family,course_sort_order,SDW STRM YYYT,1,MATH 202,MATH 220,1,course,Advanced / Changed Course,MATH 202 2023 Spr grade C+; next=MATH 220; outcome=pass,1,0,,,,,,,,,,,,,,
2235,2023 Summer Semester,2023 Sum,900000055,MATH,220,MATH 220,PULLM,W,,900000055,MATH 220,2023 Sum,2235,1,W,,withdraw,0,100,advanced,linear_algebra,2227,2,3,2,1,0,0,MATH 202,2233,,,,,terminal,,1,0,2257,2.0,2,all_attempts,immediate_next_course_family,course_sort_order,SDW STRM YYYT,1,MATH 220,No Further Course,1,target,No Further Course,MATH 220 2023 Sum grade W; next=No Further Course; outcome=withdraw,1,0,,,,,,,,,,,,,,
2227,2022 Fall Semester,2022 Fall,900000056,MATH,171,MATH 171,PULLM,B-,2.7,900000056,MATH 171,2022 Fall,2227,1,B-,2.7,pass,1,50,gateway,calculus,2227,0,1,0,0,0,0,,,MATH 172,2233,pass,1,forward,1,0,0,2257,2.0,2,all_attempts,immediate_next_course_family,course_sort_order,SDW STRM YYYT,1,MATH 171,MATH 172,1,course,Advanced / Changed Course,MATH 171 2022 Fall grade B-; next=MATH 172; outcome=pass,1,1,900000056-path-1,MATH 220 (Repeat 1),forward_from_first_math,MATH 171,MATH 172,MATH 216,MATH 220,,,MATH 220 (Repeat 1),1,Completed/Persisted,2227,900000056: MATH 171 -> MATH 172 -> MATH 216 -> MATH 220 -> MATH 220 (Repeat 1)
2233,2023 Spring Semester,2023 Spr,900000056,MATH,172,MATH 172,PULLM,B,3.0,900000056,MATH 172,2023 Spr,2233,1,B,3.0,pass,1,60,advanced,calculus,2227,1,2,1,0,0,0,MATH 171,2227,MATH 216,2235,pass,1,forward,1,0,0,2257,2.0,2,all_attempts,immediate_next_course_family,course_sort_order,SDW STRM YYYT,1,MATH 172,MATH 216,1,course,Advanced / Changed Course,MATH 172 2023 Spr grade B; next=MATH 216; outcome=pass,1,0,,,,,,,,,,,,,,
2235,2023 Summer Semester,2023 Sum,900000056,MATH,216,MATH 216,PULLM,A,4.0,900000056,MATH 216,2023 Sum,2235,1,A,4.0,pass,1,90,advanced,calculus,2227,2,3,2,0,0,0,MATH 172,2233,MATH 220,2237,fail,0,forward,1,0,0,2257,2.0,2,all_attempts,immediate_next_course_family,course_sort_order,SDW STRM YYYT,1,MATH 216,MATH 220,1,course,Advanced / Changed Course,MATH 216 2023 Sum grade A; next=MATH 220; outcome=pass,1,0,,,,,,,,,,,,,,
2237,2023 Fall Semester,2023 Fall,900000056,MATH,220,MATH 220,PULLM,D,1.0,900000056,MATH 220,2023 Fall,2237,1,D,1.0,fail,0,100,advanced,linear_algebra,2227,3,4,3,0,0,0,MATH 216,2235,MATH 220,2243,pass,1,repeat,1,0,0,2257,2.0,2,all_attempts,immediate_next_course_family,course_sort_order,SDW STRM YYYT,1,MATH 220,MATH 220,1,repeat,Repeated Same Course,MATH 220 2023 Fall grade D; next=MATH 220; outcome=fail,1,0,,,,,,,,,,,,,,
2243,2024 Spring Semester,2024 Spr,900000056,MATH,220,MATH 220,PULLM,C,2.0,900000056,MATH 220,2024 Spr,2243,2,C,2.0,pass,1,100,advanced,linear_algebra,2227,4,5,4,1,0,1,MATH 220,2237,,,,,terminal,,1,0,2257,2.0,2,all_attempts,immediate_next_course_family,course_sort_order,SDW STRM YYYT,1,MATH 220,No Further Course,1,target,No Further Course,MATH 220 2024 Spr grade C; next=No Further Course; outcome=pass,2,0,,,,,,,,,,,,,,
2233,2023 Spring Semester,2023 Spr,900000057,MATH,171,MATH 171,PULLM,C+,2.3,900000057,MATH 171,2023 Spr,2233,1,C+,2.3,pass,1,50,gateway,calculus,2233,0,1,0,0,0,0,,,MATH 172,2235,pass,1,forward,1,0,0,2257,2.0,2,all_attempts,immediate_next_course_family,course_sort_order,SDW STRM YYYT,1,MATH 171,MATH 172,1,course,Advanced / Changed Course,MATH 171 2023 Spr grade C+; next=MATH 172; outcome=pass,1,1,900000057-path-1,MATH 220,forward_from_first_math,MATH 171,MATH 172,MATH 216,,,,MATH 220,1,Repeat/Stopout Risk,2233,900000057: MATH 171 -> MATH 172 -> MATH 216 -> MATH 220
2235,2023 Summer Semester,2023 Sum,900000057,MATH,172,MATH 172,PULLM,B-,2.7,900000057,MATH 172,2023 Sum,2235,1,B-,2.7,pass,1,60,advanced,calculus,2233,1,2,1,0,0,0,MATH 171,2233,MATH 216,2237,pass,1,forward,1,0,0,2257,2.0,2,all_attempts,immediate_next_course_family,course_sort_order,SDW STRM YYYT,1,MATH 172,MATH 216,1,course,Advanced / Changed Course,MATH 172 2023 Sum grade B-; next=MATH 216; outcome=pass,1,0,,,,,,,,,,,,,,
2237,2023 Fall Semester,2023 Fall,900000057,MATH,216,MATH 216,PULLM,C,2.0,900000057,MATH 216,2023 Fall,2237,1,C,2.0,pass,1,90,advanced,calculus,2233,2,3,2,0,0,0,MATH 172,2235,MATH 220,2245,fail,0,forward,2,0,0,2257,2.0,2,all_attempts,immediate_next_course_family,course_sort_order,SDW STRM YYYT,1,MATH 216,MATH 220,1,course,Advanced / Changed Course,MATH 216 2023 Fall grade C; next=MATH 220; outcome=pass,1,0,,,,,,,,,,,,,,
2245,2024 Summer Semester,2024 Sum,900000057,MATH,220,MATH 220,PULLM,F,0.0,900000057,MATH 220,2024 Sum,2245,1,F,0.0,fail,0,100,advanced,linear_algebra,2233,4,4,3,0,0,0,MATH 216,2237,,,,,terminal,,1,0,2257,2.0,2,all_attempts,immediate_next_course_family,course_sort_order,SDW STRM YYYT,1,MATH 220,No Further Course,1,target,No Further Course,MATH 220 2024 Sum grade F; next=No Further Course; outcome=fail,1,0,,,,,,,,,,,,,,
2235,2023 Summer Semester,2023 Sum,900000058,MATH,100,MATH 100,PULLM,B+,3.3,900000058,MATH 100,2023 Sum,2235,1,B+,3.3,pass,1,10,developmental,algebra,2235,0,1,0,0,0,0,,,MATH 103,2237,pass,1,forward,1,0,0,2257,2.0,2,all_attempts,immediate_next_course_family,course_sort_order,SDW STRM YYYT,1,MATH 100,MATH 103,1,course,Advanced / Changed Course,MATH 100 2023 Sum grade B+; next=MATH 103; outcome=pass,1,1,900000058-path-1,MATH 171,forward_from_first_math,MATH 100,MATH 103,MATH 106,,,,MATH 171,1,Completed/Persisted,2235,900000058: MATH 100 -> MATH 103 -> MATH 106 -> MATH 171
2237,2023 Fall Semester,2023 Fall,900000058,MATH,103,MATH 103,PULLM,A,4.0,900000058,MATH 103,2023 Fall,2237,1,A,4.0,pass,1,20,gateway,algebra,2235,1,2,1,0,0,0,MATH 100,2235,MATH 106,2243,fail,0,forward,1,0,0,2257,2.0,2,all_attempts,immediate_next_course_family,course_sort_order,SDW STRM YYYT,1,MATH 103,MATH 106,1,course,Advanced / Changed Course,MATH 103 2023 Fall grade A; next=MATH 106; outcome=pass,1,0,,,,,,,,,,,,,,
2243,2024 Spring Semester,2024 Spr,900000058,MATH,106,MATH 106,PULLM,F,0.0,900000058,MATH 106,2024 Spr,2243,1,F,0.0,fail,0,30,gateway,algebra,2235,2,3,2,0,0,0,MATH 103,2237,MATH 171,2245,pass,1,forward,1,0,0,2257,2.0,2,all_attempts,immediate_next_course_family,course_sort_order,SDW STRM YYYT,1,MATH 106,MATH 171,1,course,Advanced / Changed Course,MATH 106 2024 Spr grade F; next=MATH 171; outcome=fail,1,0,,,,,,,,,,,,,,
2245,2024 Summer Semester,2024 Sum,900000058,MATH,171,MATH 171,PULLM,A,4.0,900000058,MATH 171,2024 Sum,2245,1,A,4.0,pass,1,50,gateway,calculus,2235,3,4,3,1,0,0,MATH 106,2243,,,,,terminal,,1,0,2257,2.0,2,all_attempts,immediate_next_course_family,course_sort_order,SDW STRM YYYT,1,MATH 171,No Further Course,1,course,No Further Course,MATH 171 2024 Sum grade A; next=No Further Course; outcome=pass,1,0,,,,,,,,,,,,,,
2235,2023 Summer Semester,2023 Sum,900000059,MATH,140,MATH 140,GLOBAL,F,0.0,900000059,MATH 140,2023 Sum,2235,1,F,0.0,fail,0,45,gateway,statistics,2235,0,1,0,0,0,0,,,MATH 201,2237,fail,0,forward,1,0,0,2257,2.0,2,all_attempts,immediate_next_course_family,course_sort_order,SDW STRM YYYT,1,MATH 140,MATH 201,1,course,Advanced / Changed Course,MATH 140 2023 Sum grade F; next=MATH 201; outcome=fail,1,1,900000059-path-1,MATH 202,forward_from_first_math,MATH 140,MATH 201,MATH 201 (Repeat 1),,,,MATH 202,1,Repeat/Stopout Risk,2235,900000059: MATH 140 -> MATH 201 -> MATH 201 (Repeat 1) -> MATH 202
2237,2023 Fall Semester,2023 Fall,900000059,MATH,201,MATH 201,GLOBAL,C-,1.7,900000059,MATH 201,2023 Fall,2237,1,C-,1.7,fail,0,70,advanced,quantitative_reasoning,2235,1,2,1,1,0,0,MATH 140,2235,MATH 201,2243,fail,0,repeat,1,0,0,2257,2.0,2,all_attempts,immediate_next_course_family,course_sort_order,SDW STRM YYYT,1,MATH 201,MATH 201,1,repeat,Repeated Same Course,MATH 201 2023 Fall grade C-; next=MATH 201; outcome=fail,1,0,,,,,,,,,,,,,,
2243,2024 Spring Semester,2024 Spr,900000059,MATH,201,MATH 201,GLOBAL,C-,1.7,900000059,MATH 201,2024 Spr,2243,2,C-,1.7,fail,0,70,advanced,quantitative_reasoning,2235,2,3,2,2,0,1,MATH 201,2237,MATH 202,2245,fail,0,forward,1,0,0,2257,2.0,2,all_attempts,immediate_next_course_family,course_sort_order,SDW STRM YYYT,1,MATH 201,MATH 202,1,course,Advanced / Changed Course,MATH 201 2024 Spr grade C-; next=MATH 202; outcome=fail,2,0,,,,,,,,,,,,,,
2245,2024 Summer Semester,2024 Sum,900000059,MATH,202,MATH 202,GLOBAL,C-,1.7,900000059,MATH 202,2024 Sum,2245,1,C-,1.7,fail,0,80,advanced,quantitative_reasoning,2235,3,4,3,3,0,0,MATH 201,2243,,,,,terminal,,1,0,2257,2.0,2,all_attempts,immediate_next_course_family,course_sort_order,SDW STRM YYYT,1,MATH 202,No Further Course,1,course,No Further Course,MATH 202 2024 Sum grade C-; next=No Further Course; outcome=fail,1,0,,,,,,,,,,,,,,
2227,2022 Fall Semester,2022 Fall,900000060,MATH,106,MATH 106,PULLM,A,4.0,900000060,MATH 106,2022 Fall,2227,1,A,4.0,pass,1,30,gateway,algebra,2227,0,1,0,0,0,0,,,MATH 171,2233,fail,0,forward,1,0,0,2257,2.0,2,all_attempts,immediate_next_course_family,course_sort_order,SDW STRM YYYT,1,MATH 106,MATH 171,1,course,Advanced / Changed Course,MATH 106 2022 Fall grade A; next=MATH 171; outcome=pass,1,1,900000060-path-1,MATH 220,forward_from_first_math,MATH 106,MATH 171,MATH 171 (Repeat 1),MATH 172,MATH 172 (Repeat 1),,MATH 220,1,Completed/Persisted,2227,900000060: MATH 106 -> MATH 171 -> MATH 171 (Repeat 1) -> MATH 172 -> MATH 172 (Repeat 1) -> MATH 220
2233,2023 Spring Semester,2023 Spr,900000060,MATH,171,MATH 171,PULLM,D,1.0,900000060,MATH 171,2023 Spr,2233,1,D,1.0,fail,0,50,gateway,calculus,2227,1,2,1,0,0,0,MATH 106,2227,MATH 171,2235,fail,0,repeat,1,0,0,2257,2.0,2,all_attempts,immediate_next_course_family,course_sort_order,SDW STRM YYYT,1,MATH 171,MATH 171,1,repeat,Repeated Same Course,MATH 171 2023 Spr grade D; next=MATH 171; outcome=fail,1,0,,,,,,,,,,,,,,
2235,2023 Summer Semester,2023 Sum,900000060,MATH,171,MATH 171,PULLM,F,0.0,900000060,MATH 171,2023 Sum,2235,2,F,0.0,fail,0,50,gateway,calculus,2227,2,3,2,1,0,1,MATH 171,2233,MATH 172,2237,fail,0,forward,1,0,0,2257,2.0,2,all_attempts,immediate_next_course_family,course_sort_order,SDW STRM YYYT,1,MATH 171,MATH 172,1,course,Advanced / Changed Course,MATH 171 2023 Sum grade F; next=MATH 172; outcome=fail,2,0,,,,,,,,,,,,,,
2237,2023 Fall Semester,2023 Fall,900000060,MATH,172,MATH 172,PULLM,D,1.0,900000060,MATH 172,2023 Fall,2237,1,D,1.0,fail,0,60,advanced,calculus,2227,3,4,3,2,0,0,MATH 171,2235,MATH 172,2245,fail,0,repeat,2,0,0,2257,2.0,2,all_attempts,immediate_next_course_family,course_sort_order,SDW STRM YYYT,1,MATH 172,MATH 172,1,repeat,Repeated Same Course,MATH 172 2023 Fall grade D; next=MATH 172; outcome=fail,1,0,,,,,,,,,,,,,,
2245,2024 Summer Semester,2024 Sum,900000060,MATH,172,MATH 172,PULLM,F,0.0,900000060,MATH 172,2024 Sum,2245,2,F,0.0,fail,0,60,advanced,calculus,2227,5,5,4,3,0,1,MATH 172,2237,MATH 220,2247,pass,1,forward,1,0,0,2257,2.0,2,all_attempts,immediate_next_course_family,course_sort_order,SDW STRM YYYT,1,MATH 172,MATH 220,1,course,Advanced / Changed Course,MATH 172 2024 Sum grade F; next=MATH 220; outcome=fail,2,0,,,,,,,,,,,,,,
2247,2024 Fall Semester,2024 Fall,900000060,MATH,220,MATH 220,PULLM,B-,2.7,900000060,MATH 220,2024 Fall,2247,1,B-,2.7,pass,1,100,advanced,linear_algebra,2227,6,6,5,4,0,0,MATH 172,2245,,,,,terminal,,1,0,2257,2.0,2,all_attempts,immediate_next_course_family,course_sort_order,SDW STRM YYYT,1,MATH 220,No Further Course,1,target,No Further Course,MATH 220 2024 Fall grade B-; next=No Further Course; outcome=pass,1,0,,,,,,,,,,,,,,
2233,2023 Spring Semester,2023 Spr,900000061,MATH,103,MATH 103,PULLM,D+,1.3,900000061,MATH 103,2023 Spr,2233,1,D+,1.3,fail,0,20,gateway,algebra,2233,0,1,0,0,0,0,,,MATH 106,2235,pass,1,forward,1,0,0,2257,2.0,2,all_attempts,immediate_next_course_family,course_sort_order,SDW STRM YYYT,1,MATH 103,MATH 106,1,course,Advanced / Changed Course,MATH 103 2023 Spr grade D+; next=MATH 106; outcome=fail,1,1,900000061-path-1,MATH 172,forward_from_first_math,MATH 103,MATH 106,MATH 171,,,,MATH 172,1,Completed/Persisted,2233,900000061: MATH 103 -> MATH 106 -> MATH 171 -> MATH 172
2235,2023 Summer Semester,2023 Sum,900000061,MATH,106,MATH 106,PULLM,B,3.0,900000061,MATH 106,2023 Sum,2235,1,B,3.0,pass,1,30,gateway,algebra,2233,1,2,1,1,0,0,MATH 103,2233,MATH 171,2237,fail,0,forward,1,0,0,2257,2.0,2,all_attempts,immediate_next_course_family,course_sort_order,SDW STRM YYYT,1,MATH 106,MATH 171,1,course,Advanced / Changed Course,MATH 106 2023 Sum grade B; next=MATH 171; outcome=pass,1,0,,,,,,,,,,,,,,
2237,2023 Fall Semester,2023 Fall,900000061,MATH,171,MATH 171,PULLM,D,1.0,900000061,MATH 171,2023 Fall,2237,1,D,1.0,fail,0,50,gateway,calculus,2233,2,3,2,1,0,0,MATH 106,2235,MATH 172,2243,pass,1,forward,1,0,0,2257,2.0,2,all_attempts,immediate_next_course_family,course_sort_order,SDW STRM YYYT,1,MATH 171,MATH 172,1,course,Advanced / Changed Course,MATH 171 2023 Fall grade D; next=MATH 172; outcome=fail,1,0,,,,,,,,,,,,,,
2243,2024 Spring Semester,2024 Spr,900000061,MATH,172,MATH 172,PULLM,A,4.0,900000061,MATH 172,2024 Spr,2243,1,A,4.0,pass,1,60,advanced,calculus,2233,3,4,3,2,0,0,MATH 171,2237,,,,,terminal,,1,0,2257,2.0,2,all_attempts,immediate_next_course_family,course_sort_order,SDW STRM YYYT,1,MATH 172,No Further Course,1,course,No Further Course,MATH 172 2024 Spr grade A; next=No Further Course; outcome=pass,1,0,,,,,,,,,,,,,,
2235,2023 Summer Semester,2023 Sum,900000062,MATH,100,MATH 100,TRIC,A-,3.7,900000062,MATH 100,2023 Sum,2235,1,A-,3.7,pass,1,10,developmental,algebra,2235,0,1,0,0,0,0,,,MATH 103,2243,fail,0,forward,2,0,0,2257,2.0,2,all_attempts,immediate_next_course_family,course_sort_order,SDW STRM YYYT,1,MATH 100,MATH 103,1,course,Advanced / Changed Course,MATH 100 2023 Sum grade A-; next=MATH 103; outcome=pass,1,1,900000062-path-1,MATH 171,forward_from_first_math,MATH 100,MATH 103,MATH 103 (Repeat 1),MATH 106,MATH 106 (Repeat 1),,MATH 171,1,Completed/Persisted,2235,900000062: MATH 100 -> MATH 103 -> MATH 103 (Repeat 1) -> MATH 106 -> MATH 106 (Repeat 1) -> MATH 171
2243,2024 Spring Semester,2024 Spr,900000062,MATH,103,MATH 103,TRIC,D,1.0,900000062,MATH 103,2024 Spr,2243,1,D,1.0,fail,0,20,gateway,algebra,2235,2,2,1,0,0,0,MATH 100,2235,MATH 103,2247,pass,1,repeat,2,0,0,2257,2.0,2,all_attempts,immediate_next_course_family,course_sort_order,SDW STRM YYYT,1,MATH 103,MATH 103,1,repeat,Repeated Same Course,MATH 103 2024 Spr grade D; next=MATH 103; outcome=fail,1,0,,,,,,,,,,,,,,
2247,2024 Fall Semester,2024 Fall,900000062,MATH,103,MATH 103,TRIC,B,3.0,900000062,MATH 103,2024 Fall,2247,2,B,3.0,pass,1,20,gateway,algebra,2235,4,3,2,1,0,1,MATH 103,2243,MATH 106,2253,fail,0,forward,1,0,0,2257,2.0,2,all_attempts,immediate_next_course_family,course_sort_order,SDW STRM YYYT,1,MATH 103,MATH 106,1,course,Advanced / Changed Course,MATH 103 2024 Fall grade B; next=MATH 106; outcome=pass,2,0,,,,,,,,,,,,,,
2253,2025 Spring Semester,2025 Spr,900000062,MATH,106,MATH 106,TRIC,D,1.0,900000062,MATH 106,2025 Spr,2253,1,D,1.0,fail,0,30,gateway,algebra,2235,5,4,3,1,0,0,MATH 103,2247,MATH 106,2257,pass,1,repeat,1,0,0,2257,2.0,2,all_attempts,immediate_next_course_family,course_sort_order,SDW STRM YYYT,1,MATH 106,MATH 106,1,repeat,Repeated Same Course,MATH 106 2025 Spr grade D; next=MATH 106; outcome=fail,1,0,,,,,,,,,,,,,,
2257,2025 Fall Semester,2025 Fall,900000062,MATH,106,MATH 106,TRIC,B-,2.7,900000062,MATH 106,2025 Fall,2257,2,B-,2.7,pass,1,30,gateway,algebra,2235,6,5,4,2,0,1,MATH 106,2253,MATH 171,2257,pass,1,forward,0,0,0,2257,2.0,2,all_attempts,immediate_next_course_family,course_sort_order,SDW STRM YYYT,1,MATH 106,MATH 171,1,course,Advanced / Changed Course,MATH 106 2025 Fall grade B-; next=MATH 171; outcome=pass,2,0,,,,,,,,,,,,,,
2257,2025 Fall Semester,2025 Fall,900000062,MATH,171,MATH 171,TRIC,A,4.0,900000062,MATH 171,2025 Fall,2257,1,A,4.0,pass,1,50,gateway,calculus,2235,6,6,5,2,0,0,MATH 106,2257,,,,,terminal,,0,1,2257,2.0,2,all_attempts,immediate_next_course_family,course_sort_order,SDW STRM YYYT,0,MATH 171,,1,course,Censored Recent Term,MATH 171 2025 Fall grade A; next=censored; outcome=pass,1,0,,,,,,,,,,,,,,
2235,2023 Summer Semester,2023 Sum,900000063,MATH,106,MATH 106,PULLM,F,0.0,900000063,MATH 106,2023 Sum,2235,1,F,0.0,fail,0,30,gateway,algebra,2235,0,1,0,0,0,0,,,MATH 171,2237,fail,0,forward,1,0,0,2257,2.0,2,all_attempts,immediate_next_course_family,course_sort_order,SDW STRM YYYT,1,MATH 106,MATH 171,1,course,Advanced / Changed Course,MATH 106 2023 Sum grade F; next=MATH 171; outcome=fail,1,1,900000063-path-1,MATH 220 (Repeat 1),forward_from_first_math,MATH 106,MATH 171,MATH 172,MATH 220,,,MATH 220 (Repeat 1),1,Repeat/Stopout Risk,2235,900000063: MATH 106 -> MATH 171 -> MATH 172 -> MATH 220 -> MATH 220 (Repeat 1)
2237,2023 Fall Semester,2023 Fall,900000063,MATH,171,MATH 171,PULLM,C-,1.7,900000063,MATH 171,2023 Fall,2237,1,C-,1.7,fail,0,50,gateway,calculus,2235,1,2,1,1,0,0,MATH 106,2235,MATH 172,2243,pass,1,forward,1,0,0,2257,2.0,2,all_attempts,immediate_next_course_family,course_sort_order,SDW STRM YYYT,1,MATH 171,MATH 172,1,course,Advanced / Changed Course,MATH 171 2023 Fall grade C-; next=MATH 172; outcome=fail,1,0,,,,,,,,,,,,,,
2243,2024 Spring Semester,2024 Spr,900000063,MATH,172,MATH 172,PULLM,A,4.0,900000063,MATH 172,2024 Spr,2243,1,A,4.0,pass,1,60,advanced,calculus,2235,2,3,2,2,0,0,MATH 171,2237,MATH 220,2245,withdraw,0,forward,1,0,0,2257,2.0,2,all_attempts,immediate_next_course_family,course_sort_order,SDW STRM YYYT,1,MATH 172,MATH 220,1,course,Advanced / Changed Course,MATH 172 2024 Spr grade A; next=MATH 220; outcome=pass,1,0,,,,,,,,,,,,,,
2245,2024 Summer Semester,2024 Sum,900000063,MATH,220,MATH 220,PULLM,W,,900000063,MATH 220,2024 Sum,2245,1,W,,withdraw,0,100,advanced,linear_algebra,2235,3,4,3,2,0,0,MATH 172,2243,MATH 220,2247,fail,0,repeat,1,0,0,2257,2.0,2,all_attempts,immediate_next_course_family,course_sort_order,SDW STRM YYYT,1,MATH 220,MATH 220,1,repeat,Repeated Same Course,MATH 220 2024 Sum grade W; next=MATH 220; outcome=withdraw,1,0,,,,,,,,,,,,,,
2247,2024 Fall Semester,2024 Fall,900000063,MATH,220,MATH 220,PULLM,D,1.0,900000063,MATH 220,2024 Fall,2247,2,D,1.0,fail,0,100,advanced,linear_algebra,2235,4,5,4,2,1,1,MATH 220,2245,,,,,terminal,,1,0,2257,2.0,2,all_attempts,immediate_next_course_family,course_sort_order,SDW STRM YYYT,1,MATH 220,No Further Course,1,target,No Further Course,MATH 220 2024 Fall grade D; next=No Further Course; outcome=fail,2,0,,,,,,,,,,,,,,
2235,2023 Summer Semester,2023 Sum,900000064,MATH,220,MATH 220,GLOBAL,C-,1.7,900000064,MATH 220,2023 Sum,2235,1,C-,1.7,fail,0,100,advanced,linear_algebra,2235,0,1,0,0,0,0,,,MATH 220,2237,pass,1,repeat,1,0,0,2257,2.0,2,all_attempts,immediate_next_course_family,course_sort_order,SDW STRM YYYT,1,MATH 220,MATH 220,1,repeat,Repeated Same Course,MATH 220 2023 Sum grade C-; next=MATH 220; outcome=fail,1,1,900000064-path-1,MATH 220 (Repeat 1),forward_from_first_math,MATH 220,,,,,,MATH 220 (Repeat 1),1,Completed/Persisted,2235,900000064: MATH 220 -> MATH 220 (Repeat 1)
2237,2023 Fall Semester,2023 Fall,900000064,MATH,220,MATH 220,GLOBAL,B-,2.7,900000064,MATH 220,2023 Fall,2237,2,B-,2.7,pass,1,100,advanced,linear_algebra,2235,1,2,1,1,0,1,MATH 220,2235,,,,,terminal,,1,0,2257,2.0,2,all_attempts,immediate_next_course_family,course_sort_order,SDW STRM YYYT,1,MATH 220,No Further Course,1,target,No Further Course,MATH 220 2023 Fall grade B-; next=No Further Course; outcome=pass,2,0,,,,,,,,,,,,,,
2235,2023 Summer Semester,2023 Sum,900000065,MATH,171,MATH 171,PULLM,C-,1.7,900000065,MATH 171,2023 Sum,2235,1,C-,1.7,fail,0,50,gateway,calculus,2235,0,1,0,0,0,0,,,MATH 171,2237,pass,1,repeat,1,0,0,2257,2.0,2,all_attempts,immediate_next_course_family,course_sort_order,SDW STRM YYYT,1,MATH 171,MATH 171,1,repeat,Repeated Same Course,MATH 171 2023 Sum grade C-; next=MATH 171; outcome=fail,1,1,900000065-path-1,MATH 216,forward_from_first_math,MATH 171,MATH 171 (Repeat 1),MATH 172,MATH 172 (Repeat 1),,,MATH 216,1,Repeat/Stopout Risk,2235,900000065: MATH 171 -> MATH 171 (Repeat 1) -> MATH 172 -> MATH 172 (Repeat 1) -> MATH 216
2237,2023 Fall Semester,2023 Fall,900000065,MATH,171,MATH 171,PULLM,B-,2.7,900000065,MATH 171,2023 Fall,2237,2,B-,2.7,pass,1,50,gateway,calculus,2235,1,2,1,1,0,1,MATH 171,2235,MATH 172,2243,fail,0,forward,1,0,0,2257,2.0,2,all_attempts,immediate_next_course_family,course_sort_order,SDW STRM YYYT,1,MATH 171,MATH 172,1,course,Advanced / Changed Course,MATH 171 2023 Fall grade B-; next=MATH 172; outcome=pass,2,0,,,,,,,,,,,,,,
2243,2024 Spring Semester,2024 Spr,900000065,MATH,172,MATH 172,PULLM,C-,1.7,900000065,MATH 172,2024 Spr,2243,1,C-,1.7,fail,0,60,advanced,calculus,2235,2,3,2,1,0,0,MATH 171,2237,MATH 172,2245,pass,1,repeat,1,0,0,2257,2.0,2,all_attempts,immediate_next_course_family,course_sort_order,SDW STRM YYYT,1,MATH 172,MATH 172,1,repeat,Repeated Same Course,MATH 172 2024 Spr grade C-; next=MATH 172; outcome=fail,1,0,,,,,,,,,,,,,,
2245,2024 Summer Semester,2024 Sum,900000065,MATH,172,MATH 172,PULLM,C+,2.3,900000065,MATH 172,2024 Sum,2245,2,C+,2.3,pass,1,60,advanced,calculus,2235,3,4,3,2,0,1,MATH 172,2243,MATH 216,2253,fail,0,forward,2,0,0,2257,2.0,2,all_attempts,immediate_next_course_family,course_sort_order,SDW STRM YYYT,1,MATH 172,MATH 216,1,course,Advanced / Changed Course,MATH 172 2024 Sum grade C+; next=MATH 216; outcome=pass,2,0,,,,,,,,,,,,,,
2253,2025 Spring Semester,2025 Spr,900000065,MATH,216,MATH 216,PULLM,F,0.0,900000065,MATH 216,2025 Spr,2253,1,F,0.0,fail,0,90,advanced,calculus,2235,5,5,4,2,0,0,MATH 172,2245,,,,,terminal,,0,1,2257,2.0,2,all_attempts,immediate_next_course_family,course_sort_order,SDW STRM YYYT,0,MATH 216,,1,course,Censored Recent Term,MATH 216 2025 Spr grade F; next=censored; outcome=fail,1,0,,,,,,,,,,,,,,
2227,2022 Fall Semester,2022 Fall,900000066,MATH,100,MATH 100,TRIC,C-,1.7,900000066,MATH 100,2022 Fall,2227,1,C-,1.7,fail,0,10,developmental,algebra,2227,0,1,0,0,0,0,,,MATH 100,2233,fail,0,repeat,1,0,0,2257,2.0,2,all_attempts,immediate_next_course_family,course_sort_order,SDW STRM YYYT,1,MATH 100,MATH 100,1,repeat,Repeated Same Course,MATH 100 2022 Fall grade C-; next=MATH 100; outcome=fail,1,1,900000066-path-1,MATH 171 (Repeat 1),forward_from_first_math,MATH 100,MATH 100 (Repeat 1),MATH 103,MATH 106,MATH 171,,MATH 171 (Repeat 1),1,Repeat/Stopout Risk,2227,900000066: MATH 100 -> MATH 100 (Repeat 1) -> MATH 103 -> MATH 106 -> MATH 171 -> MATH 171 (Repeat 1)
2233,2023 Spring Semester,2023 Spr,900000066,MATH,100,MATH 100,TRIC,D+,1.3,900000066,MATH 100,2023 Spr,2233,2,D+,1.3,fail,0,10,developmental,algebra,2227,1,2,1,1,0,1,MATH 100,2227,MATH 103,2235,withdraw,0,forward,1,0,0,2257,2.0,2,all_attempts,immediate_next_course_family,course_sort_order,SDW STRM YYYT,1,MATH 100,MATH 103,1,course,Advanced / Changed Course,MATH 100 2023 Spr grade D+; next=MATH 103; outcome=fail,2,0,,,,,,,,,,,,,,
2235,2023 Summer Semester,2023 Sum,900000066,MATH,103,MATH 103,TRIC,W,,900000066,MATH 103,2023 Sum,2235,1,W,,withdraw,0,20,gateway,algebra,2227,2,3,2,2,0,0,MATH 100,2233,MATH 106,2237,fail,0,forward,1,0,0,2257,2.0,2,all_attempts,immediate_next_course_family,course_sort_order,SDW STRM YYYT,1,MATH 103,MATH 106,1,course,Advanced / Changed Course,MATH 103 2023 Sum grade W; next=MATH 106; outcome=withdraw,1,0,,,,,,,,,,,,,,
2237,2023 Fall Semester,2023 Fall,900000066,MATH,106,MATH 106,TRIC,C-,1.7,900000066,MATH 106,2023 Fall,2237,1,C-,1.7,fail,0,30,gateway,algebra,2227,3,4,3,2,1,0,MATH 103,2235,MATH 171,2243,fail,0,forward,1,0,0,2257,2.0,2,all_attempts,immediate_next_course_family,course_sort_order,SDW STRM YYYT,1,MATH 106,MATH 171,1,course,Advanced / Changed Course,MATH 106 2023 Fall grade C-; next=MATH 171; outcome=fail,1,0,,,,,,,,,,,,,,
2243,2024 Spring Semester,2024 Spr,900000066,MATH,171,MATH 171,TRIC,F,0.0,900000066,MATH 171,2024 Spr,2243,1,F,0.0,fail,0,50,gateway,calculus,2227,4,5,4,3,1,0,MATH 106,2237,MATH 171,2245,fail,0,repeat,1,0,0,2257,2.0,2,all_attempts,immediate_next_course_family,course_sort_order,SDW STRM YYYT,1,MATH 171,MATH 171,1,repeat,Repeated Same Course,MATH 171 2024 Spr grade F; next=MATH 171; outcome=fail,1,0,,,,,,,,,,,,,,
2245,2024 Summer Semester,2024 Sum,900000066,MATH,171,MATH 171,TRIC,F,0.0,900000066,MATH 171,2024 Sum,2245,2,F,0.0,fail,0,50,gateway,calculus,2227,5,6,5,4,1,1,MATH 171,2243,,,,,terminal,,1,0,2257,2.0,2,all_attempts,immediate_next_course_family,course_sort_order,SDW STRM YYYT,1,MATH 171,No Further Course,1,course,No Further Course,MATH 171 2024 Sum grade F; next=No Further Course; outcome=fail,2,0,,,,,,,,,,,,,,
2233,2023 Spring Semester,2023 Spr,900000067,MATH,171,MATH 171,TRIC,W,,900000067,MATH 171,2023 Spr,2233,1,W,,withdraw,0,50,gateway,calculus,2233,0,1,0,0,0,0,,,MATH 171,2235,pass,1,repeat,1,0,0,2257,2.0,2,all_attempts,immediate_next_course_family,course_sort_order,SDW STRM YYYT,1,MATH 171,MATH 171,1,repeat,Repeated Same Course,MATH 171 2023 Spr grade W; next=MATH 171; outcome=withdraw,1,1,900000067-path-1,MATH 220,forward_from_first_math,MATH 171,MATH 171 (Repeat 1),MATH 172,MATH 216,,,MATH 220,1,Repeat/Stopout Risk,2233,900000067: MATH 171 -> MATH 171 (Repeat 1) -> MATH 172 -> MATH 216 -> MATH 220
2235,2023 Summer Semester,2023 Sum,900000067,MATH,171,MATH 171,TRIC,B-,2.7,900000067,MATH 171,2023 Sum,2235,2,B-,2.7,pass,1,50,gateway,calculus,2233,1,2,1,0,1,1,MATH 171,2233,MATH 172,2243,pass,1,forward,2,0,0,2257,2.0,2,all_attempts,immediate_next_course_family,course_sort_order,SDW STRM YYYT,1,MATH 171,MATH 172,1,course,Advanced / Changed Course,MATH 171 2023 Sum grade B-; next=MATH 172; outcome=pass,2,0,,,,,,,,,,,,,,
2243,2024 Spring Semester,2024 Spr,900000067,MATH,172,MATH 172,TRIC,B,3.0,900000067,MATH 172,2024 Spr,2243,1,B,3.0,pass,1,60,advanced,calculus,2233,3,3,2,0,1,0,MATH 171,2235,MATH 216,2245,fail,0,forward,1,0,0,2257,2.0,2,all_attempts,immediate_next_course_family,course_sort_order,SDW STRM YYYT,1,MATH 172,MATH 216,1,course,Advanced / Changed Course,MATH 172 2024 Spr grade B; next=MATH 216; outcome=pass,1,0,,,,,,,,,,,,,,
2245,2024 Summer Semester,2024 Sum,900000067,MATH,216,MATH 216,TRIC,D,1.0,900000067,MATH 216,2024 Sum,2245,1,D,1.0,fail,0,90,advanced,calculus,2233,4,4,3,0,1,0,MATH 172,2243,MATH 220,2247,fail,0,forward,1,0,0,2257,2.0,2,all_attempts,immediate_next_course_family,course_sort_order,SDW STRM YYYT,1,MATH 216,MATH 220,1,course,Advanced / Changed Course,MATH 216 2024 Sum grade D; next=MATH 220; outcome=fail,1,0,,,,,,,,,,,,,,
2247,2024 Fall Semester,2024 Fall,900000067,MATH,220,MATH 220,TRIC,F,0.0,900000067,MATH 220,2024 Fall,2247,1,F,0.0,fail,0,100,advanced,linear_algebra,2233,5,5,4,1,1,0,MATH 216,2245,,,,,terminal,,1,0,2257,2.0,2,all_attempts,immediate_next_course_family,course_sort_order,SDW STRM YYYT,1,MATH 220,No Further Course,1,target,No Further Course,MATH 220 2024 Fall grade F; next=No Further Course; outcome=fail,1,0,,,,,,,,,,,,,,
2227,2022 Fall Semester,2022 Fall,900000068,MATH,100,MATH 100,PULLM,C+,2.3,900000068,MATH 100,2022 Fall,2227,1,C+,2.3,pass,1,10,developmental,algebra,2227,0,1,0,0,0,0,,,MATH 103,2233,pass,1,forward,1,0,0,2257,2.0,2,all_attempts,immediate_next_course_family,course_sort_order,SDW STRM YYYT,1,MATH 100,MATH 103,1,course,Advanced / Changed Course,MATH 100 2022 Fall grade C+; next=MATH 103; outcome=pass,1,1,900000068-path-1,MATH 171,forward_from_first_math,MATH 100,MATH 103,MATH 106,,,,MATH 171,1,Completed/Persisted,2227,900000068: MATH 100 -> MATH 103 -> MATH 106 -> MATH 171
2233,2023 Spring Semester,2023 Spr,900000068,MATH,103,MATH 103,PULLM,B-,2.7,900000068,MATH 103,2023 Spr,2233,1,B-,2.7,pass,1,20,gateway,algebra,2227,1,2,1,0,0,0,MATH 100,2227,MATH 106,2235,fail,0,forward,1,0,0,2257,2.0,2,all_attempts,immediate_next_course_family,course_sort_order,SDW STRM YYYT,1,MATH 103,MATH 106,1,course,Advanced / Changed Course,MATH 103 2023 Spr grade B-; next=MATH 106; outcome=pass,1,0,,,,,,,,,,,,,,
2235,2023 Summer Semester,2023 Sum,900000068,MATH,106,MATH 106,PULLM,C-,1.7,900000068,MATH 106,2023 Sum,2235,1,C-,1.7,fail,0,30,gateway,algebra,2227,2,3,2,0,0,0,MATH 103,2233,MATH 171,2237,pass,1,forward,1,0,0,2257,2.0,2,all_attempts,immediate_next_course_family,course_sort_order,SDW STRM YYYT,1,MATH 106,MATH 171,1,course,Advanced / Changed Course,MATH 106 2023 Sum grade C-; next=MATH 171; outcome=fail,1,0,,,,,,,,,,,,,,
2237,2023 Fall Semester,2023 Fall,900000068,MATH,171,MATH 171,PULLM,B-,2.7,900000068,MATH 171,2023 Fall,2237,1,B-,2.7,pass,1,50,gateway,calculus,2227,3,4,3,1,0,0,MATH 106,2235,,,,,terminal,,1,0,2257,2.0,2,all_attempts,immediate_next_course_family,course_sort_order,SDW STRM YYYT,1,MATH 171,No Further Course,1,course,No Further Course,MATH 171 2023 Fall grade B-; next=No Further Course; outcome=pass,1,0,,,,,,,,,,,,,,
2233,2023 Spring Semester,2023 Spr,900000069,MATH,100,MATH 100,PULLM,F,0.0,900000069,MATH 100,2023 Spr,2233,1,F,0.0,fail,0,10,developmental,algebra,2233,0,1,0,0,0,0,,,MATH 100,2235,pass,1,repeat,1,0,0,2257,2.0,2,all_attempts,immediate_next_course_family,course_sort_order,SDW STRM YYYT,1,MATH 100,MATH 100,1,repeat,Repeated Same Course,MATH 100 2023 Spr grade F; next=MATH 100; outcome=fail,1,1,900000069-path-1,MATH 171,forward_from_first_math,MATH 100,MATH 100 (Repeat 1),MATH 103,MATH 106,,,MATH 171,1,Completed/Persisted,2233,900000069: MATH 100 -> MATH 100 (Repeat 1) -> MATH 103 -> MATH 106 -> MATH 171
2235,2023 Summer Semester,2023 Sum,900000069,MATH,100,MATH 100,PULLM,B-,2.7,900000069,MATH 100,2023 Sum,2235,2,B-,2.7,pass,1,10,developmental,algebra,2233,1,2,1,1,0,1,MATH 100,2233,MATH 103,2237,pass,1,forward,1,0,0,2257,2.0,2,all_attempts,immediate_next_course_family,course_sort_order,SDW STRM YYYT,1,MATH 100,MATH 103,1,course,Advanced / Changed Course,MATH 100 2023 Sum grade B-; next=MATH 103; outcome=pass,2,0,,,,,,,,,,,,,,
2237,2023 Fall Semester,2023 Fall,900000069,MATH,103,MATH 103,PULLM,B+,3.3,900000069,MATH 103,2023 Fall,2237,1,B+,3.3,pass,1,20,gateway,algebra,2233,2,3,2,1,0,0,MATH 100,2235,MATH 106,2243,fail,0,forward,1,0,0,2257,2.0,2,all_attempts,immediate_next_course_family,course_sort_order,SDW STRM YYYT,1,MATH 103,MATH 106,1,course,Advanced / Changed Course,MATH 103 2023 Fall grade B+; next=MATH 106; outcome=pass,1,0,,,,,,,,,,,,,,
2243,2024 Spring Semester,2024 Spr,900000069,MATH,106,MATH 106,PULLM,F,0.0,900000069,MATH 106,2024 Spr,2243,1,F,0.0,fail,0,30,gateway,algebra,2233,3,4,3,1,0,0,MATH 103,2237,MATH 171,2245,pass,1,forward,1,0,0,2257,2.0,2,all_attempts,immediate_next_course_family,course_sort_order,SDW STRM YYYT,1,MATH 106,MATH 171,1,course,Advanced / Changed Course,MATH 106 2024 Spr grade F; next=MATH 171; outcome=fail,1,0,,,,,,,,,,,,,,
2245,2024 Summer Semester,2024 Sum,900000069,MATH,171,MATH 171,PULLM,A-,3.7,900000069,MATH 171,2024 Sum,2245,1,A-,3.7,pass,1,50,gateway,calculus,2233,4,5,4,2,0,0,MATH 106,2243,,,,,terminal,,1,0,2257,2.0,2,all_attempts,immediate_next_course_family,course_sort_order,SDW STRM YYYT,1,MATH 171,No Further Course,1,course,No Further Course,MATH 171 2024 Sum grade A-; next=No Further Course; outcome=pass,1,0,,,,,,,,,,,,,,
2233,2023 Spring Semester,2023 Spr,900000070,MATH,201,MATH 201,PULLM,C,2.0,900000070,MATH 201,2023 Spr,2233,1,C,2.0,pass,1,70,advanced,quantitative_reasoning,2233,0,1,0,0,0,0,,,MATH 202,2237,fail,0,forward,2,0,0,2257,2.0,2,all_attempts,immediate_next_course_family,course_sort_order,SDW STRM YYYT,1,MATH 201,MATH 202,1,course,Advanced / Changed Course,MATH 201 2023 Spr grade C; next=MATH 202; outcome=pass,1,1,900000070-path-1,MATH 220 (Repeat 1),forward_from_first_math,MATH 201,MATH 202,MATH 202 (Repeat 1),MATH 220,,,MATH 220 (Repeat 1),1,Completed/Persisted,2233,900000070: MATH 201 -> MATH 202 -> MATH 202 (Repeat 1) -> MATH 220 -> MATH 220 (Repeat 1)
2237,2023 Fall Semester,2023 Fall,900000070,MATH,202,MATH 202,PULLM,F,0.0,900000070,MATH 202,2023 Fall,2237,1,F,0.0,fail,0,80,advanced,quantitative_reasoning,2233,2,2,1,0,0,0,MATH 201,2233,MATH 202,2243,pass,1,repeat,1,0,0,2257,2.0,2,all_attempts,immediate_next_course_family,course_sort_order,SDW STRM YYYT,1,MATH 202,MATH 202,1,repeat,Repeated Same Course,MATH 202 2023 Fall grade F; next=MATH 202; outcome=fail,1,0,,,,,,,,,,,,,,
2243,2024 Spring Semester,2024 Spr,900000070,MATH,202,MATH 202,PULLM,C+,2.3,900000070,MATH 202,2024 Spr,2243,2,C+,2.3,pass,1,80,advanced,quantitative_reasoning,2233,3,3,2,1,0,1,MATH 202,2237,MATH 220,2245,fail,0,forward,1,0,0,2257,2.0,2,all_attempts,immediate_next_course_family,course_sort_order,SDW STRM YYYT,1,MATH 202,MATH 220,1,course,Advanced / Changed Course,MATH 202 2024 Spr grade C+; next=MATH 220; outcome=pass,2,0,,,,,,,,,,,,,,
2245,2024 Summer Semester,2024 Sum,900000070,MATH,220,MATH 220,PULLM,C-,1.7,900000070,MATH 220,2024 Sum,2245,1,C-,1.7,fail,0,100,advanced,linear_algebra,2233,4,4,3,1,0,0,MATH 202,2243,MATH 220,2247,pass,1,repeat,1,0,0,2257,2.0,2,all_attempts,immediate_next_course_family,course_sort_order,SDW STRM YYYT,1,MATH 220,MATH 220,1,repeat,Repeated Same Course,MATH 220 2024 Sum grade C-; next=MATH 220; outcome=fail,1,0,,,,,,,,,,,,,,
2247,2024 Fall Semester,2024 Fall,900000070,MATH,220,MATH 220,PULLM,B-,2.7,900000070,MATH 220,2024 Fall,2247,2,B-,2.7,pass,1,100,advanced,linear_algebra,2233,5,5,4,2,0,1,MATH 220,2245,,,,,terminal,,1,0,2257,2.0,2,all_attempts,immediate_next_course_family,course_sort_order,SDW STRM YYYT,1,MATH 220,No Further Course,1,target,No Further Course,MATH 220 2024 Fall grade B-; next=No Further Course; outcome=pass,2,0,,,,,,,,,,,,,,
2227,2022 Fall Semester,2022 Fall,900000071,MATH,103,MATH 103,PULLM,C+,2.3,900000071,MATH 103,2022 Fall,2227,1,C+,2.3,pass,1,20,gateway,algebra,2227,0,1,0,0,0,0,,,MATH 106,2233,withdraw,0,forward,1,0,0,2257,2.0,2,all_attempts,immediate_next_course_family,course_sort_order,SDW STRM YYYT,1,MATH 103,MATH 106,1,course,Advanced / Changed Course,MATH 103 2022 Fall grade C+; next=MATH 106; outcome=pass,1,1,900000071-path-1,MATH 220,forward_from_first_math,MATH 103,MATH 106,MATH 108,,,,MATH 220,1,Repeat/Stopout Risk,2227,900000071: MATH 103 -> MATH 106 -> MATH 108 -> MATH 220
2233,2023 Spring Semester,2023 Spr,900000071,MATH,106,MATH 106,PULLM,W,,900000071,MATH 106,2023 Spr,2233,1,W,,withdraw,0,30,gateway,algebra,2227,1,2,1,0,0,0,MATH 103,2227,MATH 108,2235,fail,0,forward,1,0,0,2257,2.0,2,all_attempts,immediate_next_course_family,course_sort_order,SDW STRM YYYT,1,MATH 106,MATH 108,1,course,Advanced / Changed Course,MATH 106 2023 Spr grade W; next=MATH 108; outcome=withdraw,1,0,,,,,,,,,,,,,,
2235,2023 Summer Semester,2023 Sum,900000071,MATH,108,MATH 108,PULLM,D,1.0,900000071,MATH 108,2023 Sum,2235,1,D,1.0,fail,0,40,gateway,business_quant,2227,2,3,2,0,1,0,MATH 106,2233,MATH 220,2237,fail,0,forward,1,0,0,2257,2.0,2,all_attempts,immediate_next_course_family,course_sort_order,SDW STRM YYYT,1,MATH 108,MATH 220,1,course,Advanced / Changed Course,MATH 108 2023 Sum grade D; next=MATH 220; outcome=fail,1,0,,,,,,,,,,,,,,
2237,2023 Fall Semester,2023 Fall,900000071,MATH,220,MATH 220,PULLM,F,0.0,900000071,MATH 220,2023 Fall,2237,1,F,0.0,fail,0,100,advanced,linear_algebra,2227,3,4,3,1,1,0,MATH 108,2235,,,,,terminal,,1,0,2257,2.0,2,all_attempts,immediate_next_course_family,course_sort_order,SDW STRM YYYT,1,MATH 220,No Further Course,1,target,No Further Course,MATH 220 2023 Fall grade F; next=No Further Course; outcome=fail,1,0,,,,,,,,,,,,,,
2227,2022 Fall Semester,2022 Fall,900000072,MATH,171,MATH 171,PULLM,C+,2.3,900000072,MATH 171,2022 Fall,2227,1,C+,2.3,pass,1,50,gateway,calculus,2227,0,1,0,0,0,0,,,MATH 172,2233,pass,1,forward,1,0,0,2257,2.0,2,all_attempts,immediate_next_course_family,course_sort_order,SDW STRM YYYT,1,MATH 171,MATH 172,1,course,Advanced / Changed Course,MATH 171 2022 Fall grade C+; next=MATH 172; outcome=pass,1,1,900000072-path-1,MATH 220 (Repeat 1),forward_from_first_math,MATH 171,MATH 172,MATH 216,MATH 220,,,MATH 220 (Repeat 1),1,Completed/Persisted,2227,900000072: MATH 171 -> MATH 172 -> MATH 216 -> MATH 220 -> MATH 220 (Repeat 1)
2233,2023 Spring Semester,2023 Spr,900000072,MATH,172,MATH 172,PULLM,C+,2.3,900000072,MATH 172,2023 Spr,2233,1,C+,2.3,pass,1,60,advanced,calculus,2227,1,2,1,0,0,0,MATH 171,2227,MATH 216,2235,pass,1,forward,1,0,0,2257,2.0,2,all_attempts,immediate_next_course_family,course_sort_order,SDW STRM YYYT,1,MATH 172,MATH 216,1,course,Advanced / Changed Course,MATH 172 2023 Spr grade C+; next=MATH 216; outcome=pass,1,0,,,,,,,,,,,,,,
2235,2023 Summer Semester,2023 Sum,900000072,MATH,216,MATH 216,PULLM,B-,2.7,900000072,MATH 216,2023 Sum,2235,1,B-,2.7,pass,1,90,advanced,calculus,2227,2,3,2,0,0,0,MATH 172,2233,MATH 220,2237,fail,0,forward,1,0,0,2257,2.0,2,all_attempts,immediate_next_course_family,course_sort_order,SDW STRM YYYT,1,MATH 216,MATH 220,1,course,Advanced / Changed Course,MATH 216 2023 Sum grade B-; next=MATH 220; outcome=pass,1,0,,,,,,,,,,,,,,
2237,2023 Fall Semester,2023 Fall,900000072,MATH,220,MATH 220,PULLM,C-,1.7,900000072,MATH 220,2023 Fall,2237,1,C-,1.7,fail,0,100,advanced,linear_algebra,2227,3,4,3,0,0,0,MATH 216,2235,MATH 220,2243,pass,1,repeat,1,0,0,2257,2.0,2,all_attempts,immediate_next_course_family,course_sort_order,SDW STRM YYYT,1,MATH 220,MATH 220,1,repeat,Repeated Same Course,MATH 220 2023 Fall grade C-; next=MATH 220; outcome=fail,1,0,,,,,,,,,,,,,,
2243,2024 Spring Semester,2024 Spr,900000072,MATH,220,MATH 220,PULLM,A-,3.7,900000072,MATH 220,2024 Spr,2243,2,A-,3.7,pass,1,100,advanced,linear_algebra,2227,4,5,4,1,0,1,MATH 220,2237,,,,,terminal,,1,0,2257,2.0,2,all_attempts,immediate_next_course_family,course_sort_order,SDW STRM YYYT,1,MATH 220,No Further Course,1,target,No Further Course,MATH 220 2024 Spr grade A-; next=No Further Course; outcome=pass,2,0,,,,,,,,,,,,,,
2227,2022 Fall Semester,2022 Fall,900000073,MATH,220,MATH 220,PULLM,C+,2.3,900000073,MATH 220,2022 Fall,2227,1,C+,2.3,pass,1,100,advanced,linear_algebra,2227,0,1,0,0,0,0,,,,,,,terminal,,1,0,2257,2.0,2,all_attempts,immediate_next_course_family,course_sort_order,SDW STRM YYYT,1,MATH 220,No Further Course,1,target,No Further Course,MATH 220 2022 Fall grade C+; next=No Further Course; outcome=pass,1,1,900000073-path-1,No Further Course,forward_from_first_math,MATH 220,,,,,,No Further Course,1,Completed/Persisted,2227,900000073: MATH 220 -> No Further Course
2233,2023 Spring Semester,2023 Spr,900000074,MATH,103,MATH 103,VANCO,B+,3.3,900000074,MATH 103,2023 Spr,2233,1,B+,3.3,pass,1,20,gateway,algebra,2233,0,1,0,0,0,0,,,MATH 106,2235,fail,0,forward,1,0,0,2257,2.0,2,all_attempts,immediate_next_course_family,course_sort_order,SDW STRM YYYT,1,MATH 103,MATH 106,1,course,Advanced / Changed Course,MATH 103 2023 Spr grade B+; next=MATH 106; outcome=pass,1,1,900000074-path-1,MATH 220,forward_from_first_math,MATH 103,MATH 106,MATH 106 (Repeat 1),MATH 108,MATH 108 (Repeat 1),,MATH 220,1,Completed/Persisted,2233,900000074: MATH 103 -> MATH 106 -> MATH 106 (Repeat 1) -> MATH 108 -> MATH 108 (Repeat 1) -> MATH 220
2235,2023 Summer Semester,2023 Sum,900000074,MATH,106,MATH 106,VANCO,D,1.0,900000074,MATH 106,2023 Sum,2235,1,D,1.0,fail,0,30,gateway,algebra,2233,1,2,1,0,0,0,MATH 103,2233,MATH 106,2237,pass,1,repeat,1,0,0,2257,2.0,2,all_attempts,immediate_next_course_family,course_sort_order,SDW STRM YYYT,1,MATH 106,MATH 106,1,repeat,Repeated Same Course,MATH 106 2023 Sum grade D; next=MATH 106; outcome=fail,1,0,,,,,,,,,,,,,,
2237,2023 Fall Semester,2023 Fall,900000074,MATH,106,MATH 106,VANCO,C,2.0,900000074,MATH 106,2023 Fall,2237,2,C,2.0,pass,1,30,gateway,algebra,2233,2,3,2,1,0,1,MATH 106,2235,MATH 108,2243,fail,0,forward,1,0,0,2257,2.0,2,all_attempts,immediate_next_course_family,course_sort_order,SDW STRM YYYT,1,MATH 106,MATH 108,1,course,Advanced / Changed Course,MATH 106 2023 Fall grade C; next=MATH 108; outcome=pass,2,0,,,,,,,,,,,,,,
2243,2024 Spring Semester,2024 Spr,900000074,MATH,108,MATH 108,VANCO,C-,1.7,900000074,MATH 108,2024 Spr,2243,1,C-,1.7,fail,0,40,gateway,business_quant,2233,3,4,3,1,0,0,MATH 106,2237,MATH 108,2247,pass,1,repeat,2,0,0,2257,2.0,2,all_attempts,immediate_next_course_family,course_sort_order,SDW STRM YYYT,1,MATH 108,MATH 108,1,repeat,Repeated Same Course,MATH 108 2024 Spr grade C-; next=MATH 108; outcome=fail,1,0,,,,,,,,,,,,,,
2247,2024 Fall Semester,2024 Fall,900000074,MATH,108,MATH 108,VANCO,B-,2.7,900000074,MATH 108,2024 Fall,2247,2,B-,2.7,pass,1,40,gateway,business_quant,2233,5,5,4,2,0,1,MATH 108,2243,MATH 220,2253,pass,1,forward,1,0,0,2257,2.0,2,all_attempts,immediate_next_course_family,course_sort_order,SDW STRM YYYT,1,MATH 108,MATH 220,1,course,Advanced / Changed Course,MATH 108 2024 Fall grade B-; next=MATH 220; outcome=pass,2,0,,,,,,,,,,,,,,
2253,2025 Spring Semester,2025 Spr,900000074,MATH,220,MATH 220,VANCO,B,3.0,900000074,MATH 220,2025 Spr,2253,1,B,3.0,pass,1,100,advanced,linear_algebra,2233,6,6,5,2,0,0,MATH 108,2247,,,,,terminal,,0,1,2257,2.0,2,all_attempts,immediate_next_course_family,course_sort_order,SDW STRM YYYT,0,MATH 220,,1,target,Censored Recent Term,MATH 220 2025 Spr grade B; next=censored; outcome=pass,1,0,,,,,,,,,,,,,,
2235,2023 Summer Semester,2023 Sum,900000075,MATH,140,MATH 140,VANCO,A,4.0,900000075,MATH 140,2023 Sum,2235,1,A,4.0,pass,1,45,gateway,statistics,2235,0,1,0,0,0,0,,,MATH 201,2237,fail,0,forward,1,0,0,2257,2.0,2,all_attempts,immediate_next_course_family,course_sort_order,SDW STRM YYYT,1,MATH 140,MATH 201,1,course,Advanced / Changed Course,MATH 140 2023 Sum grade A; next=MATH 201; outcome=pass,1,1,900000075-path-1,MATH 202,forward_from_first_math,MATH 140,MATH 201,MATH 201 (Repeat 1),,,,MATH 202,1,Repeat/Stopout Risk,2235,900000075: MATH 140 -> MATH 201 -> MATH 201 (Repeat 1) -> MATH 202
2237,2023 Fall Semester,2023 Fall,900000075,MATH,201,MATH 201,VANCO,D,1.0,900000075,MATH 201,2023 Fall,2237,1,D,1.0,fail,0,70,advanced,quantitative_reasoning,2235,1,2,1,0,0,0,MATH 140,2235,MATH 201,2243,fail,0,repeat,1,0,0,2257,2.0,2,all_attempts,immediate_next_course_family,course_sort_order,SDW STRM YYYT,1,MATH 201,MATH 201,1,repeat,Repeated Same Course,MATH 201 2023 Fall grade D; next=MATH 201; outcome=fail,1,0,,,,,,,,,,,,,,
2243,2024 Spring Semester,2024 Spr,900000075,MATH,201,MATH 201,VANCO,D,1.0,900000075,MATH 201,2024 Spr,2243,2,D,1.0,fail,0,70,advanced,quantitative_reasoning,2235,2,3,2,1,0,1,MATH 201,2237,MATH 202,2245,fail,0,forward,1,0,0,2257,2.0,2,all_attempts,immediate_next_course_family,course_sort_order,SDW STRM YYYT,1,MATH 201,MATH 202,1,course,Advanced / Changed Course,MATH 201 2024 Spr grade D; next=MATH 202; outcome=fail,2,0,,,,,,,,,,,,,,
2245,2024 Summer Semester,2024 Sum,900000075,MATH,202,MATH 202,VANCO,D+,1.3,900000075,MATH 202,2024 Sum,2245,1,D+,1.3,fail,0,80,advanced,quantitative_reasoning,2235,3,4,3,2,0,0,MATH 201,2243,,,,,terminal,,1,0,2257,2.0,2,all_attempts,immediate_next_course_family,course_sort_order,SDW STRM YYYT,1,MATH 202,No Further Course,1,course,No Further Course,MATH 202 2024 Sum grade D+; next=No Further Course; outcome=fail,1,0,,,,,,,,,,,,,,
2233,2023 Spring Semester,2023 Spr,900000076,MATH,140,MATH 140,GLOBAL,A,4.0,900000076,MATH 140,2023 Spr,2233,1,A,4.0,pass,1,45,gateway,statistics,2233,0,1,0,0,0,0,,,MATH 201,2235,fail,0,forward,1,0,0,2257,2.0,2,all_attempts,immediate_next_course_family,course_sort_order,SDW STRM YYYT,1,MATH 140,MATH 201,1,course,Advanced / Changed Course,MATH 140 2023 Spr grade A; next=MATH 201; outcome=pass,1,1,900000076-path-1,MATH 202 (Repeat 1),forward_from_first_math,MATH 140,MATH 201,MATH 202,,,,MATH 202 (Repeat 1),1,Repeat/Stopout Risk,2233,900000076: MATH 140 -> MATH 201 -> MATH 202 -> MATH 202 (Repeat 1)
2235,2023 Summer Semester,2023 Sum,900000076,MATH,201,MATH 201,GLOBAL,D+,1.3,900000076,MATH 201,2023 Sum,2235,1,D+,1.3,fail,0,70,advanced,quantitative_reasoning,2233,1,2,1,0,0,0,MATH 140,2233,MATH 202,2237,fail,0,forward,1,0,0,2257,2.0,2,all_attempts,immediate_next_course_family,course_sort_order,SDW STRM YYYT,1,MATH 201,MATH 202,1,course,Advanced / Changed Course,MATH 201 2023 Sum grade D+; next=MATH 202; outcome=fail,1,0,,,,,,,,,,,,,,
2237,2023 Fall Semester,2023 Fall,900000076,MATH,202,MATH 202,GLOBAL,F,0.0,900000076,MATH 202,2023 Fall,2237,1,F,0.0,fail,0,80,advanced,quantitative_reasoning,2233,2,3,2,1,0,0,MATH 201,2235,MATH 202,2243,fail,0,repeat,1,0,0,2257,2.0,2,all_attempts,immediate_next_course_family,course_sort_order,SDW STRM YYYT,1,MATH 202,MATH 202,1,repeat,Repeated Same Course,MATH 202 2023 Fall grade F; next=MATH 202; outcome=fail,1,0,,,,,,,,,,,,,,
2243,2024 Spring Semester,2024 Spr,900000076,MATH,202,MATH 202,GLOBAL,C-,1.7,900000076,MATH 202,2024 Spr,2243,2,C-,1.7,fail,0,80,advanced,quantitative_reasoning,2233,3,4,3,2,0,1,MATH 202,2237,,,,,terminal,,1,0,2257,2.0,2,all_attempts,immediate_next_course_family,course_sort_order,SDW STRM YYYT,1,MATH 202,No Further Course,1,course,No Further Course,MATH 202 2024 Spr grade C-; next=No Further Course; outcome=fail,2,0,,,,,,,,,,,,,,
2233,2023 Spring Semester,2023 Spr,900000077,MATH,201,MATH 201,PULLM,W,,900000077,MATH 201,2023 Spr,2233,1,W,,withdraw,0,70,advanced,quantitative_reasoning,2233,0,1,0,0,0,0,,,MATH 202,2235,pass,1,forward,1,0,0,2257,2.0,2,all_attempts,immediate_next_course_family,course_sort_order,SDW STRM YYYT,1,MATH 201,MATH 202,1,course,Advanced / Changed Course,MATH 201 2023 Spr grade W; next=MATH 202; outcome=withdraw,1,1,900000077-path-1,MATH 220,forward_from_first_math,MATH 201,MATH 202,,,,,MATH 220,1,Completed/Persisted,2233,900000077: MATH 201 -> MATH 202 -> MATH 220
2235,2023 Summer Semester,2023 Sum,900000077,MATH,202,MATH 202,PULLM,A-,3.7,900000077,MATH 202,2023 Sum,2235,1,A-,3.7,pass,1,80,advanced,quantitative_reasoning,2233,1,2,1,0,1,0,MATH 201,2233,MATH 220,2237,pass,1,forward,1,0,0,2257,2.0,2,all_attempts,immediate_next_course_family,course_sort_order,SDW STRM YYYT,1,MATH 202,MATH 220,1,course,Advanced / Changed Course,MATH 202 2023 Sum grade A-; next=MATH 220; outcome=pass,1,0,,,,,,,,,,,,,,
2237,2023 Fall Semester,2023 Fall,900000077,MATH,220,MATH 220,PULLM,C+,2.3,900000077,MATH 220,2023 Fall,2237,1,C+,2.3,pass,1,100,advanced,linear_algebra,2233,2,3,2,0,1,0,MATH 202,2235,,,,,terminal,,1,0,2257,2.0,2,all_attempts,immediate_next_course_family,course_sort_order,SDW STRM YYYT,1,MATH 220,No Further Course,1,target,No Further Course,MATH 220 2023 Fall grade C+; next=No Further Course; outcome=pass,1,0,,,,,,,,,,,,,,
2227,2022 Fall Semester,2022 Fall,900000078,MATH,106,MATH 106,PULLM,C,2.0,900000078,MATH 106,2022 Fall,2227,1,C,2.0,pass,1,30,gateway,algebra,2227,0,1,0,0,0,0,,,MATH 171,2233,fail,0,forward,1,0,0,2257,2.0,2,all_attempts,immediate_next_course_family,course_sort_order,SDW STRM YYYT,1,MATH 106,MATH 171,1,course,Advanced / Changed Course,MATH 106 2022 Fall grade C; next=MATH 171; outcome=pass,1,1,900000078-path-1,MATH 220,forward_from_first_math,MATH 106,MATH 171,MATH 171 (Repeat 1),MATH 172,,,MATH 220,1,Completed/Persisted,2227,900000078: MATH 106 -> MATH 171 -> MATH 171 (Repeat 1) -> MATH 172 -> MATH 220
2233,2023 Spring Semester,2023 Spr,900000078,MATH,171,MATH 171,PULLM,C-,1.7,900000078,MATH 171,2023 Spr,2233,1,C-,1.7,fail,0,50,gateway,calculus,2227,1,2,1,0,0,0,MATH 106,2227,MATH 171,2237,fail,0,repeat,2,0,0,2257,2.0,2,all_attempts,immediate_next_course_family,course_sort_order,SDW STRM YYYT,1,MATH 171,MATH 171,1,repeat,Repeated Same Course,MATH 171 2023 Spr grade C-; next=MATH 171; outcome=fail,1,0,,,,,,,,,,,,,,
2237,2023 Fall Semester,2023 Fall,900000078,MATH,171,MATH 171,PULLM,C-,1.7,900000078,MATH 171,2023 Fall,2237,2,C-,1.7,fail,0,50,gateway,calculus,2227,3,3,2,1,0,1,MATH 171,2233,MATH 172,2243,fail,0,forward,1,0,0,2257,2.0,2,all_attempts,immediate_next_course_family,course_sort_order,SDW STRM YYYT,1,MATH 171,MATH 172,1,course,Advanced / Changed Course,MATH 171 2023 Fall grade C-; next=MATH 172; outcome=fail,2,0,,,,,,,,,,,,,,
2243,2024 Spring Semester,2024 Spr,900000078,MATH,172,MATH 172,PULLM,D,1.0,900000078,MATH 172,2024 Spr,2243,1,D,1.0,fail,0,60,advanced,calculus,2227,4,4,3,2,0,0,MATH 171,2237,MATH 220,2245,pass,1,forward,1,0,0,2257,2.0,2,all_attempts,immediate_next_course_family,course_sort_order,SDW STRM YYYT,1,MATH 172,MATH 220,1,course,Advanced / Changed Course,MATH 172 2024 Spr grade D; next=MATH 220; outcome=fail,1,0,,,,,,,,,,,,,,
2245,2024 Summer Semester,2024 Sum,900000078,MATH,220,MATH 220,PULLM,A,4.0,900000078,MATH 220,2024 Sum,2245,1,A,4.0,pass,1,100,advanced,linear_algebra,2227,5,5,4,3,0,0,MATH 172,2243,,,,,terminal,,1,0,2257,2.0,2,all_attempts,immediate_next_course_family,course_sort_order,SDW STRM YYYT,1,MATH 220,No Further Course,1,target,No Further Course,MATH 220 2024 Sum grade A; next=No Further Course; outcome=pass,1,0,,,,,,,,,,,,,,
2227,2022 Fall Semester,2022 Fall,900000079,MATH,103,MATH 103,TRIC,B-,2.7,900000079,MATH 103,2022 Fall,2227,1,B-,2.7,pass,1,20,gateway,algebra,2227,0,1,0,0,0,0,,,MATH 106,2233,fail,0,forward,1,0,0,2257,2.0,2,all_attempts,immediate_next_course_family,course_sort_order,SDW STRM YYYT,1,MATH 103,MATH 106,1,course,Advanced / Changed Course,MATH 103 2022 Fall grade B-; next=MATH 106; outcome=pass,1,1,900000079-path-1,MATH 172 (Repeat 1),forward_from_first_math,MATH 103,MATH 106,MATH 171,MATH 172,,,MATH 172 (Repeat 1),1,Completed/Persisted,2227,900000079: MATH 103 -> MATH 106 -> MATH 171 -> MATH 172 -> MATH 172 (Repeat 1)
2233,2023 Spring Semester,2023 Spr,900000079,MATH,106,MATH 106,TRIC,F,0.0,900000079,MATH 106,2023 Spr,2233,1,F,0.0,fail,0,30,gateway,algebra,2227,1,2,1,0,0,0,MATH 103,2227,MATH 171,2235,pass,1,forward,1,0,0,2257,2.0,2,all_attempts,immediate_next_course_family,course_sort_order,SDW STRM YYYT,1,MATH 106,MATH 171,1,course,Advanced / Changed Course,MATH 106 2023 Spr grade F; next=MATH 171; outcome=fail,1,0,,,,,,,,,,,,,,
2235,2023 Summer Semester,2023 Sum,900000079,MATH,171,MATH 171,TRIC,B,3.0,900000079,MATH 171,2023 Sum,2235,1,B,3.0,pass,1,50,gateway,calculus,2227,2,3,2,1,0,0,MATH 106,2233,MATH 172,2243,withdraw,0,forward,2,0,0,2257,2.0,2,all_attempts,immediate_next_course_family,course_sort_order,SDW STRM YYYT,1,MATH 171,MATH 172,1,course,Advanced / Changed Course,MATH 171 2023 Sum grade B; next=MATH 172; outcome=pass,1,0,,,,,,,,,,,,,,
2243,2024 Spring Semester,2024 Spr,900000079,MATH,172,MATH 172,TRIC,W,,900000079,MATH 172,2024 Spr,2243,1,W,,withdraw,0,60,advanced,calculus,2227,4,4,3,1,0,0,MATH 171,2235,MATH 172,2245,pass,1,repeat,1,0,0,2257,2.0,2,all_attempts,immediate_next_course_family,course_sort_order,SDW STRM YYYT,1,MATH 172,MATH 172,1,repeat,Repeated Same Course,MATH 172 2024 Spr grade W; next=MATH 172; outcome=withdraw,1,0,,,,,,,,,,,,,,
2245,2024 Summer Semester,2024 Sum,900000079,MATH,172,MATH 172,TRIC,C+,2.3,900000079,MATH 172,2024 Sum,2245,2,C+,2.3,pass,1,60,advanced,calculus,2227,5,5,4,1,1,1,MATH 172,2243,,,,,terminal,,1,0,2257,2.0,2,all_attempts,immediate_next_course_family,course_sort_order,SDW STRM YYYT,1,MATH 172,No Further Course,1,course,No Further Course,MATH 172 2024 Sum grade C+; next=No Further Course; outcome=pass,2,0,,,,,,,,,,,,,,
2233,2023 Spring Semester,2023 Spr,900000080,MATH,140,MATH 140,PULLM,W,,900000080,MATH 140,2023 Spr,2233,1,W,,withdraw,0,45,gateway,statistics,2233,0,1,0,0,0,0,,,MATH 201,2235,pass,1,forward,1,0,0,2257,2.0,2,all_attempts,immediate_next_course_family,course_sort_order,SDW STRM YYYT,1,MATH 140,MATH 201,1,course,Advanced / Changed Course,MATH 140 2023 Spr grade W; next=MATH 201; outcome=withdraw,1,1,900000080-path-1,MATH 202,forward_from_first_math,MATH 140,MATH 201,,,,,MATH 202,1,Completed/Persisted,2233,900000080: MATH 140 -> MATH 201 -> MATH 202
2235,2023 Summer Semester,2023 Sum,900000080,MATH,201,MATH 201,PULLM,B+,3.3,900000080,MATH 201,2023 Sum,2235,1,B+,3.3,pass,1,70,advanced,quantitative_reasoning,2233,1,2,1,0,1,0,MATH 140,2233,MATH 202,2237,pass,1,forward,1,0,0,2257,2.0,2,all_attempts,immediate_next_course_family,course_sort_order,SDW STRM YYYT,1,MATH 201,MATH 202,1,course,Advanced / Changed Course,MATH 201 2023 Sum grade B+; next=MATH 202; outcome=pass,1,0,,,,,,,,,,,,,,
2237,2023 Fall Semester,2023 Fall,900000080,MATH,202,MATH 202,PULLM,B,3.0,900000080,MATH 202,2023 Fall,2237,1,B,3.0,pass,1,80,advanced,quantitative_reasoning,2233,2,3,2,0,1,0,MATH 201,2235,,,,,terminal,,1,0,2257,2.0,2,all_attempts,immediate_next_course_family,course_sort_order,SDW STRM YYYT,1,MATH 202,No Further Course,1,course,No Further Course,MATH 202 2023 Fall grade B; next=No Further Course; outcome=pass,1,0,,,,,,,,,,,,,,
2235,2023 Summer Semester,2023 Sum,900000081,MATH,171,MATH 171,PULLM,C-,1.7,900000081,MATH 171,2023 Sum,2235,1,C-,1.7,fail,0,50,gateway,calculus,2235,0,1,0,0,0,0,,,MATH 172,2243,fail,0,forward,2,0,0,2257,2.0,2,all_attempts,immediate_next_course_family,course_sort_order,SDW STRM YYYT,1,MATH 171,MATH 172,1,course,Advanced / Changed Course,MATH 171 2023 Sum grade C-; next=MATH 172; outcome=fail,1,1,900000081-path-1,MATH 220,forward_from_first_math,MATH 171,MATH 172,MATH 216,MATH 216 (Repeat 1),,,MATH 220,1,Repeat/Stopout Risk,2235,900000081: MATH 171 -> MATH 172 -> MATH 216 -> MATH 216 (Repeat 1) -> MATH 220
2243,2024 Spring Semester,2024 Spr,900000081,MATH,172,MATH 172,PULLM,D,1.0,900000081,MATH 172,2024 Spr,2243,1,D,1.0,fail,0,60,advanced,calculus,2235,2,2,1,1,0,0,MATH 171,2235,MATH 216,2245,fail,0,forward,1,0,0,2257,2.0,2,all_attempts,immediate_next_course_family,course_sort_order,SDW STRM YYYT,1,MATH 172,MATH 216,1,course,Advanced / Changed Course,MATH 172 2024 Spr grade D; next=MATH 216; outcome=fail,1,0,,,,,,,,,,,,,,
2245,2024 Summer Semester,2024 Sum,900000081,MATH,216,MATH 216,PULLM,F,0.0,900000081,MATH 216,2024 Sum,2245,1,F,0.0,fail,0,90,advanced,calculus,2235,3,3,2,2,0,0,MATH 172,2243,MATH 216,2247,pass,1,repeat,1,0,0,2257,2.0,2,all_attempts,immediate_next_course_family,course_sort_order,SDW STRM YYYT,1,MATH 216,MATH 216,1,repeat,Repeated Same Course,MATH 216 2024 Sum grade F; next=MATH 216; outcome=fail,1,0,,,,,,,,,,,,,,
2247,2024 Fall Semester,2024 Fall,900000081,MATH,216,MATH 216,PULLM,C,2.0,900000081,MATH 216,2024 Fall,2247,2,C,2.0,pass,1,90,advanced,calculus,2235,4,4,3,3,0,1,MATH 216,2245,MATH 220,2253,fail,0,forward,1,0,0,2257,2.0,2,all_attempts,immediate_next_course_family,course_sort_order,SDW STRM YYYT,1,MATH 216,MATH 220,1,course,Advanced / Changed Course,MATH 216 2024 Fall grade C; next=MATH 220; outcome=pass,2,0,,,,,,,,,,,,,,
2253,2025 Spring Semester,2025 Spr,900000081,MATH,220,MATH 220,PULLM,C-,1.7,900000081,MATH 220,2025 Spr,2253,1,C-,1.7,fail,0,100,advanced,linear_algebra,2235,5,5,4,3,0,0,MATH 216,2247,,,,,terminal,,0,1,2257,2.0,2,all_attempts,immediate_next_course_family,course_sort_order,SDW STRM YYYT,0,MATH 220,,1,target,Censored Recent Term,MATH 220 2025 Spr grade C-; next=censored; outcome=fail,1,0,,,,,,,,,,,,,,
2227,2022 Fall Semester,2022 Fall,900000082,MATH,103,MATH 103,PULLM,W,,900000082,MATH 103,2022 Fall,2227,1,W,,withdraw,0,20,gateway,algebra,2227,0,1,0,0,0,0,,,MATH 106,2233,fail,0,forward,1,0,0,2257,2.0,2,all_attempts,immediate_next_course_family,course_sort_order,SDW STRM YYYT,1,MATH 103,MATH 106,1,course,Advanced / Changed Course,MATH 103 2022 Fall grade W; next=MATH 106; outcome=withdraw,1,1,900000082-path-1,MATH 172,forward_from_first_math,MATH 103,MATH 106,MATH 171,,,,MATH 172,1,Completed/Persisted,2227,900000082: MATH 103 -> MATH 106 -> MATH 171 -> MATH 172
2233,2023 Spring Semester,2023 Spr,900000082,MATH,106,MATH 106,PULLM,D,1.0,900000082,MATH 106,2023 Spr,2233,1,D,1.0,fail,0,30,gateway,algebra,2227,1,2,1,0,1,0,MATH 103,2227,MATH 171,2235,withdraw,0,forward,1,0,0,2257,2.0,2,all_attempts,immediate_next_course_family,course_sort_order,SDW STRM YYYT,1,MATH 106,MATH 171,1,course,Advanced / Changed Course,MATH 106 2023 Spr grade D; next=MATH 171; outcome=fail,1,0,,,,,,,,,,,,,,
2235,2023 Summer Semester,2023 Sum,900000082,MATH,171,MATH 171,PULLM,W,,900000082,MATH 171,2023 Sum,2235,1,W,,withdraw,0,50,gateway,calculus,2227,2,3,2,1,1,0,MATH 106,2233,MATH 172,2237,pass,1,forward,1,0,0,2257,2.0,2,all_attempts,immediate_next_course_family,course_sort_order,SDW STRM YYYT,1,MATH 171,MATH 172,1,course,Advanced / Changed Course,MATH 171 2023 Sum grade W; next=MATH 172; outcome=withdraw,1,0,,,,,,,,,,,,,,
2237,2023 Fall Semester,2023 Fall,900000082,MATH,172,MATH 172,PULLM,B-,2.7,900000082,MATH 172,2023 Fall,2237,1,B-,2.7,pass,1,60,advanced,calculus,2227,3,4,3,1,2,0,MATH 171,2235,,,,,terminal,,1,0,2257,2.0,2,all_attempts,immediate_next_course_family,course_sort_order,SDW STRM YYYT,1,MATH 172,No Further Course,1,course,No Further Course,MATH 172 2023 Fall grade B-; next=No Further Course; outcome=pass,1,0,,,,,,,,,,,,,,
2227,2022 Fall Semester,2022 Fall,900000083,MATH,140,MATH 140,PULLM,F,0.0,900000083,MATH 140,2022 Fall,2227,1,F,0.0,fail,0,45,gateway,statistics,2227,0,1,0,0,0,0,,,MATH 201,2233,pass,1,forward,1,0,0,2257,2.0,2,all_attempts,immediate_next_course_family,course_sort_order,SDW STRM YYYT,1,MATH 140,MATH 201,1,course,Advanced / Changed Course,MATH 140 2022 Fall grade F; next=MATH 201; outcome=fail,1,1,900000083-path-1,MATH 202,forward_from_first_math,MATH 140,MATH 201,,,,,MATH 202,1,Repeat/Stopout Risk,2227,900000083: MATH 140 -> MATH 201 -> MATH 202
2233,2023 Spring Semester,2023 Spr,900000083,MATH,201,MATH 201,PULLM,A,4.0,900000083,MATH 201,2023 Spr,2233,1,A,4.0,pass,1,70,advanced,quantitative_reasoning,2227,1,2,1,1,0,0,MATH 140,2227,MATH 202,2235,fail,0,forward,1,0,0,2257,2.0,2,all_attempts,immediate_next_course_family,course_sort_order,SDW STRM YYYT,1,MATH 201,MATH 202,1,course,Advanced / Changed Course,MATH 201 2023 Spr grade A; next=MATH 202; outcome=pass,1,0,,,,,,,,,,,,,,
2235,2023 Summer Semester,2023 Sum,900000083,MATH,202,MATH 202,PULLM,F,0.0,900000083,MATH 202,2023 Sum,2235,1,F,0.0,fail,0,80,advanced,quantitative_reasoning,2227,2,3,2,1,0,0,MATH 201,2233,,,,,terminal,,1,0,2257,2.0,2,all_attempts,immediate_next_course_family,course_sort_order,SDW STRM YYYT,1,MATH 202,No Further Course,1,course,No Further Course,MATH 202 2023 Sum grade F; next=No Further Course; outcome=fail,1,0,,,,,,,,,,,,,,
2233,2023 Spring Semester,2023 Spr,900000084,MATH,201,MATH 201,VANCO,C,2.0,900000084,MATH 201,2023 Spr,2233,1,C,2.0,pass,1,70,advanced,quantitative_reasoning,2233,0,1,0,0,0,0,,,MATH 202,2237,fail,0,forward,2,0,0,2257,2.0,2,all_attempts,immediate_next_course_family,course_sort_order,SDW STRM YYYT,1,MATH 201,MATH 202,1,course,Advanced / Changed Course,MATH 201 2023 Spr grade C; next=MATH 202; outcome=pass,1,1,900000084-path-1,MATH 220 (Repeat 1),forward_from_first_math,MATH 201,MATH 202,MATH 220,,,,MATH 220 (Repeat 1),1,Completed/Persisted,2233,900000084: MATH 201 -> MATH 202 -> MATH 220 -> MATH 220 (Repeat 1)
2237,2023 Fall Semester,2023 Fall,900000084,MATH,202,MATH 202,VANCO,F,0.0,900000084,MATH 202,2023 Fall,2237,1,F,0.0,fail,0,80,advanced,quantitative_reasoning,2233,2,2,1,0,0,0,MATH 201,2233,MATH 220,2243,fail,0,forward,1,0,0,2257,2.0,2,all_attempts,immediate_next_course_family,course_sort_order,SDW STRM YYYT,1,MATH 202,MATH 220,1,course,Advanced / Changed Course,MATH 202 2023 Fall grade F; next=MATH 220; outcome=fail,1,0,,,,,,,,,,,,,,
2243,2024 Spring Semester,2024 Spr,900000084,MATH,220,MATH 220,VANCO,D,1.0,900000084,MATH 220,2024 Spr,2243,1,D,1.0,fail,0,100,advanced,linear_algebra,2233,3,3,2,1,0,0,MATH 202,2237,MATH 220,2245,pass,1,repeat,1,0,0,2257,2.0,2,all_attempts,immediate_next_course_family,course_sort_order,SDW STRM YYYT,1,MATH 220,MATH 220,1,repeat,Repeated Same Course,MATH 220 2024 Spr grade D; next=MATH 220; outcome=fail,1,0,,,,,,,,,,,,,,
2245,2024 Summer Semester,2024 Sum,900000084,MATH,220,MATH 220,VANCO,B+,3.3,900000084,MATH 220,2024 Sum,2245,2,B+,3.3,pass,1,100,advanced,linear_algebra,2233,4,4,3,2,0,1,MATH 220,2243,,,,,terminal,,1,0,2257,2.0,2,all_attempts,immediate_next_course_family,course_sort_order,SDW STRM YYYT,1,MATH 220,No Further Course,1,target,No Further Course,MATH 220 2024 Sum grade B+; next=No Further Course; outcome=pass,2,0,,,,,,,,,,,,,,
2235,2023 Summer Semester,2023 Sum,900000085,MATH,100,MATH 100,VANCO,B,3.0,900000085,MATH 100,2023 Sum,2235,1,B,3.0,pass,1,10,developmental,algebra,2235,0,1,0,0,0,0,,,MATH 103,2237,pass,1,forward,1,0,0,2257,2.0,2,all_attempts,immediate_next_course_family,course_sort_order,SDW STRM YYYT,1,MATH 100,MATH 103,1,course,Advanced / Changed Course,MATH 100 2023 Sum grade B; next=MATH 103; outcome=pass,1,1,900000085-path-1,MATH 171,forward_from_first_math,MATH 100,MATH 103,MATH 106,,,,MATH 171,1,Completed/Persisted,2235,900000085: MATH 100 -> MATH 103 -> MATH 106 -> MATH 171
2237,2023 Fall Semester,2023 Fall,900000085,MATH,103,MATH 103,VANCO,B,3.0,900000085,MATH 103,2023 Fall,2237,1,B,3.0,pass,1,20,gateway,algebra,2235,1,2,1,0,0,0,MATH 100,2235,MATH 106,2243,pass,1,forward,1,0,0,2257,2.0,2,all_attempts,immediate_next_course_family,course_sort_order,SDW STRM YYYT,1,MATH 103,MATH 106,1,course,Advanced / Changed Course,MATH 103 2023 Fall grade B; next=MATH 106; outcome=pass,1,0,,,,,,,,,,,,,,
2243,2024 Spring Semester,2024 Spr,900000085,MATH,106,MATH 106,VANCO,A,4.0,900000085,MATH 106,2024 Spr,2243,1,A,4.0,pass,1,30,gateway,algebra,2235,2,3,2,0,0,0,MATH 103,2237,MATH 171,2247,pass,1,forward,2,0,0,2257,2.0,2,all_attempts,immediate_next_course_family,course_sort_order,SDW STRM YYYT,1,MATH 106,MATH 171,1,course,Advanced / Changed Course,MATH 106 2024 Spr grade A; next=MATH 171; outcome=pass,1,0,,,,,,,,,,,,,,
2247,2024 Fall Semester,2024 Fall,900000085,MATH,171,MATH 171,VANCO,C,2.0,900000085,MATH 171,2024 Fall,2247,1,C,2.0,pass,1,50,gateway,calculus,2235,4,4,3,0,0,0,MATH 106,2243,,,,,terminal,,1,0,2257,2.0,2,all_attempts,immediate_next_course_family,course_sort_order,SDW STRM YYYT,1,MATH 171,No Further Course,1,course,No Further Course,MATH 171 2024 Fall grade C; next=No Further Course; outcome=pass,1,0,,,,,,,,,,,,,,
2227,2022 Fall Semester,2022 Fall,900000086,MATH,103,MATH 103,TRIC,A-,3.7,900000086,MATH 103,2022 Fall,2227,1,A-,3.7,pass,1,20,gateway,algebra,2227,0,1,0,0,0,0,,,MATH 106,2233,fail,0,forward,1,0,0,2257,2.0,2,all_attempts,immediate_next_course_family,course_sort_order,SDW STRM YYYT,1,MATH 103,MATH 106,1,course,Advanced / Changed Course,MATH 103 2022 Fall grade A-; next=MATH 106; outcome=pass,1,1,900000086-path-1,MATH 220,forward_from_first_math,MATH 103,MATH 106,MATH 106 (Repeat 1),MATH 108,MATH 108 (Repeat 1),,MATH 220,1,Completed/Persisted,2227,900000086: MATH 103 -> MATH 106 -> MATH 106 (Repeat 1) -> MATH 108 -> MATH 108 (Repeat 1) -> MATH 220
2233,2023 Spring Semester,2023 Spr,900000086,MATH,106,MATH 106,TRIC,D,1.0,900000086,MATH 106,2023 Spr,2233,1,D,1.0,fail,0,30,gateway,algebra,2227,1,2,1,0,0,0,MATH 103,2227,MATH 106,2235,fail,0,repeat,1,0,0,2257,2.0,2,all_attempts,immediate_next_course_family,course_sort_order,SDW STRM YYYT,1,MATH 106,MATH 106,1,repeat,Repeated Same Course,MATH 106 2023 Spr grade D; next=MATH 106; outcome=fail,1,0,,,,,,,,,,,,,,
2235,2023 Summer Semester,2023 Sum,900000086,MATH,106,MATH 106,TRIC,D+,1.3,900000086,MATH 106,2023 Sum,2235,2,D+,1.3,fail,0,30,gateway,algebra,2227,2,3,2,1,0,1,MATH 106,2233,MATH 108,2243,fail,0,forward,2,0,0,2257,2.0,2,all_attempts,immediate_next_course_family,course_sort_order,SDW STRM YYYT,1,MATH 106,MATH 108,1,course,Advanced / Changed Course,MATH 106 2023 Sum grade D+; next=MATH 108; outcome=fail,2,0,,,,,,,,,,,,,,
2243,2024 Spring Semester,2024 Spr,900000086,MATH,108,MATH 108,TRIC,D,1.0,900000086,MATH 108,2024 Spr,2243,1,D,1.0,fail,0,40,gateway,business_quant,2227,4,4,3,2,0,0,MATH 106,2235,MATH 108,2245,pass,1,repeat,1,0,0,2257,2.0,2,all_attempts,immediate_next_course_family,course_sort_order,SDW STRM YYYT,1,MATH 108,MATH 108,1,repeat,Repeated Same Course,MATH 108 2024 Spr grade D; next=MATH 108; outcome=fail,1,0,,,,,,,,,,,,,,
2245,2024 Summer Semester,2024 Sum,900000086,MATH,108,MATH 108,TRIC,B-,2.7,900000086,MATH 108,2024 Sum,2245,2,B-,2.7,pass,1,40,gateway,business_quant,2227,5,5,4,3,0,1,MATH 108,2243,MATH 220,2247,pass,1,forward,1,0,0,2257,2.0,2,all_attempts,immediate_next_course_family,course_sort_order,SDW STRM YYYT,1,MATH 108,MATH 220,1,course,Advanced / Changed Course,MATH 108 2024 Sum grade B-; next=MATH 220; outcome=pass,2,0,,,,,,,,,,,,,,
2247,2024 Fall Semester,2024 Fall,900000086,MATH,220,MATH 220,TRIC,B-,2.7,900000086,MATH 220,2024 Fall,2247,1,B-,2.7,pass,1,100,advanced,linear_algebra,2227,6,6,5,3,0,0,MATH 108,2245,,,,,terminal,,1,0,2257,2.0,2,all_attempts,immediate_next_course_family,course_sort_order,SDW STRM YYYT,1,MATH 220,No Further Course,1,target,No Further Course,MATH 220 2024 Fall grade B-; next=No Further Course; outcome=pass,1,0,,,,,,,,,,,,,,
2233,2023 Spring Semester,2023 Spr,900000087,MATH,201,MATH 201,VANCO,A-,3.7,900000087,MATH 201,2023 Spr,2233,1,A-,3.7,pass,1,70,advanced,quantitative_reasoning,2233,0,1,0,0,0,0,,,MATH 202,2235,pass,1,forward,1,0,0,2257,2.0,2,all_attempts,immediate_next_course_family,course_sort_order,SDW STRM YYYT,1,MATH 201,MATH 202,1,course,Advanced / Changed Course,MATH 201 2023 Spr grade A-; next=MATH 202; outcome=pass,1,1,900000087-path-1,MATH 220,forward_from_first_math,MATH 201,MATH 202,,,,,MATH 220,1,Completed/Persisted,2233,900000087: MATH 201 -> MATH 202 -> MATH 220
2235,2023 Summer Semester,2023 Sum,900000087,MATH,202,MATH 202,VANCO,B,3.0,900000087,MATH 202,2023 Sum,2235,1,B,3.0,pass,1,80,advanced,quantitative_reasoning,2233,1,2,1,0,0,0,MATH 201,2233,MATH 220,2237,pass,1,forward,1,0,0,2257,2.0,2,all_attempts,immediate_next_course_family,course_sort_order,SDW STRM YYYT,1,MATH 202,MATH 220,1,course,Advanced / Changed Course,MATH 202 2023 Sum grade B; next=MATH 220; outcome=pass,1,0,,,,,,,,,,,,,,
2237,2023 Fall Semester,2023 Fall,900000087,MATH,220,MATH 220,VANCO,B+,3.3,900000087,MATH 220,2023 Fall,2237,1,B+,3.3,pass,1,100,advanced,linear_algebra,2233,2,3,2,0,0,0,MATH 202,2235,,,,,terminal,,1,0,2257,2.0,2,all_attempts,immediate_next_course_family,course_sort_order,SDW STRM YYYT,1,MATH 220,No Further Course,1,target,No Further Course,MATH 220 2023 Fall grade B+; next=No Further Course; outcome=pass,1,0,,,,,,,,,,,,,,
2233,2023 Spring Semester,2023 Spr,900000088,MATH,106,MATH 106,PULLM,B,3.0,900000088,MATH 106,2023 Spr,2233,1,B,3.0,pass,1,30,gateway,algebra,2233,0,1,0,0,0,0,,,MATH 171,2235,fail,0,forward,1,0,0,2257,2.0,2,all_attempts,immediate_next_course_family,course_sort_order,SDW STRM YYYT,1,MATH 106,MATH 171,1,course,Advanced / Changed Course,MATH 106 2023 Spr grade B; next=MATH 171; outcome=pass,1,1,900000088-path-1,MATH 220 (Repeat 1),forward_from_first_math,MATH 106,MATH 171,MATH 171 (Repeat 1),MATH 172,MATH 220,,MATH 220 (Repeat 1),1,Completed/Persisted,2233,900000088: MATH 106 -> MATH 171 -> MATH 171 (Repeat 1) -> MATH 172 -> MATH 220 -> MATH 220 (Repeat 1)
2235,2023 Summer Semester,2023 Sum,900000088,MATH,171,MATH 171,PULLM,D,1.0,900000088,MATH 171,2023 Sum,2235,1,D,1.0,fail,0,50,gateway,calculus,2233,1,2,1,0,0,0,MATH 106,2233,MATH 171,2243,pass,1,repeat,2,0,0,2257,2.0,2,all_attempts,immediate_next_course_family,course_sort_order,SDW STRM YYYT,1,MATH 171,MATH 171,1,repeat,Repeated Same Course,MATH 171 2023 Sum grade D; next=MATH 171; outcome=fail,1,0,,,,,,,,,,,,,,
2243,2024 Spring Semester,2024 Spr,900000088,MATH,171,MATH 171,PULLM,C+,2.3,900000088,MATH 171,2024 Spr,2243,2,C+,2.3,pass,1,50,gateway,calculus,2233,3,3,2,1,0,1,MATH 171,2235,MATH 172,2245,pass,1,forward,1,0,0,2257,2.0,2,all_attempts,immediate_next_course_family,course_sort_order,SDW STRM YYYT,1,MATH 171,MATH 172,1,course,Advanced / Changed Course,MATH 171 2024 Spr grade C+; next=MATH 172; outcome=pass,2,0,,,,,,,,,,,,,,
2245,2024 Summer Semester,2024 Sum,900000088,MATH,172,MATH 172,PULLM,A,4.0,900000088,MATH 172,2024 Sum,2245,1,A,4.0,pass,1,60,advanced,calculus,2233,4,4,3,1,0,0,MATH 171,2243,MATH 220,2247,fail,0,forward,1,0,0,2257,2.0,2,all_attempts,immediate_next_course_family,course_sort_order,SDW STRM YYYT,1,MATH 172,MATH 220,1,course,Advanced / Changed Course,MATH 172 2024 Sum grade A; next=MATH 220; outcome=pass,1,0,,,,,,,,,,,,,,
2247,2024 Fall Semester,2024 Fall,900000088,MATH,220,MATH 220,PULLM,F,0.0,900000088,MATH 220,2024 Fall,2247,1,F,0.0,fail,0,100,advanced,linear_algebra,2233,5,5,4,1,0,0,MATH 172,2245,MATH 220,2257,pass,1,repeat,2,0,0,2257,2.0,2,all_attempts,immediate_next_course_family,course_sort_order,SDW STRM YYYT,1,MATH 220,MATH 220,1,repeat,Repeated Same Course,MATH 220 2024 Fall grade F; next=MATH 220; outcome=fail,1,0,,,,,,,,,,,,,,
2257,2025 Fall Semester,2025 Fall,900000088,MATH,220,MATH 220,PULLM,B-,2.7,900000088,MATH 220,2025 Fall,2257,2,B-,2.7,pass,1,100,advanced,linear_algebra,2233,7,6,5,2,0,1,MATH 220,2247,,,,,terminal,,0,1,2257,2.0,2,all_attempts,immediate_next_course_family,course_sort_order,SDW STRM YYYT,0,MATH 220,,1,target,Censored Recent Term,MATH 220 2025 Fall grade B-; next=censored; outcome=pass,2,0,,,,,,,,,,,,,,
2235,2023 Summer Semester,2023 Sum,900000089,MATH,171,MATH 171,SPOKA,W,,900000089,MATH 171,2023 Sum,2235,1,W,,withdraw,0,50,gateway,calculus,2235,0,1,0,0,0,0,,,MATH 171,2237,pass,1,repeat,1,0,0,2257,2.0,2,all_attempts,immediate_next_course_family,course_sort_order,SDW STRM YYYT,1,MATH 171,MATH 171,1,repeat,Repeated Same Course,MATH 171 2023 Sum grade W; next=MATH 171; outcome=withdraw,1,1,900000089-path-1,MATH 220 (Repeat 1),forward_from_first_math,MATH 171,MATH 171 (Repeat 1),MATH 172,MATH 216,MATH 216 (Repeat 1),MATH 220,MATH 220 (Repeat 1),1,Completed/Persisted,2235,900000089: MATH 171 -> MATH 171 (Repeat 1) -> MATH 172 -> MATH 216 -> MATH 216 (Repeat 1) -> MATH 220 -> MATH 220 (Repeat 1)
2237,2023 Fall Semester,2023 Fall,900000089,MATH,171,MATH 171,SPOKA,B,3.0,900000089,MATH 171,2023 Fall,2237,2,B,3.0,pass,1,50,gateway,calculus,2235,1,2,1,0,1,1,MATH 171,2235,MATH 172,2243,fail,0,forward,1,0,0,2257,2.0,2,all_attempts,immediate_next_course_family,course_sort_order,SDW STRM YYYT,1,MATH 171,MATH 172,1,course,Advanced / Changed Course,MATH 171 2023 Fall grade B; next=MATH 172; outcome=pass,2,0,,,,,,,,,,,,,,
2243,2024 Spring Semester,2024 Spr,900000089,MATH,172,MATH 172,SPOKA,D+,1.3,900000089,MATH 172,2024 Spr,2243,1,D+,1.3,fail,0,60,advanced,calculus,2235,2,3,2,0,1,0,MATH 171,2237,MATH 216,2245,fail,0,forward,1,0,0,2257,2.0,2,all_attempts,immediate_next_course_family,course_sort_order,SDW STRM YYYT,1,MATH 172,MATH 216,1,course,Advanced / Changed Course,MATH 172 2024 Spr grade D+; next=MATH 216; outcome=fail,1,0,,,,,,,,,,,,,,
2245,2024 Summer Semester,2024 Sum,900000089,MATH,216,MATH 216,SPOKA,C-,1.7,900000089,MATH 216,2024 Sum,2245,1,C-,1.7,fail,0,90,advanced,calculus,2235,3,4,3,1,1,0,MATH 172,2243,MATH 216,2247,withdraw,0,repeat,1,0,0,2257,2.0,2,all_attempts,immediate_next_course_family,course_sort_order,SDW STRM YYYT,1,MATH 216,MATH 216,1,repeat,Repeated Same Course,MATH 216 2024 Sum grade C-; next=MATH 216; outcome=fail,1,0,,,,,,,,,,,,,,
2247,2024 Fall Semester,2024 Fall,900000089,MATH,216,MATH 216,SPOKA,W,,900000089,MATH 216,2024 Fall,2247,2,W,,withdraw,0,90,advanced,calculus,2235,4,5,4,2,1,1,MATH 216,2245,MATH 220,2253,fail,0,forward,1,0,0,2257,2.0,2,all_attempts,immediate_next_course_family,course_sort_order,SDW STRM YYYT,1,MATH 216,MATH 220,1,course,Advanced / Changed Course,MATH 216 2024 Fall grade W; next=MATH 220; outcome=withdraw,2,0,,,,,,,,,,,,,,
2253,2025 Spring Semester,2025 Spr,900000089,MATH,220,MATH 220,SPOKA,D+,1.3,900000089,MATH 220,2025 Spr,2253,1,D+,1.3,fail,0,100,advanced,linear_algebra,2235,5,6,5,2,2,0,MATH 216,2247,MATH 220,2257,pass,1,repeat,1,0,0,2257,2.0,2,all_attempts,immediate_next_course_family,course_sort_order,SDW STRM YYYT,1,MATH 220,MATH 220,1,repeat,Repeated Same Course,MATH 220 2025 Spr grade D+; next=MATH 220; outcome=fail,1,0,,,,,,,,,,,,,,
2257,2025 Fall Semester,2025 Fall,900000089,MATH,220,MATH 220,SPOKA,C+,2.3,900000089,MATH 220,2025 Fall,2257,2,C+,2.3,pass,1,100,advanced,linear_algebra,2235,6,7,6,3,2,1,MATH 220,2253,,,,,terminal,,0,1,2257,2.0,2,all_attempts,immediate_next_course_family,course_sort_order,SDW STRM YYYT,0,MATH 220,,1,target,Censored Recent Term,MATH 220 2025 Fall grade C+; next=censored; outcome=pass,2,0,,,,,,,,,,,,,,
2227,2022 Fall Semester,2022 Fall,900000090,MATH,171,MATH 171,PULLM,C-,1.7,900000090,MATH 171,2022 Fall,2227,1,C-,1.7,fail,0,50,gateway,calculus,2227,0,1,0,0,0,0,,,MATH 172,2233,withdraw,0,forward,1,0,0,2257,2.0,2,all_attempts,immediate_next_course_family,course_sort_order,SDW STRM YYYT,1,MATH 171,MATH 172,1,course,Advanced / Changed Course,MATH 171 2022 Fall grade C-; next=MATH 172; outcome=fail,1,1,900000090-path-1,MATH 220,forward_from_first_math,MATH 171,MATH 172,MATH 216,,,,MATH 220,1,Repeat/Stopout Risk,2227,900000090: MATH 171 -> MATH 172 -> MATH 216 -> MATH 220
2233,2023 Spring Semester,2023 Spr,900000090,MATH,172,MATH 172,PULLM,W,,900000090,MATH 172,2023 Spr,2233,1,W,,withdraw,0,60,advanced,calculus,2227,1,2,1,1,0,0,MATH 171,2227,MATH 216,2235,pass,1,forward,1,0,0,2257,2.0,2,all_attempts,immediate_next_course_family,course_sort_order,SDW STRM YYYT,1,MATH 172,MATH 216,1,course,Advanced / Changed Course,MATH 172 2023 Spr grade W; next=MATH 216; outcome=withdraw,1,0,,,,,,,,,,,,,,
2235,2023 Summer Semester,2023 Sum,900000090,MATH,216,MATH 216,PULLM,B,3.0,900000090,MATH 216,2023 Sum,2235,1,B,3.0,pass,1,90,advanced,calculus,2227,2,3,2,1,1,0,MATH 172,2233,MATH 220,2237,fail,0,forward,1,0,0,2257,2.0,2,all_attempts,immediate_next_course_family,course_sort_order,SDW STRM YYYT,1,MATH 216,MATH 220,1,course,Advanced / Changed Course,MATH 216 2023 Sum grade B; next=MATH 220; outcome=pass,1,0,,,,,,,,,,,,,,
2237,2023 Fall Semester,2023 Fall,900000090,MATH,220,MATH 220,PULLM,D,1.0,900000090,MATH 220,2023 Fall,2237,1,D,1.0,fail,0,100,advanced,linear_algebra,2227,3,4,3,1,1,0,MATH 216,2235,,,,,terminal,,1,0,2257,2.0,2,all_attempts,immediate_next_course_family,course_sort_order,SDW STRM YYYT,1,MATH 220,No Further Course,1,target,No Further Course,MATH 220 2023 Fall grade D; next=No Further Course; outcome=fail,1,0,,,,,,,,,,,,,,
2235,2023 Summer Semester,2023 Sum,900000091,MATH,220,MATH 220,PULLM,A,4.0,900000091,MATH 220,2023 Sum,2235,1,A,4.0,pass,1,100,advanced,linear_algebra,2235,0,1,0,0,0,0,,,,,,,terminal,,1,0,2257,2.0,2,all_attempts,immediate_next_course_family,course_sort_order,SDW STRM YYYT,1,MATH 220,No Further Course,1,target,No Further Course,MATH 220 2023 Sum grade A; next=No Further Course; outcome=pass,1,1,900000091-path-1,No Further Course,forward_from_first_math,MATH 220,,,,,,No Further Course,1,Completed/Persisted,2235,900000091: MATH 220 -> No Further Course
2233,2023 Spring Semester,2023 Spr,900000092,MATH,171,MATH 171,TRIC,D+,1.3,900000092,MATH 171,2023 Spr,2233,1,D+,1.3,fail,0,50,gateway,calculus,2233,0,1,0,0,0,0,,,MATH 172,2237,fail,0,forward,2,0,0,2257,2.0,2,all_attempts,immediate_next_course_family,course_sort_order,SDW STRM YYYT,1,MATH 171,MATH 172,1,course,Advanced / Changed Course,MATH 171 2023 Spr grade D+; next=MATH 172; outcome=fail,1,1,900000092-path-1,MATH 220,forward_from_first_math,MATH 171,MATH 172,MATH 172 (Repeat 1),MATH 216,,,MATH 220,1,Repeat/Stopout Risk,2233,900000092: MATH 171 -> MATH 172 -> MATH 172 (Repeat 1) -> MATH 216 -> MATH 220
2237,2023 Fall Semester,2023 Fall,900000092,MATH,172,MATH 172,TRIC,D,1.0,900000092,MATH 172,2023 Fall,2237,1,D,1.0,fail,0,60,advanced,calculus,2233,2,2,1,1,0,0,MATH 171,2233,MATH 172,2243,fail,0,repeat,1,0,0,2257,2.0,2,all_attempts,immediate_next_course_family,course_sort_order,SDW STRM YYYT,1,MATH 172,MATH 172,1,repeat,Repeated Same Course,MATH 172 2023 Fall grade D; next=MATH 172; outcome=fail,1,0,,,,,,,,,,,,,,
2243,2024 Spring Semester,2024 Spr,900000092,MATH,172,MATH 172,TRIC,F,0.0,900000092,MATH 172,2024 Spr,2243,2,F,0.0,fail,0,60,advanced,calculus,2233,3,3,2,2,0,1,MATH 172,2237,MATH 216,2245,pass,1,forward,1,0,0,2257,2.0,2,all_attempts,immediate_next_course_family,course_sort_order,SDW STRM YYYT,1,MATH 172,MATH 216,1,course,Advanced / Changed Course,MATH 172 2024 Spr grade F; next=MATH 216; outcome=fail,2,0,,,,,,,,,,,,,,
2245,2024 Summer Semester,2024 Sum,900000092,MATH,216,MATH 216,TRIC,B,3.0,900000092,MATH 216,2024 Sum,2245,1,B,3.0,pass,1,90,advanced,calculus,2233,4,4,3,3,0,0,MATH 172,2243,MATH 220,2247,withdraw,0,forward,1,0,0,2257,2.0,2,all_attempts,immediate_next_course_family,course_sort_order,SDW STRM YYYT,1,MATH 216,MATH 220,1,course,Advanced / Changed Course,MATH 216 2024 Sum grade B; next=MATH 220; outcome=pass,1,0,,,,,,,,,,,,,,
2247,2024 Fall Semester,2024 Fall,900000092,MATH,220,MATH 220,TRIC,W,,900000092,MATH 220,2024 Fall,2247,1,W,,withdraw,0,100,advanced,linear_algebra,2233,5,5,4,3,0,0,MATH 216,2245,,,,,terminal,,1,0,2257,2.0,2,all_attempts,immediate_next_course_family,course_sort_order,SDW STRM YYYT,1,MATH 220,No Further Course,1,target,No Further Course,MATH 220 2024 Fall grade W; next=No Further Course; outcome=withdraw,1,0,,,,,,,,,,,,,,
2233,2023 Spring Semester,2023 Spr,900000093,MATH,140,MATH 140,VANCO,D,1.0,900000093,MATH 140,2023 Spr,2233,1,D,1.0,fail,0,45,gateway,statistics,2233,0,1,0,0,0,0,,,MATH 140,2235,fail,0,repeat,1,0,0,2257,2.0,2,all_attempts,immediate_next_course_family,course_sort_order,SDW STRM YYYT,1,MATH 140,MATH 140,1,repeat,Repeated Same Course,MATH 140 2023 Spr grade D; next=MATH 140; outcome=fail,1,1,900000093-path-1,MATH 202,forward_from_first_math,MATH 140,MATH 140 (Repeat 1),MATH 201,MATH 201 (Repeat 1),,,MATH 202,1,Repeat/Stopout Risk,2233,900000093: MATH 140 -> MATH 140 (Repeat 1) -> MATH 201 -> MATH 201 (Repeat 1) -> MATH 202
2235,2023 Summer Semester,2023 Sum,900000093,MATH,140,MATH 140,VANCO,F,0.0,900000093,MATH 140,2023 Sum,2235,2,F,0.0,fail,0,45,gateway,statistics,2233,1,2,1,1,0,1,MATH 140,2233,MATH 201,2237,fail,0,forward,1,0,0,2257,2.0,2,all_attempts,immediate_next_course_family,course_sort_order,SDW STRM YYYT,1,MATH 140,MATH 201,1,course,Advanced / Changed Course,MATH 140 2023 Sum grade F; next=MATH 201; outcome=fail,2,0,,,,,,,,,,,,,,
2237,2023 Fall Semester,2023 Fall,900000093,MATH,201,MATH 201,VANCO,C-,1.7,900000093,MATH 201,2023 Fall,2237,1,C-,1.7,fail,0,70,advanced,quantitative_reasoning,2233,2,3,2,2,0,0,MATH 140,2235,MATH 201,2243,pass,1,repeat,1,0,0,2257,2.0,2,all_attempts,immediate_next_course_family,course_sort_order,SDW STRM YYYT,1,MATH 201,MATH 201,1,repeat,Repeated Same Course,MATH 201 2023 Fall grade C-; next=MATH 201; outcome=fail,1,0,,,,,,,,,,,,,,
2243,2024 Spring Semester,2024 Spr,900000093,MATH,201,MATH 201,VANCO,A-,3.7,900000093,MATH 201,2024 Spr,2243,2,A-,3.7,pass,1,70,advanced,quantitative_reasoning,2233,3,4,3,3,0,1,MATH 201,2237,MATH 202,2245,fail,0,forward,1,0,0,2257,2.0,2,all_attempts,immediate_next_course_family,course_sort_order,SDW STRM YYYT,1,MATH 201,MATH 202,1,course,Advanced / Changed Course,MATH 201 2024 Spr grade A-; next=MATH 202; outcome=pass,2,0,,,,,,,,,,,,,,
2245,2024 Summer Semester,2024 Sum,900000093,MATH,202,MATH 202,VANCO,F,0.0,900000093,MATH 202,2024 Sum,2245,1,F,0.0,fail,0,80,advanced,quantitative_reasoning,2233,4,5,4,3,0,0,MATH 201,2243,,,,,terminal,,1,0,2257,2.0,2,all_attempts,immediate_next_course_family,course_sort_order,SDW STRM YYYT,1,MATH 202,No Further Course,1,course,No Further Course,MATH 202 2024 Sum grade F; next=No Further Course; outcome=fail,1,0,,,,,,,,,,,,,,
2233,2023 Spring Semester,2023 Spr,900000094,MATH,201,MATH 201,PULLM,W,,900000094,MATH 201,2023 Spr,2233,1,W,,withdraw,0,70,advanced,quantitative_reasoning,2233,0,1,0,0,0,0,,,MATH 202,2235,pass,1,forward,1,0,0,2257,2.0,2,all_attempts,immediate_next_course_family,course_sort_order,SDW STRM YYYT,1,MATH 201,MATH 202,1,course,Advanced / Changed Course,MATH 201 2023 Spr grade W; next=MATH 202; outcome=withdraw,1,1,900000094-path-1,MATH 220 (Repeat 1),forward_from_first_math,MATH 201,MATH 202,MATH 220,,,,MATH 220 (Repeat 1),1,Repeat/Stopout Risk,2233,900000094: MATH 201 -> MATH 202 -> MATH 220 -> MATH 220 (Repeat 1)
2235,2023 Summer Semester,2023 Sum,900000094,MATH,202,MATH 202,PULLM,A-,3.7,900000094,MATH 202,2023 Sum,2235,1,A-,3.7,pass,1,80,advanced,quantitative_reasoning,2233,1,2,1,0,1,0,MATH 201,2233,MATH 220,2237,withdraw,0,forward,1,0,0,2257,2.0,2,all_attempts,immediate_next_course_family,course_sort_order,SDW STRM YYYT,1,MATH 202,MATH 220,1,course,Advanced / Changed Course,MATH 202 2023 Sum grade A-; next=MATH 220; outcome=pass,1,0,,,,,,,,,,,,,,
2237,2023 Fall Semester,2023 Fall,900000094,MATH,220,MATH 220,PULLM,W,,900000094,MATH 220,2023 Fall,2237,1,W,,withdraw,0,100,advanced,linear_algebra,2233,2,3,2,0,1,0,MATH 202,2235,MATH 220,2243,withdraw,0,repeat,1,0,0,2257,2.0,2,all_attempts,immediate_next_course_family,course_sort_order,SDW STRM YYYT,1,MATH 220,MATH 220,1,repeat,Repeated Same Course,MATH 220 2023 Fall grade W; next=MATH 220; outcome=withdraw,1,0,,,,,,,,,,,,,,
2243,2024 Spring Semester,2024 Spr,900000094,MATH,220,MATH 220,PULLM,W,,900000094,MATH 220,2024 Spr,2243,2,W,,withdraw,0,100,advanced,linear_algebra,2233,3,4,3,0,2,1,MATH 220,2237,,,,,terminal,,1,0,2257,2.0,2,all_attempts,immediate_next_course_family,course_sort_order,SDW STRM YYYT,1,MATH 220,No Further Course,1,target,No Further Course,MATH 220 2024 Spr grade W; next=No Further Course; outcome=withdraw,2,0,,,,,,,,,,,,,,
2233,2023 Spring Semester,2023 Spr,900000095,MATH,106,MATH 106,PULLM,D,1.0,900000095,MATH 106,2023 Spr,2233,1,D,1.0,fail,0,30,gateway,algebra,2233,0,1,0,0,0,0,,,MATH 106,2235,pass,1,repeat,1,0,0,2257,2.0,2,all_attempts,immediate_next_course_family,course_sort_order,SDW STRM YYYT,1,MATH 106,MATH 106,1,repeat,Repeated Same Course,MATH 106 2023 Spr grade D; next=MATH 106; outcome=fail,1,1,900000095-path-1,MATH 220 (Repeat 1),forward_from_first_math,MATH 106,MATH 106 (Repeat 1),MATH 171,MATH 172,MATH 220,,MATH 220 (Repeat 1),1,Completed/Persisted,2233,900000095: MATH 106 -> MATH 106 (Repeat 1) -> MATH 171 -> MATH 172 -> MATH 220 -> MATH 220 (Repeat 1)
2235,2023 Summer Semester,2023 Sum,900000095,MATH,106,MATH 106,PULLM,B-,2.7,900000095,MATH 106,2023 Sum,2235,2,B-,2.7,pass,1,30,gateway,algebra,2233,1,2,1,1,0,1,MATH 106,2233,MATH 171,2243,pass,1,forward,2,0,0,2257,2.0,2,all_attempts,immediate_next_course_family,course_sort_order,SDW STRM YYYT,1,MATH 106,MATH 171,1,course,Advanced / Changed Course,MATH 106 2023 Sum grade B-; next=MATH 171; outcome=pass,2,0,,,,,,,,,,,,,,
2243,2024 Spring Semester,2024 Spr,900000095,MATH,171,MATH 171,PULLM,B-,2.7,900000095,MATH 171,2024 Spr,2243,1,B-,2.7,pass,1,50,gateway,calculus,2233,3,3,2,1,0,0,MATH 106,2235,MATH 172,2245,fail,0,forward,1,0,0,2257,2.0,2,all_attempts,immediate_next_course_family,course_sort_order,SDW STRM YYYT,1,MATH 171,MATH 172,1,course,Advanced / Changed Course,MATH 171 2024 Spr grade B-; next=MATH 172; outcome=pass,1,0,,,,,,,,,,,,,,
2245,2024 Summer Semester,2024 Sum,900000095,MATH,172,MATH 172,PULLM,D+,1.3,900000095,MATH 172,2024 Sum,2245,1,D+,1.3,fail,0,60,advanced,calculus,2233,4,4,3,1,0,0,MATH 171,2243,MATH 220,2253,fail,0,forward,2,0,0,2257,2.0,2,all_attempts,immediate_next_course_family,course_sort_order,SDW STRM YYYT,1,MATH 172,MATH 220,1,course,Advanced / Changed Course,MATH 172 2024 Sum grade D+; next=MATH 220; outcome=fail,1,0,,,,,,,,,,,,,,
2253,2025 Spring Semester,2025 Spr,900000095,MATH,220,MATH 220,PULLM,C-,1.7,900000095,MATH 220,2025 Spr,2253,1,C-,1.7,fail,0,100,advanced,linear_algebra,2233,6,5,4,2,0,0,MATH 172,2245,MATH 220,2257,pass,1,repeat,1,0,0,2257,2.0,2,all_attempts,immediate_next_course_family,course_sort_order,SDW STRM YYYT,1,MATH 220,MATH 220,1,repeat,Repeated Same Course,MATH 220 2025 Spr grade C-; next=MATH 220; outcome=fail,1,0,,,,,,,,,,,,,,
2257,2025 Fall Semester,2025 Fall,900000095,MATH,220,MATH 220,PULLM,C+,2.3,900000095,MATH 220,2025 Fall,2257,2,C+,2.3,pass,1,100,advanced,linear_algebra,2233,7,6,5,3,0,1,MATH 220,2253,,,,,terminal,,0,1,2257,2.0,2,all_attempts,immediate_next_course_family,course_sort_order,SDW STRM YYYT,0,MATH 220,,1,target,Censored Recent Term,MATH 220 2025 Fall grade C+; next=censored; outcome=pass,2,0,,,,,,,,,,,,,,
2235,2023 Summer Semester,2023 Sum,900000096,MATH,201,MATH 201,VANCO,D+,1.3,900000096,MATH 201,2023 Sum,2235,1,D+,1.3,fail,0,70,advanced,quantitative_reasoning,2235,0,1,0,0,0,0,,,MATH 202,2243,fail,0,forward,2,0,0,2257,2.0,2,all_attempts,immediate_next_course_family,course_sort_order,SDW STRM YYYT,1,MATH 201,MATH 202,1,course,Advanced / Changed Course,MATH 201 2023 Sum grade D+; next=MATH 202; outcome=fail,1,1,900000096-path-1,MATH 220 (Repeat 1),forward_from_first_math,MATH 201,MATH 202,MATH 220,,,,MATH 220 (Repeat 1),1,Completed/Persisted,2235,900000096: MATH 201 -> MATH 202 -> MATH 220 -> MATH 220 (Repeat 1)
2243,2024 Spring Semester,2024 Spr,900000096,MATH,202,MATH 202,VANCO,D,1.0,900000096,MATH 202,2024 Spr,2243,1,D,1.0,fail,0,80,advanced,quantitative_reasoning,2235,2,2,1,1,0,0,MATH 201,2235,MATH 220,2245,fail,0,forward,1,0,0,2257,2.0,2,all_attempts,immediate_next_course_family,course_sort_order,SDW STRM YYYT,1,MATH 202,MATH 220,1,course,Advanced / Changed Course,MATH 202 2024 Spr grade D; next=MATH 220; outcome=fail,1,0,,,,,,,,,,,,,,
2245,2024 Summer Semester,2024 Sum,900000096,MATH,220,MATH 220,VANCO,F,0.0,900000096,MATH 220,2024 Sum,2245,1,F,0.0,fail,0,100,advanced,linear_algebra,2235,3,3,2,2,0,0,MATH 202,2243,MATH 220,2247,pass,1,repeat,1,0,0,2257,2.0,2,all_attempts,immediate_next_course_family,course_sort_order,SDW STRM YYYT,1,MATH 220,MATH 220,1,repeat,Repeated Same Course,MATH 220 2024 Sum grade F; next=MATH 220; outcome=fail,1,0,,,,,,,,,,,,,,
2247,2024 Fall Semester,2024 Fall,900000096,MATH,220,MATH 220,VANCO,C+,2.3,900000096,MATH 220,2024 Fall,2247,2,C+,2.3,pass,1,100,advanced,linear_algebra,2235,4,4,3,3,0,1,MATH 220,2245,,,,,terminal,,1,0,2257,2.0,2,all_attempts,immediate_next_course_family,course_sort_order,SDW STRM YYYT,1,MATH 220,No Further Course,1,target,No Further Course,MATH 220 2024 Fall grade C+; next=No Further Course; outcome=pass,2,0,,,,,,,,,,,,,,
2233,2023 Spring Semester,2023 Spr,900000097,MATH,103,MATH 103,PULLM,D,1.0,900000097,MATH 103,2023 Spr,2233,1,D,1.0,fail,0,20,gateway,algebra,2233,0,1,0,0,0,0,,,MATH 106,2235,pass,1,forward,1,0,0,2257,2.0,2,all_attempts,immediate_next_course_family,course_sort_order,SDW STRM YYYT,1,MATH 103,MATH 106,1,course,Advanced / Changed Course,MATH 103 2023 Spr grade D; next=MATH 106; outcome=fail,1,1,900000097-path-1,MATH 172,forward_from_first_math,MATH 103,MATH 106,MATH 171,,,,MATH 172,1,Completed/Persisted,2233,900000097: MATH 103 -> MATH 106 -> MATH 171 -> MATH 172
2235,2023 Summer Semester,2023 Sum,900000097,MATH,106,MATH 106,PULLM,B-,2.7,900000097,MATH 106,2023 Sum,2235,1,B-,2.7,pass,1,30,gateway,algebra,2233,1,2,1,1,0,0,MATH 103,2233,MATH 171,2237,pass,1,forward,1,0,0,2257,2.0,2,all_attempts,immediate_next_course_family,course_sort_order,SDW STRM YYYT,1,MATH 106,MATH 171,1,course,Advanced / Changed Course,MATH 106 2023 Sum grade B-; next=MATH 171; outcome=pass,1,0,,,,,,,,,,,,,,
2237,2023 Fall Semester,2023 Fall,900000097,MATH,171,MATH 171,PULLM,B-,2.7,900000097,MATH 171,2023 Fall,2237,1,B-,2.7,pass,1,50,gateway,calculus,2233,2,3,2,1,0,0,MATH 106,2235,MATH 172,2243,pass,1,forward,1,0,0,2257,2.0,2,all_attempts,immediate_next_course_family,course_sort_order,SDW STRM YYYT,1,MATH 171,MATH 172,1,course,Advanced / Changed Course,MATH 171 2023 Fall grade B-; next=MATH 172; outcome=pass,1,0,,,,,,,,,,,,,,
2243,2024 Spring Semester,2024 Spr,900000097,MATH,172,MATH 172,PULLM,C,2.0,900000097,MATH 172,2024 Spr,2243,1,C,2.0,pass,1,60,advanced,calculus,2233,3,4,3,1,0,0,MATH 171,2237,,,,,terminal,,1,0,2257,2.0,2,all_attempts,immediate_next_course_family,course_sort_order,SDW STRM YYYT,1,MATH 172,No Further Course,1,course,No Further Course,MATH 172 2024 Spr grade C; next=No Further Course; outcome=pass,1,0,,,,,,,,,,,,,,
2233,2023 Spring Semester,2023 Spr,900000098,MATH,100,MATH 100,SPOKA,W,,900000098,MATH 100,2023 Spr,2233,1,W,,withdraw,0,10,developmental,algebra,2233,0,1,0,0,0,0,,,MATH 100,2235,fail,0,repeat,1,0,0,2257,2.0,2,all_attempts,immediate_next_course_family,course_sort_order,SDW STRM YYYT,1,MATH 100,MATH 100,1,repeat,Repeated Same Course,MATH 100 2023 Spr grade W; next=MATH 100; outcome=withdraw,1,1,900000098-path-1,MATH 171,forward_from_first_math,MATH 100,MATH 100 (Repeat 1),MATH 103,MATH 106,,,MATH 171,1,Repeat/Stopout Risk,2233,900000098: MATH 100 -> MATH 100 (Repeat 1) -> MATH 103 -> MATH 106 -> MATH 171
2235,2023 Summer Semester,2023 Sum,900000098,MATH,100,MATH 100,SPOKA,D,1.0,900000098,MATH 100,2023 Sum,2235,2,D,1.0,fail,0,10,developmental,algebra,2233,1,2,1,0,1,1,MATH 100,2233,MATH 103,2237,fail,0,forward,1,0,0,2257,2.0,2,all_attempts,immediate_next_course_family,course_sort_order,SDW STRM YYYT,1,MATH 100,MATH 103,1,course,Advanced / Changed Course,MATH 100 2023 Sum grade D; next=MATH 103; outcome=fail,2,0,,,,,,,,,,,,,,
2237,2023 Fall Semester,2023 Fall,900000098,MATH,103,MATH 103,SPOKA,F,0.0,900000098,MATH 103,2023 Fall,2237,1,F,0.0,fail,0,20,gateway,algebra,2233,2,3,2,1,1,0,MATH 100,2235,MATH 106,2243,fail,0,forward,1,0,0,2257,2.0,2,all_attempts,immediate_next_course_family,course_sort_order,SDW STRM YYYT,1,MATH 103,MATH 106,1,course,Advanced / Changed Course,MATH 103 2023 Fall grade F; next=MATH 106; outcome=fail,1,0,,,,,,,,,,,,,,
2243,2024 Spring Semester,2024 Spr,900000098,MATH,106,MATH 106,SPOKA,D,1.0,900000098,MATH 106,2024 Spr,2243,1,D,1.0,fail,0,30,gateway,algebra,2233,3,4,3,2,1,0,MATH 103,2237,MATH 171,2245,fail,0,forward,1,0,0,2257,2.0,2,all_attempts,immediate_next_course_family,course_sort_order,SDW STRM YYYT,1,MATH 106,MATH 171,1,course,Advanced / Changed Course,MATH 106 2024 Spr grade D; next=MATH 171; outcome=fail,1,0,,,,,,,,,,,,,,
2245,2024 Summer Semester,2024 Sum,900000098,MATH,171,MATH 171,SPOKA,C-,1.7,900000098,MATH 171,2024 Sum,2245,1,C-,1.7,fail,0,50,gateway,calculus,2233,4,5,4,3,1,0,MATH 106,2243,,,,,terminal,,1,0,2257,2.0,2,all_attempts,immediate_next_course_family,course_sort_order,SDW STRM YYYT,1,MATH 171,No Further Course,1,course,No Further Course,MATH 171 2024 Sum grade C-; next=No Further Course; outcome=fail,1,0,,,,,,,,,,,,,,
2227,2022 Fall Semester,2022 Fall,900000099,MATH,106,MATH 106,PULLM,A,4.0,900000099,MATH 106,2022 Fall,2227,1,A,4.0,pass,1,30,gateway,algebra,2227,0,1,0,0,0,0,,,MATH 171,2233,fail,0,forward,1,0,0,2257,2.0,2,all_attempts,immediate_next_course_family,course_sort_order,SDW STRM YYYT,1,MATH 106,MATH 171,1,course,Advanced / Changed Course,MATH 106 2022 Fall grade A; next=MATH 171; outcome=pass,1,1,900000099-path-1,MATH 220 (Repeat 1),forward_from_first_math,MATH 106,MATH 171,MATH 171 (Repeat 1),MATH 172,MATH 172 (Repeat 1),MATH 220,MATH 220 (Repeat 1),1,Completed/Persisted,2227,900000099: MATH 106 -> MATH 171 -> MATH 171 (Repeat 1) -> MATH 172 -> MATH 172 (Repeat 1) -> MATH 220 -> MATH 220 (Repeat 1)
2233,2023 Spring Semester,2023 Spr,900000099,MATH,171,MATH 171,PULLM,D,1.0,900000099,MATH 171,2023 Spr,2233,1,D,1.0,fail,0,50,gateway,calculus,2227,1,2,1,0,0,0,MATH 106,2227,MATH 171,2235,withdraw,0,repeat,1,0,0,2257,2.0,2,all_attempts,immediate_next_course_family,course_sort_order,SDW STRM YYYT,1,MATH 171,MATH 171,1,repeat,Repeated Same Course,MATH 171 2023 Spr grade D; next=MATH 171; outcome=fail,1,0,,,,,,,,,,,,,,
2235,2023 Summer Semester,2023 Sum,900000099,MATH,171,MATH 171,PULLM,W,,900000099,MATH 171,2023 Sum,2235,2,W,,withdraw,0,50,gateway,calculus,2227,2,3,2,1,0,1,MATH 171,2233,MATH 172,2237,fail,0,forward,1,0,0,2257,2.0,2,all_attempts,immediate_next_course_family,course_sort_order,SDW STRM YYYT,1,MATH 171,MATH 172,1,course,Advanced / Changed Course,MATH 171 2023 Sum grade W; next=MATH 172; outcome=withdraw,2,0,,,,,,,,,,,,,,
2237,2023 Fall Semester,2023 Fall,900000099,MATH,172,MATH 172,PULLM,D+,1.3,900000099,MATH 172,2023 Fall,2237,1,D+,1.3,fail,0,60,advanced,calculus,2227,3,4,3,1,1,0,MATH 171,2235,MATH 172,2245,pass,1,repeat,2,0,0,2257,2.0,2,all_attempts,immediate_next_course_family,course_sort_order,SDW STRM YYYT,1,MATH 172,MATH 172,1,repeat,Repeated Same Course,MATH 172 2023 Fall grade D+; next=MATH 172; outcome=fail,1,0,,,,,,,,,,,,,,
2245,2024 Summer Semester,2024 Sum,900000099,MATH,172,MATH 172,PULLM,C,2.0,900000099,MATH 172,2024 Sum,2245,2,C,2.0,pass,1,60,advanced,calculus,2227,5,5,4,2,1,1,MATH 172,2237,MATH 220,2253,fail,0,forward,2,0,0,2257,2.0,2,all_attempts,immediate_next_course_family,course_sort_order,SDW STRM YYYT,1,MATH 172,MATH 220,1,course,Advanced / Changed Course,MATH 172 2024 Sum grade C; next=MATH 220; outcome=pass,2,0,,,,,,,,,,,,,,
2253,2025 Spring Semester,2025 Spr,900000099,MATH,220,MATH 220,PULLM,D,1.0,900000099,MATH 220,2025 Spr,2253,1,D,1.0,fail,0,100,advanced,linear_algebra,2227,7,6,5,2,1,0,MATH 172,2245,MATH 220,2257,pass,1,repeat,1,0,0,2257,2.0,2,all_attempts,immediate_next_course_family,course_sort_order,SDW STRM YYYT,1,MATH 220,MATH 220,1,repeat,Repeated Same Course,MATH 220 2025 Spr grade D; next=MATH 220; outcome=fail,1,0,,,,,,,,,,,,,,
2257,2025 Fall Semester,2025 Fall,900000099,MATH,220,MATH 220,PULLM,C,2.0,900000099,MATH 220,2025 Fall,2257,2,C,2.0,pass,1,100,advanced,linear_algebra,2227,8,7,6,3,1,1,MATH 220,2253,,,,,terminal,,0,1,2257,2.0,2,all_attempts,immediate_next_course_family,course_sort_order,SDW STRM YYYT,0,MATH 220,,1,target,Censored Recent Term,MATH 220 2025 Fall grade C; next=censored; outcome=pass,2,0,,,,,,,,,,,,,,
2227,2022 Fall Semester,2022 Fall,900000100,MATH,220,MATH 220,PULLM,C,2.0,900000100,MATH 220,2022 Fall,2227,1,C,2.0,pass,1,100,advanced,linear_algebra,2227,0,1,0,0,0,0,,,,,,,terminal,,1,0,2257,2.0,2,all_attempts,immediate_next_course_family,course_sort_order,SDW STRM YYYT,1,MATH 220,No Further Course,1,target,No Further Course,MATH 220 2022 Fall grade C; next=No Further Course; outcome=pass,1,1,900000100-path-1,No Further Course,forward_from_first_math,MATH 220,,,,,,No Further Course,1,Completed/Persisted,2227,900000100: MATH 220 -> No Further Course
2235,2023 Summer Semester,2023 Sum,900000101,MATH,201,MATH 201,TRIC,F,0.0,900000101,MATH 201,2023 Sum,2235,1,F,0.0,fail,0,70,advanced,quantitative_reasoning,2235,0,1,0,0,0,0,,,MATH 202,2237,pass,1,forward,1,0,0,2257,2.0,2,all_attempts,immediate_next_course_family,course_sort_order,SDW STRM YYYT,1,MATH 201,MATH 202,1,course,Advanced / Changed Course,MATH 201 2023 Sum grade F; next=MATH 202; outcome=fail,1,1,900000101-path-1,MATH 220 (Repeat 2),forward_from_first_math,MATH 201,MATH 202,MATH 220,MATH 220 (Repeat 1),,,MATH 220 (Repeat 2),1,Completed/Persisted,2235,900000101: MATH 201 -> MATH 202 -> MATH 220 -> MATH 220 (Repeat 1) -> MATH 220 (Repeat 2)
2237,2023 Fall Semester,2023 Fall,900000101,MATH,202,MATH 202,TRIC,A,4.0,900000101,MATH 202,2023 Fall,2237,1,A,4.0,pass,1,80,advanced,quantitative_reasoning,2235,1,2,1,1,0,0,MATH 201,2235,MATH 220,2243,fail,0,forward,1,0,0,2257,2.0,2,all_attempts,immediate_next_course_family,course_sort_order,SDW STRM YYYT,1,MATH 202,MATH 220,1,course,Advanced / Changed Course,MATH 202 2023 Fall grade A; next=MATH 220; outcome=pass,1,0,,,,,,,,,,,,,,
2243,2024 Spring Semester,2024 Spr,900000101,MATH,220,MATH 220,TRIC,F,0.0,900000101,MATH 220,2024 Spr,2243,1,F,0.0,fail,0,100,advanced,linear_algebra,2235,2,3,2,1,0,0,MATH 202,2237,MATH 220,2245,withdraw,0,repeat,1,0,0,2257,2.0,2,all_attempts,immediate_next_course_family,course_sort_order,SDW STRM YYYT,1,MATH 220,MATH 220,1,repeat,Repeated Same Course,MATH 220 2024 Spr grade F; next=MATH 220; outcome=fail,1,0,,,,,,,,,,,,,,
2245,2024 Summer Semester,2024 Sum,900000101,MATH,220,MATH 220,TRIC,W,,900000101,MATH 220,2024 Sum,2245,2,W,,withdraw,0,100,advanced,linear_algebra,2235,3,4,3,2,0,1,MATH 220,2243,MATH 220,2247,pass,1,repeat,1,0,0,2257,2.0,2,all_attempts,immediate_next_course_family,course_sort_order,SDW STRM YYYT,1,MATH 220,MATH 220,1,repeat,Repeated Same Course,MATH 220 2024 Sum grade W; next=MATH 220; outcome=withdraw,2,0,,,,,,,,,,,,,,
2247,2024 Fall Semester,2024 Fall,900000101,MATH,220,MATH 220,TRIC,A,4.0,900000101,MATH 220,2024 Fall,2247,3,A,4.0,pass,1,100,advanced,linear_algebra,2235,4,5,4,2,1,1,MATH 220,2245,,,,,terminal,,1,0,2257,2.0,2,all_attempts,immediate_next_course_family,course_sort_order,SDW STRM YYYT,1,MATH 220,No Further Course,1,target,No Further Course,MATH 220 2024 Fall grade A; next=No Further Course; outcome=pass,3,0,,,,,,,,,,,,,,
2235,2023 Summer Semester,2023 Sum,900000102,MATH,201,MATH 201,PULLM,F,0.0,900000102,MATH 201,2023 Sum,2235,1,F,0.0,fail,0,70,advanced,quantitative_reasoning,2235,0,1,0,0,0,0,,,MATH 202,2237,pass,1,forward,1,0,0,2257,2.0,2,all_attempts,immediate_next_course_family,course_sort_order,SDW STRM YYYT,1,MATH 201,MATH 202,1,course,Advanced / Changed Course,MATH 201 2023 Sum grade F; next=MATH 202; outcome=fail,1,1,900000102-path-1,MATH 220,forward_from_first_math,MATH 201,MATH 202,,,,,MATH 220,1,Completed/Persisted,2235,900000102: MATH 201 -> MATH 202 -> MATH 220
2237,2023 Fall Semester,2023 Fall,900000102,MATH,202,MATH 202,PULLM,A,4.0,900000102,MATH 202,2023 Fall,2237,1,A,4.0,pass,1,80,advanced,quantitative_reasoning,2235,1,2,1,1,0,0,MATH 201,2235,MATH 220,2243,pass,1,forward,1,0,0,2257,2.0,2,all_attempts,immediate_next_course_family,course_sort_order,SDW STRM YYYT,1,MATH 202,MATH 220,1,course,Advanced / Changed Course,MATH 202 2023 Fall grade A; next=MATH 220; outcome=pass,1,0,,,,,,,,,,,,,,
2243,2024 Spring Semester,2024 Spr,900000102,MATH,220,MATH 220,PULLM,A-,3.7,900000102,MATH 220,2024 Spr,2243,1,A-,3.7,pass,1,100,advanced,linear_algebra,2235,2,3,2,1,0,0,MATH 202,2237,,,,,terminal,,1,0,2257,2.0,2,all_attempts,immediate_next_course_family,course_sort_order,SDW STRM YYYT,1,MATH 220,No Further Course,1,target,No Further Course,MATH 220 2024 Spr grade A-; next=No Further Course; outcome=pass,1,0,,,,,,,,,,,,,,
2235,2023 Summer Semester,2023 Sum,900000103,MATH,103,MATH 103,SPOKA,B,3.0,900000103,MATH 103,2023 Sum,2235,1,B,3.0,pass,1,20,gateway,algebra,2235,0,1,0,0,0,0,,,MATH 106,2237,pass,1,forward,1,0,0,2257,2.0,2,all_attempts,immediate_next_course_family,course_sort_order,SDW STRM YYYT,1,MATH 103,MATH 106,1,course,Advanced / Changed Course,MATH 103 2023 Sum grade B; next=MATH 106; outcome=pass,1,1,900000103-path-1,MATH 172,forward_from_first_math,MATH 103,MATH 106,MATH 171,,,,MATH 172,1,Repeat/Stopout Risk,2235,900000103: MATH 103 -> MATH 106 -> MATH 171 -> MATH 172
2237,2023 Fall Semester,2023 Fall,900000103,MATH,106,MATH 106,SPOKA,A,4.0,900000103,MATH 106,2023 Fall,2237,1,A,4.0,pass,1,30,gateway,algebra,2235,1,2,1,0,0,0,MATH 103,2235,MATH 171,2243,fail,0,forward,1,0,0,2257,2.0,2,all_attempts,immediate_next_course_family,course_sort_order,SDW STRM YYYT,1,MATH 106,MATH 171,1,course,Advanced / Changed Course,MATH 106 2023 Fall grade A; next=MATH 171; outcome=pass,1,0,,,,,,,,,,,,,,
2243,2024 Spring Semester,2024 Spr,900000103,MATH,171,MATH 171,SPOKA,F,0.0,900000103,MATH 171,2024 Spr,2243,1,F,0.0,fail,0,50,gateway,calculus,2235,2,3,2,0,0,0,MATH 106,2237,MATH 172,2245,fail,0,forward,1,0,0,2257,2.0,2,all_attempts,immediate_next_course_family,course_sort_order,SDW STRM YYYT,1,MATH 171,MATH 172,1,course,Advanced / Changed Course,MATH 171 2024 Spr grade F; next=MATH 172; outcome=fail,1,0,,,,,,,,,,,,,,
2245,2024 Summer Semester,2024 Sum,900000103,MATH,172,MATH 172,SPOKA,D,1.0,900000103,MATH 172,2024 Sum,2245,1,D,1.0,fail,0,60,advanced,calculus,2235,3,4,3,1,0,0,MATH 171,2243,,,,,terminal,,1,0,2257,2.0,2,all_attempts,immediate_next_course_family,course_sort_order,SDW STRM YYYT,1,MATH 172,No Further Course,1,course,No Further Course,MATH 172 2024 Sum grade D; next=No Further Course; outcome=fail,1,0,,,,,,,,,,,,,,
2227,2022 Fall Semester,2022 Fall,900000104,MATH,220,MATH 220,PULLM,F,0.0,900000104,MATH 220,2022 Fall,2227,1,F,0.0,fail,0,100,advanced,linear_algebra,2227,0,1,0,0,0,0,,,MATH 220,2233,fail,0,repeat,1,0,0,2257,2.0,2,all_attempts,immediate_next_course_family,course_sort_order,SDW STRM YYYT,1,MATH 220,MATH 220,1,repeat,Repeated Same Course,MATH 220 2022 Fall grade F; next=MATH 220; outcome=fail,1,1,900000104-path-1,MATH 220 (Repeat 1),forward_from_first_math,MATH 220,,,,,,MATH 220 (Repeat 1),1,Repeat/Stopout Risk,2227,900000104: MATH 220 -> MATH 220 (Repeat 1)
2233,2023 Spring Semester,2023 Spr,900000104,MATH,220,MATH 220,PULLM,F,0.0,900000104,MATH 220,2023 Spr,2233,2,F,0.0,fail,0,100,advanced,linear_algebra,2227,1,2,1,1,0,1,MATH 220,2227,,,,,terminal,,1,0,2257,2.0,2,all_attempts,immediate_next_course_family,course_sort_order,SDW STRM YYYT,1,MATH 220,No Further Course,1,target,No Further Course,MATH 220 2023 Spr grade F; next=No Further Course; outcome=fail,2,0,,,,,,,,,,,,,,
2227,2022 Fall Semester,2022 Fall,900000105,MATH,201,MATH 201,GLOBAL,F,0.0,900000105,MATH 201,2022 Fall,2227,1,F,0.0,fail,0,70,advanced,quantitative_reasoning,2227,0,1,0,0,0,0,,,MATH 202,2233,withdraw,0,forward,1,0,0,2257,2.0,2,all_attempts,immediate_next_course_family,course_sort_order,SDW STRM YYYT,1,MATH 201,MATH 202,1,course,Advanced / Changed Course,MATH 201 2022 Fall grade F; next=MATH 202; outcome=fail,1,1,900000105-path-1,MATH 220,forward_from_first_math,MATH 201,MATH 202,MATH 202 (Repeat 1),,,,MATH 220,1,Repeat/Stopout Risk,2227,900000105: MATH 201 -> MATH 202 -> MATH 202 (Repeat 1) -> MATH 220
2233,2023 Spring Semester,2023 Spr,900000105,MATH,202,MATH 202,GLOBAL,W,,900000105,MATH 202,2023 Spr,2233,1,W,,withdraw,0,80,advanced,quantitative_reasoning,2227,1,2,1,1,0,0,MATH 201,2227,MATH 202,2235,pass,1,repeat,1,0,0,2257,2.0,2,all_attempts,immediate_next_course_family,course_sort_order,SDW STRM YYYT,1,MATH 202,MATH 202,1,repeat,Repeated Same Course,MATH 202 2023 Spr grade W; next=MATH 202; outcome=withdraw,1,0,,,,,,,,,,,,,,
2235,2023 Summer Semester,2023 Sum,900000105,MATH,202,MATH 202,GLOBAL,A,4.0,900000105,MATH 202,2023 Sum,2235,2,A,4.0,pass,1,80,advanced,quantitative_reasoning,2227,2,3,2,1,1,1,MATH 202,2233,MATH 220,2237,fail,0,forward,1,0,0,2257,2.0,2,all_attempts,immediate_next_course_family,course_sort_order,SDW STRM YYYT,1,MATH 202,MATH 220,1,course,Advanced / Changed Course,MATH 202 2023 Sum grade A; next=MATH 220; outcome=pass,2,0,,,,,,,,,,,,,,
2237,2023 Fall Semester,2023 Fall,900000105,MATH,220,MATH 220,GLOBAL,C-,1.7,900000105,MATH 220,2023 Fall,2237,1,C-,1.7,fail,0,100,advanced,linear_algebra,2227,3,4,3,1,1,0,MATH 202,2235,,,,,terminal,,1,0,2257,2.0,2,all_attempts,immediate_next_course_family,course_sort_order,SDW STRM YYYT,1,MATH 220,No Further Course,1,target,No Further Course,MATH 220 2023 Fall grade C-; next=No Further Course; outcome=fail,1,0,,,,,,,,,,,,,,
2233,2023 Spring Semester,2023 Spr,900000106,MATH,103,MATH 103,PULLM,C,2.0,900000106,MATH 103,2023 Spr,2233,1,C,2.0,pass,1,20,gateway,algebra,2233,0,1,0,0,0,0,,,MATH 106,2235,withdraw,0,forward,1,0,0,2257,2.0,2,all_attempts,immediate_next_course_family,course_sort_order,SDW STRM YYYT,1,MATH 103,MATH 106,1,course,Advanced / Changed Course,MATH 103 2023 Spr grade C; next=MATH 106; outcome=pass,1,1,900000106-path-1,MATH 220,forward_from_first_math,MATH 103,MATH 106,MATH 106 (Repeat 1),MATH 108,,,MATH 220,1,Repeat/Stopout Risk,2233,900000106: MATH 103 -> MATH 106 -> MATH 106 (Repeat 1) -> MATH 108 -> MATH 220
2235,2023 Summer Semester,2023 Sum,900000106,MATH,106,MATH 106,PULLM,W,,900000106,MATH 106,2023 Sum,2235,1,W,,withdraw,0,30,gateway,algebra,2233,1,2,1,0,0,0,MATH 103,2233,MATH 106,2237,withdraw,0,repeat,1,0,0,2257,2.0,2,all_attempts,immediate_next_course_family,course_sort_order,SDW STRM YYYT,1,MATH 106,MATH 106,1,repeat,Repeated Same Course,MATH 106 2023 Sum grade W; next=MATH 106; outcome=withdraw,1,0,,,,,,,,,,,,,,
2237,2023 Fall Semester,2023 Fall,900000106,MATH,106,MATH 106,PULLM,W,,900000106,MATH 106,2023 Fall,2237,2,W,,withdraw,0,30,gateway,algebra,2233,2,3,2,0,1,1,MATH 106,2235,MATH 108,2243,pass,1,forward,1,0,0,2257,2.0,2,all_attempts,immediate_next_course_family,course_sort_order,SDW STRM YYYT,1,MATH 106,MATH 108,1,course,Advanced / Changed Course,MATH 106 2023 Fall grade W; next=MATH 108; outcome=withdraw,2,0,,,,,,,,,,,,,,
2243,2024 Spring Semester,2024 Spr,900000106,MATH,108,MATH 108,PULLM,B+,3.3,900000106,MATH 108,2024 Spr,2243,1,B+,3.3,pass,1,40,gateway,business_quant,2233,3,4,3,0,2,0,MATH 106,2237,MATH 220,2245,fail,0,forward,1,0,0,2257,2.0,2,all_attempts,immediate_next_course_family,course_sort_order,SDW STRM YYYT,1,MATH 108,MATH 220,1,course,Advanced / Changed Course,MATH 108 2024 Spr grade B+; next=MATH 220; outcome=pass,1,0,,,,,,,,,,,,,,
2245,2024 Summer Semester,2024 Sum,900000106,MATH,220,MATH 220,PULLM,D+,1.3,900000106,MATH 220,2024 Sum,2245,1,D+,1.3,fail,0,100,advanced,linear_algebra,2233,4,5,4,0,2,0,MATH 108,2243,,,,,terminal,,1,0,2257,2.0,2,all_attempts,immediate_next_course_family,course_sort_order,SDW STRM YYYT,1,MATH 220,No Further Course,1,target,No Further Course,MATH 220 2024 Sum grade D+; next=No Further Course; outcome=fail,1,0,,,,,,,,,,,,,,
2235,2023 Summer Semester,2023 Sum,900000107,MATH,171,MATH 171,PULLM,F,0.0,900000107,MATH 171,2023 Sum,2235,1,F,0.0,fail,0,50,gateway,calculus,2235,0,1,0,0,0,0,,,MATH 171,2237,pass,1,repeat,1,0,0,2257,2.0,2,all_attempts,immediate_next_course_family,course_sort_order,SDW STRM YYYT,1,MATH 171,MATH 171,1,repeat,Repeated Same Course,MATH 171 2023 Sum grade F; next=MATH 171; outcome=fail,1,1,900000107-path-1,MATH 220,forward_from_first_math,MATH 171,MATH 171 (Repeat 1),MATH 172,MATH 172 (Repeat 1),MATH 216,,MATH 220,1,Completed/Persisted,2235,900000107: MATH 171 -> MATH 171 (Repeat 1) -> MATH 172 -> MATH 172 (Repeat 1) -> MATH 216 -> MATH 220
2237,2023 Fall Semester,2023 Fall,900000107,MATH,171,MATH 171,PULLM,B-,2.7,900000107,MATH 171,2023 Fall,2237,2,B-,2.7,pass,1,50,gateway,calculus,2235,1,2,1,1,0,1,MATH 171,2235,MATH 172,2243,fail,0,forward,1,0,0,2257,2.0,2,all_attempts,immediate_next_course_family,course_sort_order,SDW STRM YYYT,1,MATH 171,MATH 172,1,course,Advanced / Changed Course,MATH 171 2023 Fall grade B-; next=MATH 172; outcome=pass,2,0,,,,,,,,,,,,,,
2243,2024 Spring Semester,2024 Spr,900000107,MATH,172,MATH 172,PULLM,D,1.0,900000107,MATH 172,2024 Spr,2243,1,D,1.0,fail,0,60,advanced,calculus,2235,2,3,2,1,0,0,MATH 171,2237,MATH 172,2245,pass,1,repeat,1,0,0,2257,2.0,2,all_attempts,immediate_next_course_family,course_sort_order,SDW STRM YYYT,1,MATH 172,MATH 172,1,repeat,Repeated Same Course,MATH 172 2024 Spr grade D; next=MATH 172; outcome=fail,1,0,,,,,,,,,,,,,,
2245,2024 Summer Semester,2024 Sum,900000107,MATH,172,MATH 172,PULLM,B,3.0,900000107,MATH 172,2024 Sum,2245,2,B,3.0,pass,1,60,advanced,calculus,2235,3,4,3,2,0,1,MATH 172,2243,MATH 216,2247,fail,0,forward,1,0,0,2257,2.0,2,all_attempts,immediate_next_course_family,course_sort_order,SDW STRM YYYT,1,MATH 172,MATH 216,1,course,Advanced / Changed Course,MATH 172 2024 Sum grade B; next=MATH 216; outcome=pass,2,0,,,,,,,,,,,,,,
2247,2024 Fall Semester,2024 Fall,900000107,MATH,216,MATH 216,PULLM,F,0.0,900000107,MATH 216,2024 Fall,2247,1,F,0.0,fail,0,90,advanced,calculus,2235,4,5,4,2,0,0,MATH 172,2245,MATH 220,2253,pass,1,forward,1,0,0,2257,2.0,2,all_attempts,immediate_next_course_family,course_sort_order,SDW STRM YYYT,1,MATH 216,MATH 220,1,course,Advanced / Changed Course,MATH 216 2024 Fall grade F; next=MATH 220; outcome=fail,1,0,,,,,,,,,,,,,,
2253,2025 Spring Semester,2025 Spr,900000107,MATH,220,MATH 220,PULLM,C+,2.3,900000107,MATH 220,2025 Spr,2253,1,C+,2.3,pass,1,100,advanced,linear_algebra,2235,5,6,5,3,0,0,MATH 216,2247,,,,,terminal,,0,1,2257,2.0,2,all_attempts,immediate_next_course_family,course_sort_order,SDW STRM YYYT,0,MATH 220,,1,target,Censored Recent Term,MATH 220 2025 Spr grade C+; next=censored; outcome=pass,1,0,,,,,,,,,,,,,,
2235,2023 Summer Semester,2023 Sum,900000108,MATH,171,MATH 171,PULLM,B-,2.7,900000108,MATH 171,2023 Sum,2235,1,B-,2.7,pass,1,50,gateway,calculus,2235,0,1,0,0,0,0,,,MATH 172,2237,fail,0,forward,1,0,0,2257,2.0,2,all_attempts,immediate_next_course_family,course_sort_order,SDW STRM YYYT,1,MATH 171,MATH 172,1,course,Advanced / Changed Course,MATH 171 2023 Sum grade B-; next=MATH 172; outcome=pass,1,1,900000108-path-1,MATH 220,forward_from_first_math,MATH 171,MATH 172,MATH 216,,,,MATH 220,1,Completed/Persisted,2235,900000108: MATH 171 -> MATH 172 -> MATH 216 -> MATH 220
2237,2023 Fall Semester,2023 Fall,900000108,MATH,172,MATH 172,PULLM,F,0.0,900000108,MATH 172,2023 Fall,2237,1,F,0.0,fail,0,60,advanced,calculus,2235,1,2,1,0,0,0,MATH 171,2235,MATH 216,2243,pass,1,forward,1,0,0,2257,2.0,2,all_attempts,immediate_next_course_family,course_sort_order,SDW STRM YYYT,1,MATH 172,MATH 216,1,course,Advanced / Changed Course,MATH 172 2023 Fall grade F; next=MATH 216; outcome=fail,1,0,,,,,,,,,,,,,,
2243,2024 Spring Semester,2024 Spr,900000108,MATH,216,MATH 216,PULLM,C,2.0,900000108,MATH 216,2024 Spr,2243,1,C,2.0,pass,1,90,advanced,calculus,2235,2,3,2,1,0,0,MATH 172,2237,MATH 220,2245,pass,1,forward,1,0,0,2257,2.0,2,all_attempts,immediate_next_course_family,course_sort_order,SDW STRM YYYT,1,MATH 216,MATH 220,1,course,Advanced / Changed Course,MATH 216 2024 Spr grade C; next=MATH 220; outcome=pass,1,0,,,,,,,,,,,,,,
2245,2024 Summer Semester,2024 Sum,900000108,MATH,220,MATH 220,PULLM,B,3.0,900000108,MATH 220,2024 Sum,2245,1,B,3.0,pass,1,100,advanced,linear_algebra,2235,3,4,3,1,0,0,MATH 216,2243,,,,,terminal,,1,0,2257,2.0,2,all_attempts,immediate_next_course_family,course_sort_order,SDW STRM YYYT,1,MATH 220,No Further Course,1,target,No Further Course,MATH 220 2024 Sum grade B; next=No Further Course; outcome=pass,1,0,,,,,,,,,,,,,,
2227,2022 Fall Semester,2022 Fall,900000109,MATH,103,MATH 103,PULLM,C+,2.3,900000109,MATH 103,2022 Fall,2227,1,C+,2.3,pass,1,20,gateway,algebra,2227,0,1,0,0,0,0,,,MATH 106,2233,pass,1,forward,1,0,0,2257,2.0,2,all_attempts,immediate_next_course_family,course_sort_order,SDW STRM YYYT,1,MATH 103,MATH 106,1,course,Advanced / Changed Course,MATH 103 2022 Fall grade C+; next=MATH 106; outcome=pass,1,1,900000109-path-1,MATH 220,forward_from_first_math,MATH 103,MATH 106,MATH 108,,,,MATH 220,1,Repeat/Stopout Risk,2227,900000109: MATH 103 -> MATH 106 -> MATH 108 -> MATH 220
2233,2023 Spring Semester,2023 Spr,900000109,MATH,106,MATH 106,PULLM,B+,3.3,900000109,MATH 106,2023 Spr,2233,1,B+,3.3,pass,1,30,gateway,algebra,2227,1,2,1,0,0,0,MATH 103,2227,MATH 108,2237,withdraw,0,forward,2,0,0,2257,2.0,2,all_attempts,immediate_next_course_family,course_sort_order,SDW STRM YYYT,1,MATH 106,MATH 108,1,course,Advanced / Changed Course,MATH 106 2023 Spr grade B+; next=MATH 108; outcome=pass,1,0,,,,,,,,,,,,,,
2237,2023 Fall Semester,2023 Fall,900000109,MATH,108,MATH 108,PULLM,W,,900000109,MATH 108,2023 Fall,2237,1,W,,withdraw,0,40,gateway,business_quant,2227,3,3,2,0,0,0,MATH 106,2233,MATH 220,2243,fail,0,forward,1,0,0,2257,2.0,2,all_attempts,immediate_next_course_family,course_sort_order,SDW STRM YYYT,1,MATH 108,MATH 220,1,course,Advanced / Changed Course,MATH 108 2023 Fall grade W; next=MATH 220; outcome=withdraw,1,0,,,,,,,,,,,,,,
2243,2024 Spring Semester,2024 Spr,900000109,MATH,220,MATH 220,PULLM,D+,1.3,900000109,MATH 220,2024 Spr,2243,1,D+,1.3,fail,0,100,advanced,linear_algebra,2227,4,4,3,0,1,0,MATH 108,2237,,,,,terminal,,1,0,2257,2.0,2,all_attempts,immediate_next_course_family,course_sort_order,SDW STRM YYYT,1,MATH 220,No Further Course,1,target,No Further Course,MATH 220 2024 Spr grade D+; next=No Further Course; outcome=fail,1,0,,,,,,,,,,,,,,
2235,2023 Summer Semester,2023 Sum,900000110,MATH,201,MATH 201,PULLM,C,2.0,900000110,MATH 201,2023 Sum,2235,1,C,2.0,pass,1,70,advanced,quantitative_reasoning,2235,0,1,0,0,0,0,,,MATH 202,2237,pass,1,forward,1,0,0,2257,2.0,2,all_attempts,immediate_next_course_family,course_sort_order,SDW STRM YYYT,1,MATH 201,MATH 202,1,course,Advanced / Changed Course,MATH 201 2023 Sum grade C; next=MATH 202; outcome=pass,1,1,900000110-path-1,MATH 220,forward_from_first_math,MATH 201,MATH 202,,,,,MATH 220,1,Completed/Persisted,2235,900000110: MATH 201 -> MATH 202 -> MATH 220
2237,2023 Fall Semester,2023 Fall,900000110,MATH,202,MATH 202,PULLM,C,2.0,900000110,MATH 202,2023 Fall,2237,1,C,2.0,pass,1,80,advanced,quantitative_reasoning,2235,1,2,1,0,0,0,MATH 201,2235,MATH 220,2243,pass,1,forward,1,0,0,2257,2.0,2,all_attempts,immediate_next_course_family,course_sort_order,SDW STRM YYYT,1,MATH 202,MATH 220,1,course,Advanced / Changed Course,MATH 202 2023 Fall grade C; next=MATH 220; outcome=pass,1,0,,,,,,,,,,,,,,
2243,2024 Spring Semester,2024 Spr,900000110,MATH,220,MATH 220,PULLM,B,3.0,900000110,MATH 220,2024 Spr,2243,1,B,3.0,pass,1,100,advanced,linear_algebra,2235,2,3,2,0,0,0,MATH 202,2237,,,,,terminal,,1,0,2257,2.0,2,all_attempts,immediate_next_course_family,course_sort_order,SDW STRM YYYT,1,MATH 220,No Further Course,1,target,No Further Course,MATH 220 2024 Spr grade B; next=No Further Course; outcome=pass,1,0,,,,,,,,,,,,,,
2235,2023 Summer Semester,2023 Sum,900000111,MATH,103,MATH 103,PULLM,F,0.0,900000111,MATH 103,2023 Sum,2235,1,F,0.0,fail,0,20,gateway,algebra,2235,0,1,0,0,0,0,,,MATH 106,2237,fail,0,forward,1,0,0,2257,2.0,2,all_attempts,immediate_next_course_family,course_sort_order,SDW STRM YYYT,1,MATH 103,MATH 106,1,course,Advanced / Changed Course,MATH 103 2023 Sum grade F; next=MATH 106; outcome=fail,1,1,900000111-path-1,MATH 220,forward_from_first_math,MATH 103,MATH 106,MATH 108,,,,MATH 220,1,Completed/Persisted,2235,900000111: MATH 103 -> MATH 106 -> MATH 108 -> MATH 220
2237,2023 Fall Semester,2023 Fall,900000111,MATH,106,MATH 106,PULLM,F,0.0,900000111,MATH 106,2023 Fall,2237,1,F,0.0,fail,0,30,gateway,algebra,2235,1,2,1,1,0,0,MATH 103,2235,MATH 108,2243,pass,1,forward,1,0,0,2257,2.0,2,all_attempts,immediate_next_course_family,course_sort_order,SDW STRM YYYT,1,MATH 106,MATH 108,1,course,Advanced / Changed Course,MATH 106 2023 Fall grade F; next=MATH 108; outcome=fail,1,0,,,,,,,,,,,,,,
2243,2024 Spring Semester,2024 Spr,900000111,MATH,108,MATH 108,PULLM,B,3.0,900000111,MATH 108,2024 Spr,2243,1,B,3.0,pass,1,40,gateway,business_quant,2235,2,3,2,2,0,0,MATH 106,2237,MATH 220,2245,pass,1,forward,1,0,0,2257,2.0,2,all_attempts,immediate_next_course_family,course_sort_order,SDW STRM YYYT,1,MATH 108,MATH 220,1,course,Advanced / Changed Course,MATH 108 2024 Spr grade B; next=MATH 220; outcome=pass,1,0,,,,,,,,,,,,,,
2245,2024 Summer Semester,2024 Sum,900000111,MATH,220,MATH 220,PULLM,A-,3.7,900000111,MATH 220,2024 Sum,2245,1,A-,3.7,pass,1,100,advanced,linear_algebra,2235,3,4,3,2,0,0,MATH 108,2243,,,,,terminal,,1,0,2257,2.0,2,all_attempts,immediate_next_course_family,course_sort_order,SDW STRM YYYT,1,MATH 220,No Further Course,1,target,No Further Course,MATH 220 2024 Sum grade A-; next=No Further Course; outcome=pass,1,0,,,,,,,,,,,,,,
2227,2022 Fall Semester,2022 Fall,900000112,MATH,103,MATH 103,VANCO,C-,1.7,900000112,MATH 103,2022 Fall,2227,1,C-,1.7,fail,0,20,gateway,algebra,2227,0,1,0,0,0,0,,,MATH 106,2233,pass,1,forward,1,0,0,2257,2.0,2,all_attempts,immediate_next_course_family,course_sort_order,SDW STRM YYYT,1,MATH 103,MATH 106,1,course,Advanced / Changed Course,MATH 103 2022 Fall grade C-; next=MATH 106; outcome=fail,1,1,900000112-path-1,MATH 220 (Repeat 1),forward_from_first_math,MATH 103,MATH 106,MATH 108,MATH 220,,,MATH 220 (Repeat 1),1,Repeat/Stopout Risk,2227,900000112: MATH 103 -> MATH 106 -> MATH 108 -> MATH 220 -> MATH 220 (Repeat 1)
2233,2023 Spring Semester,2023 Spr,900000112,MATH,106,MATH 106,VANCO,B-,2.7,900000112,MATH 106,2023 Spr,2233,1,B-,2.7,pass,1,30,gateway,algebra,2227,1,2,1,1,0,0,MATH 103,2227,MATH 108,2235,pass,1,forward,1,0,0,2257,2.0,2,all_attempts,immediate_next_course_family,course_sort_order,SDW STRM YYYT,1,MATH 106,MATH 108,1,course,Advanced / Changed Course,MATH 106 2023 Spr grade B-; next=MATH 108; outcome=pass,1,0,,,,,,,,,,,,,,
2235,2023 Summer Semester,2023 Sum,900000112,MATH,108,MATH 108,VANCO,C,2.0,900000112,MATH 108,2023 Sum,2235,1,C,2.0,pass,1,40,gateway,business_quant,2227,2,3,2,1,0,0,MATH 106,2233,MATH 220,2237,fail,0,forward,1,0,0,2257,2.0,2,all_attempts,immediate_next_course_family,course_sort_order,SDW STRM YYYT,1,MATH 108,MATH 220,1,course,Advanced / Changed Course,MATH 108 2023 Sum grade C; next=MATH 220; outcome=pass,1,0,,,,,,,,,,,,,,
2237,2023 Fall Semester,2023 Fall,900000112,MATH,220,MATH 220,VANCO,F,0.0,900000112,MATH 220,2023 Fall,2237,1,F,0.0,fail,0,100,advanced,linear_algebra,2227,3,4,3,1,0,0,MATH 108,2235,MATH 220,2243,withdraw,0,repeat,1,0,0,2257,2.0,2,all_attempts,immediate_next_course_family,course_sort_order,SDW STRM YYYT,1,MATH 220,MATH 220,1,repeat,Repeated Same Course,MATH 220 2023 Fall grade F; next=MATH 220; outcome=fail,1,0,,,,,,,,,,,,,,
2243,2024 Spring Semester,2024 Spr,900000112,MATH,220,MATH 220,VANCO,W,,900000112,MATH 220,2024 Spr,2243,2,W,,withdraw,0,100,advanced,linear_algebra,2227,4,5,4,2,0,1,MATH 220,2237,,,,,terminal,,1,0,2257,2.0,2,all_attempts,immediate_next_course_family,course_sort_order,SDW STRM YYYT,1,MATH 220,No Further Course,1,target,No Further Course,MATH 220 2024 Spr grade W; next=No Further Course; outcome=withdraw,2,0,,,,,,,,,,,,,,
2235,2023 Summer Semester,2023 Sum,900000113,MATH,171,MATH 171,PULLM,D,1.0,900000113,MATH 171,2023 Sum,2235,1,D,1.0,fail,0,50,gateway,calculus,2235,0,1,0,0,0,0,,,MATH 171,2237,fail,0,repeat,1,0,0,2257,2.0,2,all_attempts,immediate_next_course_family,course_sort_order,SDW STRM YYYT,1,MATH 171,MATH 171,1,repeat,Repeated Same Course,MATH 171 2023 Sum grade D; next=MATH 171; outcome=fail,1,1,900000113-path-1,MATH 220,forward_from_first_math,MATH 171,MATH 171 (Repeat 1),MATH 172,MATH 216,,,MATH 220,1,Repeat/Stopout Risk,2235,900000113: MATH 171 -> MATH 171 (Repeat 1) -> MATH 172 -> MATH 216 -> MATH 220
2237,2023 Fall Semester,2023 Fall,900000113,MATH,171,MATH 171,PULLM,F,0.0,900000113,MATH 171,2023 Fall,2237,2,F,0.0,fail,0,50,gateway,calculus,2235,1,2,1,1,0,1,MATH 171,2235,MATH 172,2243,pass,1,forward,1,0,0,2257,2.0,2,all_attempts,immediate_next_course_family,course_sort_order,SDW STRM YYYT,1,MATH 171,MATH 172,1,course,Advanced / Changed Course,MATH 171 2023 Fall grade F; next=MATH 172; outcome=fail,2,0,,,,,,,,,,,,,,
2243,2024 Spring Semester,2024 Spr,900000113,MATH,172,MATH 172,PULLM,C,2.0,900000113,MATH 172,2024 Spr,2243,1,C,2.0,pass,1,60,advanced,calculus,2235,2,3,2,2,0,0,MATH 171,2237,MATH 216,2245,pass,1,forward,1,0,0,2257,2.0,2,all_attempts,immediate_next_course_family,course_sort_order,SDW STRM YYYT,1,MATH 172,MATH 216,1,course,Advanced / Changed Course,MATH 172 2024 Spr grade C; next=MATH 216; outcome=pass,1,0,,,,,,,,,,,,,,
2245,2024 Summer Semester,2024 Sum,900000113,MATH,216,MATH 216,PULLM,C+,2.3,900000113,MATH 216,2024 Sum,2245,1,C+,2.3,pass,1,90,advanced,calculus,2235,3,4,3,2,0,0,MATH 172,2243,MATH 220,2247,fail,0,forward,1,0,0,2257,2.0,2,all_attempts,immediate_next_course_family,course_sort_order,SDW STRM YYYT,1,MATH 216,MATH 220,1,course,Advanced / Changed Course,MATH 216 2024 Sum grade C+; next=MATH 220; outcome=pass,1,0,,,,,,,,,,,,,,
2247,2024 Fall Semester,2024 Fall,900000113,MATH,220,MATH 220,PULLM,D,1.0,900000113,MATH 220,2024 Fall,2247,1,D,1.0,fail,0,100,advanced,linear_algebra,2235,4,5,4,2,0,0,MATH 216,2245,,,,,terminal,,1,0,2257,2.0,2,all_attempts,immediate_next_course_family,course_sort_order,SDW STRM YYYT,1,MATH 220,No Further Course,1,target,No Further Course,MATH 220 2024 Fall grade D; next=No Further Course; outcome=fail,1,0,,,,,,,,,,,,,,
2227,2022 Fall Semester,2022 Fall,900000114,MATH,140,MATH 140,GLOBAL,F,0.0,900000114,MATH 140,2022 Fall,2227,1,F,0.0,fail,0,45,gateway,statistics,2227,0,1,0,0,0,0,,,MATH 140,2233,pass,1,repeat,1,0,0,2257,2.0,2,all_attempts,immediate_next_course_family,course_sort_order,SDW STRM YYYT,1,MATH 140,MATH 140,1,repeat,Repeated Same Course,MATH 140 2022 Fall grade F; next=MATH 140; outcome=fail,1,1,900000114-path-1,MATH 202 (Repeat 1),forward_from_first_math,MATH 140,MATH 140 (Repeat 1),MATH 201,MATH 202,,,MATH 202 (Repeat 1),1,Completed/Persisted,2227,900000114: MATH 140 -> MATH 140 (Repeat 1) -> MATH 201 -> MATH 202 -> MATH 202 (Repeat 1)
2233,2023 Spring Semester,2023 Spr,900000114,MATH,140,MATH 140,GLOBAL,A-,3.7,900000114,MATH 140,2023 Spr,2233,2,A-,3.7,pass,1,45,gateway,statistics,2227,1,2,1,1,0,1,MATH 140,2227,MATH 201,2235,pass,1,forward,1,0,0,2257,2.0,2,all_attempts,immediate_next_course_family,course_sort_order,SDW STRM YYYT,1,MATH 140,MATH 201,1,course,Advanced / Changed Course,MATH 140 2023 Spr grade A-; next=MATH 201; outcome=pass,2,0,,,,,,,,,,,,,,
2235,2023 Summer Semester,2023 Sum,900000114,MATH,201,MATH 201,GLOBAL,B,3.0,900000114,MATH 201,2023 Sum,2235,1,B,3.0,pass,1,70,advanced,quantitative_reasoning,2227,2,3,2,1,0,0,MATH 140,2233,MATH 202,2237,fail,0,forward,1,0,0,2257,2.0,2,all_attempts,immediate_next_course_family,course_sort_order,SDW STRM YYYT,1,MATH 201,MATH 202,1,course,Advanced / Changed Course,MATH 201 2023 Sum grade B; next=MATH 202; outcome=pass,1,0,,,,,,,,,,,,,,
2237,2023 Fall Semester,2023 Fall,900000114,MATH,202,MATH 202,GLOBAL,F,0.0,900000114,MATH 202,2023 Fall,2237,1,F,0.0,fail,0,80,advanced,quantitative_reasoning,2227,3,4,3,1,0,0,MATH 201,2235,MATH 202,2243,pass,1,repeat,1,0,0,2257,2.0,2,all_attempts,immediate_next_course_family,course_sort_order,SDW STRM YYYT,1,MATH 202,MATH 202,1,repeat,Repeated Same Course,MATH 202 2023 Fall grade F; next=MATH 202; outcome=fail,1,0,,,,,,,,,,,,,,
2243,2024 Spring Semester,2024 Spr,900000114,MATH,202,MATH 202,GLOBAL,B-,2.7,900000114,MATH 202,2024 Spr,2243,2,B-,2.7,pass,1,80,advanced,quantitative_reasoning,2227,4,5,4,2,0,1,MATH 202,2237,,,,,terminal,,1,0,2257,2.0,2,all_attempts,immediate_next_course_family,course_sort_order,SDW STRM YYYT,1,MATH 202,No Further Course,1,course,No Further Course,MATH 202 2024 Spr grade B-; next=No Further Course; outcome=pass,2,0,,,,,,,,,,,,,,
2233,2023 Spring Semester,2023 Spr,900000115,MATH,171,MATH 171,PULLM,C,2.0,900000115,MATH 171,2023 Spr,2233,1,C,2.0,pass,1,50,gateway,calculus,2233,0,1,0,0,0,0,,,MATH 172,2235,pass,1,forward,1,0,0,2257,2.0,2,all_attempts,immediate_next_course_family,course_sort_order,SDW STRM YYYT,1,MATH 171,MATH 172,1,course,Advanced / Changed Course,MATH 171 2023 Spr grade C; next=MATH 172; outcome=pass,1,1,900000115-path-1,MATH 220 (Repeat 1),forward_from_first_math,MATH 171,MATH 172,MATH 216,MATH 220,,,MATH 220 (Repeat 1),1,Completed/Persisted,2233,900000115: MATH 171 -> MATH 172 -> MATH 216 -> MATH 220 -> MATH 220 (Repeat 1)
2235,2023 Summer Semester,2023 Sum,900000115,MATH,172,MATH 172,PULLM,B,3.0,900000115,MATH 172,2023 Sum,2235,1,B,3.0,pass,1,60,advanced,calculus,2233,1,2,1,0,0,0,MATH 171,2233,MATH 216,2237,fail,0,forward,1,0,0,2257,2.0,2,all_attempts,immediate_next_course_family,course_sort_order,SDW STRM YYYT,1,MATH 172,MATH 216,1,course,Advanced / Changed Course,MATH 172 2023 Sum grade B; next=MATH 216; outcome=pass,1,0,,,,,,,,,,,,,,
2237,2023 Fall Semester,2023 Fall,900000115,MATH,216,MATH 216,PULLM,D,1.0,900000115,MATH 216,2023 Fall,2237,1,D,1.0,fail,0,90,advanced,calculus,2233,2,3,2,0,0,0,MATH 172,2235,MATH 220,2243,fail,0,forward,1,0,0,2257,2.0,2,all_attempts,immediate_next_course_family,course_sort_order,SDW STRM YYYT,1,MATH 216,MATH 220,1,course,Advanced / Changed Course,MATH 216 2023 Fall grade D; next=MATH 220; outcome=fail,1,0,,,,,,,,,,,,,,
2243,2024 Spring Semester,2024 Spr,900000115,MATH,220,MATH 220,PULLM,D,1.0,900000115,MATH 220,2024 Spr,2243,1,D,1.0,fail,0,100,advanced,linear_algebra,2233,3,4,3,1,0,0,MATH 216,2237,MATH 220,2245,pass,1,repeat,1,0,0,2257,2.0,2,all_attempts,immediate_next_course_family,course_sort_order,SDW STRM YYYT,1,MATH 220,MATH 220,1,repeat,Repeated Same Course,MATH 220 2024 Spr grade D; next=MATH 220; outcome=fail,1,0,,,,,,,,,,,,,,
2245,2024 Summer Semester,2024 Sum,900000115,MATH,220,MATH 220,PULLM,B,3.0,900000115,MATH 220,2024 Sum,2245,2,B,3.0,pass,1,100,advanced,linear_algebra,2233,4,5,4,2,0,1,MATH 220,2243,,,,,terminal,,1,0,2257,2.0,2,all_attempts,immediate_next_course_family,course_sort_order,SDW STRM YYYT,1,MATH 220,No Further Course,1,target,No Further Course,MATH 220 2024 Sum grade B; next=No Further Course; outcome=pass,2,0,,,,,,,,,,,,,,
2233,2023 Spring Semester,2023 Spr,900000116,MATH,100,MATH 100,PULLM,F,0.0,900000116,MATH 100,2023 Spr,2233,1,F,0.0,fail,0,10,developmental,algebra,2233,0,1,0,0,0,0,,,MATH 103,2235,pass,1,forward,1,0,0,2257,2.0,2,all_attempts,immediate_next_course_family,course_sort_order,SDW STRM YYYT,1,MATH 100,MATH 103,1,course,Advanced / Changed Course,MATH 100 2023 Spr grade F; next=MATH 103; outcome=fail,1,1,900000116-path-1,MATH 171,forward_from_first_math,MATH 100,MATH 103,MATH 106,,,,MATH 171,1,Repeat/Stopout Risk,2233,900000116: MATH 100 -> MATH 103 -> MATH 106 -> MATH 171
2235,2023 Summer Semester,2023 Sum,900000116,MATH,103,MATH 103,PULLM,B-,2.7,900000116,MATH 103,2023 Sum,2235,1,B-,2.7,pass,1,20,gateway,algebra,2233,1,2,1,1,0,0,MATH 100,2233,MATH 106,2237,pass,1,forward,1,0,0,2257,2.0,2,all_attempts,immediate_next_course_family,course_sort_order,SDW STRM YYYT,1,MATH 103,MATH 106,1,course,Advanced / Changed Course,MATH 103 2023 Sum grade B-; next=MATH 106; outcome=pass,1,0,,,,,,,,,,,,,,
2237,2023 Fall Semester,2023 Fall,900000116,MATH,106,MATH 106,PULLM,A-,3.7,900000116,MATH 106,2023 Fall,2237,1,A-,3.7,pass,1,30,gateway,algebra,2233,2,3,2,1,0,0,MATH 103,2235,MATH 171,2243,fail,0,forward,1,0,0,2257,2.0,2,all_attempts,immediate_next_course_family,course_sort_order,SDW STRM YYYT,1,MATH 106,MATH 171,1,course,Advanced / Changed Course,MATH 106 2023 Fall grade A-; next=MATH 171; outcome=pass,1,0,,,,,,,,,,,,,,
2243,2024 Spring Semester,2024 Spr,900000116,MATH,171,MATH 171,PULLM,F,0.0,900000116,MATH 171,2024 Spr,2243,1,F,0.0,fail,0,50,gateway,calculus,2233,3,4,3,1,0,0,MATH 106,2237,,,,,terminal,,1,0,2257,2.0,2,all_attempts,immediate_next_course_family,course_sort_order,SDW STRM YYYT,1,MATH 171,No Further Course,1,course,No Further Course,MATH 171 2024 Spr grade F; next=No Further Course; outcome=fail,1,0,,,,,,,,,,,,,,
2233,2023 Spring Semester,2023 Spr,900000117,MATH,103,MATH 103,PULLM,D,1.0,900000117,MATH 103,2023 Spr,2233,1,D,1.0,fail,0,20,gateway,algebra,2233,0,1,0,0,0,0,,,MATH 106,2235,fail,0,forward,1,0,0,2257,2.0,2,all_attempts,immediate_next_course_family,course_sort_order,SDW STRM YYYT,1,MATH 103,MATH 106,1,course,Advanced / Changed Course,MATH 103 2023 Spr grade D; next=MATH 106; outcome=fail,1,1,900000117-path-1,MATH 172,forward_from_first_math,MATH 103,MATH 106,MATH 106 (Repeat 1),MATH 171,,,MATH 172,1,Completed/Persisted,2233,900000117: MATH 103 -> MATH 106 -> MATH 106 (Repeat 1) -> MATH 171 -> MATH 172
2235,2023 Summer Semester,2023 Sum,900000117,MATH,106,MATH 106,PULLM,F,0.0,900000117,MATH 106,2023 Sum,2235,1,F,0.0,fail,0,30,gateway,algebra,2233,1,2,1,1,0,0,MATH 103,2233,MATH 106,2237,pass,1,repeat,1,0,0,2257,2.0,2,all_attempts,immediate_next_course_family,course_sort_order,SDW STRM YYYT,1,MATH 106,MATH 106,1,repeat,Repeated Same Course,MATH 106 2023 Sum grade F; next=MATH 106; outcome=fail,1,0,,,,,,,,,,,,,,
2237,2023 Fall Semester,2023 Fall,900000117,MATH,106,MATH 106,PULLM,B-,2.7,900000117,MATH 106,2023 Fall,2237,2,B-,2.7,pass,1,30,gateway,algebra,2233,2,3,2,2,0,1,MATH 106,2235,MATH 171,2243,pass,1,forward,1,0,0,2257,2.0,2,all_attempts,immediate_next_course_family,course_sort_order,SDW STRM YYYT,1,MATH 106,MATH 171,1,course,Advanced / Changed Course,MATH 106 2023 Fall grade B-; next=MATH 171; outcome=pass,2,0,,,,,,,,,,,,,,
2243,2024 Spring Semester,2024 Spr,900000117,MATH,171,MATH 171,PULLM,A,4.0,900000117,MATH 171,2024 Spr,2243,1,A,4.0,pass,1,50,gateway,calculus,2233,3,4,3,2,0,0,MATH 106,2237,MATH 172,2245,pass,1,forward,1,0,0,2257,2.0,2,all_attempts,immediate_next_course_family,course_sort_order,SDW STRM YYYT,1,MATH 171,MATH 172,1,course,Advanced / Changed Course,MATH 171 2024 Spr grade A; next=MATH 172; outcome=pass,1,0,,,,,,,,,,,,,,
2245,2024 Summer Semester,2024 Sum,900000117,MATH,172,MATH 172,PULLM,B,3.0,900000117,MATH 172,2024 Sum,2245,1,B,3.0,pass,1,60,advanced,calculus,2233,4,5,4,2,0,0,MATH 171,2243,,,,,terminal,,1,0,2257,2.0,2,all_attempts,immediate_next_course_family,course_sort_order,SDW STRM YYYT,1,MATH 172,No Further Course,1,course,No Further Course,MATH 172 2024 Sum grade B; next=No Further Course; outcome=pass,1,0,,,,,,,,,,,,,,
2227,2022 Fall Semester,2022 Fall,900000118,MATH,201,MATH 201,PULLM,F,0.0,900000118,MATH 201,2022 Fall,2227,1,F,0.0,fail,0,70,advanced,quantitative_reasoning,2227,0,1,0,0,0,0,,,MATH 202,2233,fail,0,forward,1,0,0,2257,2.0,2,all_attempts,immediate_next_course_family,course_sort_order,SDW STRM YYYT,1,MATH 201,MATH 202,1,course,Advanced / Changed Course,MATH 201 2022 Fall grade F; next=MATH 202; outcome=fail,1,1,900000118-path-1,MATH 220,forward_from_first_math,MATH 201,MATH 202,MATH 202 (Repeat 1),,,,MATH 220,1,Repeat/Stopout Risk,2227,900000118: MATH 201 -> MATH 202 -> MATH 202 (Repeat 1) -> MATH 220
2233,2023 Spring Semester,2023 Spr,900000118,MATH,202,MATH 202,PULLM,F,0.0,900000118,MATH 202,2023 Spr,2233,1,F,0.0,fail,0,80,advanced,quantitative_reasoning,2227,1,2,1,1,0,0,MATH 201,2227,MATH 202,2235,pass,1,repeat,1,0,0,2257,2.0,2,all_attempts,immediate_next_course_family,course_sort_order,SDW STRM YYYT,1,MATH 202,MATH 202,1,repeat,Repeated Same Course,MATH 202 2023 Spr grade F; next=MATH 202; outcome=fail,1,0,,,,,,,,,,,,,,
2235,2023 Summer Semester,2023 Sum,900000118,MATH,202,MATH 202,PULLM,B,3.0,900000118,MATH 202,2023 Sum,2235,2,B,3.0,pass,1,80,advanced,quantitative_reasoning,2227,2,3,2,2,0,1,MATH 202,2233,MATH 220,2237,withdraw,0,forward,1,0,0,2257,2.0,2,all_attempts,immediate_next_course_family,course_sort_order,SDW STRM YYYT,1,MATH 202,MATH 220,1,course,Advanced / Changed Course,MATH 202 2023 Sum grade B; next=MATH 220; outcome=pass,2,0,,,,,,,,,,,,,,
2237,2023 Fall Semester,2023 Fall,900000118,MATH,220,MATH 220,PULLM,W,,900000118,MATH 220,2023 Fall,2237,1,W,,withdraw,0,100,advanced,linear_algebra,2227,3,4,3,2,0,0,MATH 202,2235,,,,,terminal,,1,0,2257,2.0,2,all_attempts,immediate_next_course_family,course_sort_order,SDW STRM YYYT,1,MATH 220,No Further Course,1,target,No Further Course,MATH 220 2023 Fall grade W; next=No Further Course; outcome=withdraw,1,0,,,,,,,,,,,,,,
2233,2023 Spring Semester,2023 Spr,900000119,MATH,103,MATH 103,VANCO,B-,2.7,900000119,MATH 103,2023 Spr,2233,1,B-,2.7,pass,1,20,gateway,algebra,2233,0,1,0,0,0,0,,,MATH 106,2235,pass,1,forward,1,0,0,2257,2.0,2,all_attempts,immediate_next_course_family,course_sort_order,SDW STRM YYYT,1,MATH 103,MATH 106,1,course,Advanced / Changed Course,MATH 103 2023 Spr grade B-; next=MATH 106; outcome=pass,1,1,900000119-path-1,MATH 220 (Repeat 1),forward_from_first_math,MATH 103,MATH 106,MATH 108,MATH 220,,,MATH 220 (Repeat 1),1,Repeat/Stopout Risk,2233,900000119: MATH 103 -> MATH 106 -> MATH 108 -> MATH 220 -> MATH 220 (Repeat 1)
2235,2023 Summer Semester,2023 Sum,900000119,MATH,106,MATH 106,VANCO,B,3.0,900000119,MATH 106,2023 Sum,2235,1,B,3.0,pass,1,30,gateway,algebra,2233,1,2,1,0,0,0,MATH 103,2233,MATH 108,2237,withdraw,0,forward,1,0,0,2257,2.0,2,all_attempts,immediate_next_course_family,course_sort_order,SDW STRM YYYT,1,MATH 106,MATH 108,1,course,Advanced / Changed Course,MATH 106 2023 Sum grade B; next=MATH 108; outcome=pass,1,0,,,,,,,,,,,,,,
2237,2023 Fall Semester,2023 Fall,900000119,MATH,108,MATH 108,VANCO,W,,900000119,MATH 108,2023 Fall,2237,1,W,,withdraw,0,40,gateway,business_quant,2233,2,3,2,0,0,0,MATH 106,2235,MATH 220,2243,fail,0,forward,1,0,0,2257,2.0,2,all_attempts,immediate_next_course_family,course_sort_order,SDW STRM YYYT,1,MATH 108,MATH 220,1,course,Advanced / Changed Course,MATH 108 2023 Fall grade W; next=MATH 220; outcome=withdraw,1,0,,,,,,,,,,,,,,
2243,2024 Spring Semester,2024 Spr,900000119,MATH,220,MATH 220,VANCO,D,1.0,900000119,MATH 220,2024 Spr,2243,1,D,1.0,fail,0,100,advanced,linear_algebra,2233,3,4,3,0,1,0,MATH 108,2237,MATH 220,2245,fail,0,repeat,1,0,0,2257,2.0,2,all_attempts,immediate_next_course_family,course_sort_order,SDW STRM YYYT,1,MATH 220,MATH 220,1,repeat,Repeated Same Course,MATH 220 2024 Spr grade D; next=MATH 220; outcome=fail,1,0,,,,,,,,,,,,,,
2245,2024 Summer Semester,2024 Sum,900000119,MATH,220,MATH 220,VANCO,C-,1.7,900000119,MATH 220,2024 Sum,2245,2,C-,1.7,fail,0,100,advanced,linear_algebra,2233,4,5,4,1,1,1,MATH 220,2243,,,,,terminal,,1,0,2257,2.0,2,all_attempts,immediate_next_course_family,course_sort_order,SDW STRM YYYT,1,MATH 220,No Further Course,1,target,No Further Course,MATH 220 2024 Sum grade C-; next=No Further Course; outcome=fail,2,0,,,,,,,,,,,,,,
2233,2023 Spring Semester,2023 Spr,900000120,MATH,171,MATH 171,PULLM,B-,2.7,900000120,MATH 171,2023 Spr,2233,1,B-,2.7,pass,1,50,gateway,calculus,2233,0,1,0,0,0,0,,,MATH 172,2235,fail,0,forward,1,0,0,2257,2.0,2,all_attempts,immediate_next_course_family,course_sort_order,SDW STRM YYYT,1,MATH 171,MATH 172,1,course,Advanced / Changed Course,MATH 171 2023 Spr grade B-; next=MATH 172; outcome=pass,1,1,900000120-path-1,MATH 220 (Repeat 1),forward_from_first_math,MATH 171,MATH 172,MATH 172 (Repeat 1),MATH 216,MATH 216 (Repeat 1),MATH 220,MATH 220 (Repeat 1),1,Completed/Persisted,2233,900000120: MATH 171 -> MATH 172 -> MATH 172 (Repeat 1) -> MATH 216 -> MATH 216 (Repeat 1) -> MATH 220 -> MATH 220 (Repeat 1)
2235,2023 Summer Semester,2023 Sum,900000120,MATH,172,MATH 172,PULLM,D,1.0,900000120,MATH 172,2023 Sum,2235,1,D,1.0,fail,0,60,advanced,calculus,2233,1,2,1,0,0,0,MATH 171,2233,MATH 172,2237,fail,0,repeat,1,0,0,2257,2.0,2,all_attempts,immediate_next_course_family,course_sort_order,SDW STRM YYYT,1,MATH 172,MATH 172,1,repeat,Repeated Same Course,MATH 172 2023 Sum grade D; next=MATH 172; outcome=fail,1,0,,,,,,,,,,,,,,
2237,2023 Fall Semester,2023 Fall,900000120,MATH,172,MATH 172,PULLM,D+,1.3,900000120,MATH 172,2023 Fall,2237,2,D+,1.3,fail,0,60,advanced,calculus,2233,2,3,2,1,0,1,MATH 172,2235,MATH 216,2243,fail,0,forward,1,0,0,2257,2.0,2,all_attempts,immediate_next_course_family,course_sort_order,SDW STRM YYYT,1,MATH 172,MATH 216,1,course,Advanced / Changed Course,MATH 172 2023 Fall grade D+; next=MATH 216; outcome=fail,2,0,,,,,,,,,,,,,,
2243,2024 Spring Semester,2024 Spr,900000120,MATH,216,MATH 216,PULLM,F,0.0,900000120,MATH 216,2024 Spr,2243,1,F,0.0,fail,0,90,advanced,calculus,2233,3,4,3,2,0,0,MATH 172,2237,MATH 216,2245,pass,1,repeat,1,0,0,2257,2.0,2,all_attempts,immediate_next_course_family,course_sort_order,SDW STRM YYYT,1,MATH 216,MATH 216,1,repeat,Repeated Same Course,MATH 216 2024 Spr grade F; next=MATH 216; outcome=fail,1,0,,,,,,,,,,,,,,
2245,2024 Summer Semester,2024 Sum,900000120,MATH,216,MATH 216,PULLM,A,4.0,900000120,MATH 216,2024 Sum,2245,2,A,4.0,pass,1,90,advanced,calculus,2233,4,5,4,3,0,1,MATH 216,2243,MATH 220,2253,fail,0,forward,2,0,0,2257,2.0,2,all_attempts,immediate_next_course_family,course_sort_order,SDW STRM YYYT,1,MATH 216,MATH 220,1,course,Advanced / Changed Course,MATH 216 2024 Sum grade A; next=MATH 220; outcome=pass,2,0,,,,,,,,,,,,,,
2253,2025 Spring Semester,2025 Spr,900000120,MATH,220,MATH 220,PULLM,F,0.0,900000120,MATH 220,2025 Spr,2253,1,F,0.0,fail,0,100,advanced,linear_algebra,2233,6,6,5,3,0,0,MATH 216,2245,MATH 220,2257,pass,1,repeat,1,0,0,2257,2.0,2,all_attempts,immediate_next_course_family,course_sort_order,SDW STRM YYYT,1,MATH 220,MATH 220,1,repeat,Repeated Same Course,MATH 220 2025 Spr grade F; next=MATH 220; outcome=fail,1,0,,,,,,,,,,,,,,
2257,2025 Fall Semester,2025 Fall,900000120,MATH,220,MATH 220,PULLM,A-,3.7,900000120,MATH 220,2025 Fall,2257,2,A-,3.7,pass,1,100,advanced,linear_algebra,2233,7,7,6,4,0,1,MATH 220,2253,,,,,terminal,,0,1,2257,2.0,2,all_attempts,immediate_next_course_family,course_sort_order,SDW STRM YYYT,0,MATH 220,,1,target,Censored Recent Term,MATH 220 2025 Fall grade A-; next=censored; outcome=pass,2,0,,,,,,,,,,,,,,
2227,2022 Fall Semester,2022 Fall,900000121,MATH,103,MATH 103,PULLM,B,3.0,900000121,MATH 103,2022 Fall,2227,1,B,3.0,pass,1,20,gateway,algebra,2227,0,1,0,0,0,0,,,MATH 106,2233,fail,0,forward,1,0,0,2257,2.0,2,all_attempts,immediate_next_course_family,course_sort_order,SDW STRM YYYT,1,MATH 103,MATH 106,1,course,Advanced / Changed Course,MATH 103 2022 Fall grade B; next=MATH 106; outcome=pass,1,1,900000121-path-1,MATH 220 (Repeat 1),forward_from_first_math,MATH 103,MATH 106,MATH 108,MATH 220,,,MATH 220 (Repeat 1),1,Repeat/Stopout Risk,2227,900000121: MATH 103 -> MATH 106 -> MATH 108 -> MATH 220 -> MATH 220 (Repeat 1)
2233,2023 Spring Semester,2023 Spr,900000121,MATH,106,MATH 106,PULLM,D+,1.3,900000121,MATH 106,2023 Spr,2233,1,D+,1.3,fail,0,30,gateway,algebra,2227,1,2,1,0,0,0,MATH 103,2227,MATH 108,2235,fail,0,forward,1,0,0,2257,2.0,2,all_attempts,immediate_next_course_family,course_sort_order,SDW STRM YYYT,1,MATH 106,MATH 108,1,course,Advanced / Changed Course,MATH 106 2023 Spr grade D+; next=MATH 108; outcome=fail,1,0,,,,,,,,,,,,,,
2235,2023 Summer Semester,2023 Sum,900000121,MATH,108,MATH 108,PULLM,D+,1.3,900000121,MATH 108,2023 Sum,2235,1,D+,1.3,fail,0,40,gateway,business_quant,2227,2,3,2,1,0,0,MATH 106,2233,MATH 220,2237,withdraw,0,forward,1,0,0,2257,2.0,2,all_attempts,immediate_next_course_family,course_sort_order,SDW STRM YYYT,1,MATH 108,MATH 220,1,course,Advanced / Changed Course,MATH 108 2023 Sum grade D+; next=MATH 220; outcome=fail,1,0,,,,,,,,,,,,,,
2237,2023 Fall Semester,2023 Fall,900000121,MATH,220,MATH 220,PULLM,W,,900000121,MATH 220,2023 Fall,2237,1,W,,withdraw,0,100,advanced,linear_algebra,2227,3,4,3,2,0,0,MATH 108,2235,MATH 220,2243,fail,0,repeat,1,0,0,2257,2.0,2,all_attempts,immediate_next_course_family,course_sort_order,SDW STRM YYYT,1,MATH 220,MATH 220,1,repeat,Repeated Same Course,MATH 220 2023 Fall grade W; next=MATH 220; outcome=withdraw,1,0,,,,,,,,,,,,,,
2243,2024 Spring Semester,2024 Spr,900000121,MATH,220,MATH 220,PULLM,F,0.0,900000121,MATH 220,2024 Spr,2243,2,F,0.0,fail,0,100,advanced,linear_algebra,2227,4,5,4,2,1,1,MATH 220,2237,,,,,terminal,,1,0,2257,2.0,2,all_attempts,immediate_next_course_family,course_sort_order,SDW STRM YYYT,1,MATH 220,No Further Course,1,target,No Further Course,MATH 220 2024 Spr grade F; next=No Further Course; outcome=fail,2,0,,,,,,,,,,,,,,
2227,2022 Fall Semester,2022 Fall,900000122,MATH,140,MATH 140,VANCO,F,0.0,900000122,MATH 140,2022 Fall,2227,1,F,0.0,fail,0,45,gateway,statistics,2227,0,1,0,0,0,0,,,MATH 201,2233,pass,1,forward,1,0,0,2257,2.0,2,all_attempts,immediate_next_course_family,course_sort_order,SDW STRM YYYT,1,MATH 140,MATH 201,1,course,Advanced / Changed Course,MATH 140 2022 Fall grade F; next=MATH 201; outcome=fail,1,1,900000122-path-1,MATH 202,forward_from_first_math,MATH 140,MATH 201,,,,,MATH 202,1,Completed/Persisted,2227,900000122: MATH 140 -> MATH 201 -> MATH 202
2233,2023 Spring Semester,2023 Spr,900000122,MATH,201,MATH 201,VANCO,C+,2.3,900000122,MATH 201,2023 Spr,2233,1,C+,2.3,pass,1,70,advanced,quantitative_reasoning,2227,1,2,1,1,0,0,MATH 140,2227,MATH 202,2235,pass,1,forward,1,0,0,2257,2.0,2,all_attempts,immediate_next_course_family,course_sort_order,SDW STRM YYYT,1,MATH 201,MATH 202,1,course,Advanced / Changed Course,MATH 201 2023 Spr grade C+; next=MATH 202; outcome=pass,1,0,,,,,,,,,,,,,,
2235,2023 Summer Semester,2023 Sum,900000122,MATH,202,MATH 202,VANCO,B-,2.7,900000122,MATH 202,2023 Sum,2235,1,B-,2.7,pass,1,80,advanced,quantitative_reasoning,2227,2,3,2,1,0,0,MATH 201,2233,,,,,terminal,,1,0,2257,2.0,2,all_attempts,immediate_next_course_family,course_sort_order,SDW STRM YYYT,1,MATH 202,No Further Course,1,course,No Further Course,MATH 202 2023 Sum grade B-; next=No Further Course; outcome=pass,1,0,,,,,,,,,,,,,,
2235,2023 Summer Semester,2023 Sum,900000123,MATH,220,MATH 220,GLOBAL,W,,900000123,MATH 220,2023 Sum,2235,1,W,,withdraw,0,100,advanced,linear_algebra,2235,0,1,0,0,0,0,,,MATH 220,2237,pass,1,repeat,1,0,0,2257,2.0,2,all_attempts,immediate_next_course_family,course_sort_order,SDW STRM YYYT,1,MATH 220,MATH 220,1,repeat,Repeated Same Course,MATH 220 2023 Sum grade W; next=MATH 220; outcome=withdraw,1,1,900000123-path-1,MATH 220 (Repeat 1),forward_from_first_math,MATH 220,,,,,,MATH 220 (Repeat 1),1,Completed/Persisted,2235,900000123: MATH 220 -> MATH 220 (Repeat 1)
2237,2023 Fall Semester,2023 Fall,900000123,MATH,220,MATH 220,GLOBAL,B,3.0,900000123,MATH 220,2023 Fall,2237,2,B,3.0,pass,1,100,advanced,linear_algebra,2235,1,2,1,0,1,1,MATH 220,2235,,,,,terminal,,1,0,2257,2.0,2,all_attempts,immediate_next_course_family,course_sort_order,SDW STRM YYYT,1,MATH 220,No Further Course,1,target,No Further Course,MATH 220 2023 Fall grade B; next=No Further Course; outcome=pass,2,0,,,,,,,,,,,,,,
2233,2023 Spring Semester,2023 Spr,900000124,MATH,201,MATH 201,GLOBAL,D,1.0,900000124,MATH 201,2023 Spr,2233,1,D,1.0,fail,0,70,advanced,quantitative_reasoning,2233,0,1,0,0,0,0,,,MATH 202,2235,withdraw,0,forward,1,0,0,2257,2.0,2,all_attempts,immediate_next_course_family,course_sort_order,SDW STRM YYYT,1,MATH 201,MATH 202,1,course,Advanced / Changed Course,MATH 201 2023 Spr grade D; next=MATH 202; outcome=fail,1,1,900000124-path-1,MATH 220,forward_from_first_math,MATH 201,MATH 202,,,,,MATH 220,1,Repeat/Stopout Risk,2233,900000124: MATH 201 -> MATH 202 -> MATH 220
2235,2023 Summer Semester,2023 Sum,900000124,MATH,202,MATH 202,GLOBAL,W,,900000124,MATH 202,2023 Sum,2235,1,W,,withdraw,0,80,advanced,quantitative_reasoning,2233,1,2,1,1,0,0,MATH 201,2233,MATH 220,2237,fail,0,forward,1,0,0,2257,2.0,2,all_attempts,immediate_next_course_family,course_sort_order,SDW STRM YYYT,1,MATH 202,MATH 220,1,course,Advanced / Changed Course,MATH 202 2023 Sum grade W; next=MATH 220; outcome=withdraw,1,0,,,,,,,,,,,,,,
2237,2023 Fall Semester,2023 Fall,900000124,MATH,220,MATH 220,GLOBAL,F,0.0,900000124,MATH 220,2023 Fall,2237,1,F,0.0,fail,0,100,advanced,linear_algebra,2233,2,3,2,1,1,0,MATH 202,2235,,,,,terminal,,1,0,2257,2.0,2,all_attempts,immediate_next_course_family,course_sort_order,SDW STRM YYYT,1,MATH 220,No Further Course,1,target,No Further Course,MATH 220 2023 Fall grade F; next=No Further Course; outcome=fail,1,0,,,,,,,,,,,,,,
2233,2023 Spring Semester,2023 Spr,900000125,MATH,201,MATH 201,TRIC,C,2.0,900000125,MATH 201,2023 Spr,2233,1,C,2.0,pass,1,70,advanced,quantitative_reasoning,2233,0,1,0,0,0,0,,,MATH 202,2235,pass,1,forward,1,0,0,2257,2.0,2,all_attempts,immediate_next_course_family,course_sort_order,SDW STRM YYYT,1,MATH 201,MATH 202,1,course,Advanced / Changed Course,MATH 201 2023 Spr grade C; next=MATH 202; outcome=pass,1,1,900000125-path-1,MATH 220 (Repeat 1),forward_from_first_math,MATH 201,MATH 202,MATH 220,,,,MATH 220 (Repeat 1),1,Completed/Persisted,2233,900000125: MATH 201 -> MATH 202 -> MATH 220 -> MATH 220 (Repeat 1)
2235,2023 Summer Semester,2023 Sum,900000125,MATH,202,MATH 202,TRIC,C+,2.3,900000125,MATH 202,2023 Sum,2235,1,C+,2.3,pass,1,80,advanced,quantitative_reasoning,2233,1,2,1,0,0,0,MATH 201,2233,MATH 220,2237,withdraw,0,forward,1,0,0,2257,2.0,2,all_attempts,immediate_next_course_family,course_sort_order,SDW STRM YYYT,1,MATH 202,MATH 220,1,course,Advanced / Changed Course,MATH 202 2023 Sum grade C+; next=MATH 220; outcome=pass,1,0,,,,,,,,,,,,,,
2237,2023 Fall Semester,2023 Fall,900000125,MATH,220,MATH 220,TRIC,W,,900000125,MATH 220,2023 Fall,2237,1,W,,withdraw,0,100,advanced,linear_algebra,2233,2,3,2,0,0,0,MATH 202,2235,MATH 220,2243,pass,1,repeat,1,0,0,2257,2.0,2,all_attempts,immediate_next_course_family,course_sort_order,SDW STRM YYYT,1,MATH 220,MATH 220,1,repeat,Repeated Same Course,MATH 220 2023 Fall grade W; next=MATH 220; outcome=withdraw,1,0,,,,,,,,,,,,,,
2243,2024 Spring Semester,2024 Spr,900000125,MATH,220,MATH 220,TRIC,C,2.0,900000125,MATH 220,2024 Spr,2243,2,C,2.0,pass,1,100,advanced,linear_algebra,2233,3,4,3,0,1,1,MATH 220,2237,,,,,terminal,,1,0,2257,2.0,2,all_attempts,immediate_next_course_family,course_sort_order,SDW STRM YYYT,1,MATH 220,No Further Course,1,target,No Further Course,MATH 220 2024 Spr grade C; next=No Further Course; outcome=pass,2,0,,,,,,,,,,,,,,
2235,2023 Summer Semester,2023 Sum,900000126,MATH,171,MATH 171,PULLM,W,,900000126,MATH 171,2023 Sum,2235,1,W,,withdraw,0,50,gateway,calculus,2235,0,1,0,0,0,0,,,MATH 171,2237,pass,1,repeat,1,0,0,2257,2.0,2,all_attempts,immediate_next_course_family,course_sort_order,SDW STRM YYYT,1,MATH 171,MATH 171,1,repeat,Repeated Same Course,MATH 171 2023 Sum grade W; next=MATH 171; outcome=withdraw,1,1,900000126-path-1,MATH 220,forward_from_first_math,MATH 171,MATH 171 (Repeat 1),MATH 172,MATH 216,,,MATH 220,1,Repeat/Stopout Risk,2235,900000126: MATH 171 -> MATH 171 (Repeat 1) -> MATH 172 -> MATH 216 -> MATH 220
2237,2023 Fall Semester,2023 Fall,900000126,MATH,171,MATH 171,PULLM,B-,2.7,900000126,MATH 171,2023 Fall,2237,2,B-,2.7,pass,1,50,gateway,calculus,2235,1,2,1,0,1,1,MATH 171,2235,MATH 172,2243,fail,0,forward,1,0,0,2257,2.0,2,all_attempts,immediate_next_course_family,course_sort_order,SDW STRM YYYT,1,MATH 171,MATH 172,1,course,Advanced / Changed Course,MATH 171 2023 Fall grade B-; next=MATH 172; outcome=pass,2,0,,,,,,,,,,,,,,
2243,2024 Spring Semester,2024 Spr,900000126,MATH,172,MATH 172,PULLM,C-,1.7,900000126,MATH 172,2024 Spr,2243,1,C-,1.7,fail,0,60,advanced,calculus,2235,2,3,2,0,1,0,MATH 171,2237,MATH 216,2245,pass,1,forward,1,0,0,2257,2.0,2,all_attempts,immediate_next_course_family,course_sort_order,SDW STRM YYYT,1,MATH 172,MATH 216,1,course,Advanced / Changed Course,MATH 172 2024 Spr grade C-; next=MATH 216; outcome=fail,1,0,,,,,,,,,,,,,,
2245,2024 Summer Semester,2024 Sum,900000126,MATH,216,MATH 216,PULLM,A,4.0,900000126,MATH 216,2024 Sum,2245,1,A,4.0,pass,1,90,advanced,calculus,2235,3,4,3,1,1,0,MATH 172,2243,MATH 220,2253,withdraw,0,forward,2,0,0,2257,2.0,2,all_attempts,immediate_next_course_family,course_sort_order,SDW STRM YYYT,1,MATH 216,MATH 220,1,course,Advanced / Changed Course,MATH 216 2024 Sum grade A; next=MATH 220; outcome=pass,1,0,,,,,,,,,,,,,,
2253,2025 Spring Semester,2025 Spr,900000126,MATH,220,MATH 220,PULLM,W,,900000126,MATH 220,2025 Spr,2253,1,W,,withdraw,0,100,advanced,linear_algebra,2235,5,5,4,1,1,0,MATH 216,2245,,,,,terminal,,0,1,2257,2.0,2,all_attempts,immediate_next_course_family,course_sort_order,SDW STRM YYYT,0,MATH 220,,1,target,Censored Recent Term,MATH 220 2025 Spr grade W; next=censored; outcome=withdraw,1,0,,,,,,,,,,,,,,
2227,2022 Fall Semester,2022 Fall,900000127,MATH,103,MATH 103,PULLM,D,1.0,900000127,MATH 103,2022 Fall,2227,1,D,1.0,fail,0,20,gateway,algebra,2227,0,1,0,0,0,0,,,MATH 106,2233,fail,0,forward,1,0,0,2257,2.0,2,all_attempts,immediate_next_course_family,course_sort_order,SDW STRM YYYT,1,MATH 103,MATH 106,1,course,Advanced / Changed Course,MATH 103 2022 Fall grade D; next=MATH 106; outcome=fail,1,1,900000127-path-1,MATH 172 (Repeat 1),forward_from_first_math,MATH 103,MATH 106,MATH 106 (Repeat 1),MATH 171,MATH 172,,MATH 172 (Repeat 1),1,Completed/Persisted,2227,900000127: MATH 103 -> MATH 106 -> MATH 106 (Repeat 1) -> MATH 171 -> MATH 172 -> MATH 172 (Repeat 1)
2233,2023 Spring Semester,2023 Spr,900000127,MATH,106,MATH 106,PULLM,F,0.0,900000127,MATH 106,2023 Spr,2233,1,F,0.0,fail,0,30,gateway,algebra,2227,1,2,1,1,0,0,MATH 103,2227,MATH 106,2235,pass,1,repeat,1,0,0,2257,2.0,2,all_attempts,immediate_next_course_family,course_sort_order,SDW STRM YYYT,1,MATH 106,MATH 106,1,repeat,Repeated Same Course,MATH 106 2023 Spr grade F; next=MATH 106; outcome=fail,1,0,,,,,,,,,,,,,,
2235,2023 Summer Semester,2023 Sum,900000127,MATH,106,MATH 106,PULLM,A-,3.7,900000127,MATH 106,2023 Sum,2235,2,A-,3.7,pass,1,30,gateway,algebra,2227,2,3,2,2,0,1,MATH 106,2233,MATH 171,2237,pass,1,forward,1,0,0,2257,2.0,2,all_attempts,immediate_next_course_family,course_sort_order,SDW STRM YYYT,1,MATH 106,MATH 171,1,course,Advanced / Changed Course,MATH 106 2023 Sum grade A-; next=MATH 171; outcome=pass,2,0,,,,,,,,,,,,,,
2237,2023 Fall Semester,2023 Fall,900000127,MATH,171,MATH 171,PULLM,C+,2.3,900000127,MATH 171,2023 Fall,2237,1,C+,2.3,pass,1,50,gateway,calculus,2227,3,4,3,2,0,0,MATH 106,2235,MATH 172,2243,withdraw,0,forward,1,0,0,2257,2.0,2,all_attempts,immediate_next_course_family,course_sort_order,SDW STRM YYYT,1,MATH 171,MATH 172,1,course,Advanced / Changed Course,MATH 171 2023 Fall grade C+; next=MATH 172; outcome=pass,1,0,,,,,,,,,,,,,,
2243,2024 Spring Semester,2024 Spr,900000127,MATH,172,MATH 172,PULLM,W,,900000127,MATH 172,2024 Spr,2243,1,W,,withdraw,0,60,advanced,calculus,2227,4,5,4,2,0,0,MATH 171,2237,MATH 172,2245,pass,1,repeat,1,0,0,2257,2.0,2,all_attempts,immediate_next_course_family,course_sort_order,SDW STRM YYYT,1,MATH 172,MATH 172,1,repeat,Repeated Same Course,MATH 172 2024 Spr grade W; next=MATH 172; outcome=withdraw,1,0,,,,,,,,,,,,,,
2245,2024 Summer Semester,2024 Sum,900000127,MATH,172,MATH 172,PULLM,A-,3.7,900000127,MATH 172,2024 Sum,2245,2,A-,3.7,pass,1,60,advanced,calculus,2227,5,6,5,2,1,1,MATH 172,2243,,,,,terminal,,1,0,2257,2.0,2,all_attempts,immediate_next_course_family,course_sort_order,SDW STRM YYYT,1,MATH 172,No Further Course,1,course,No Further Course,MATH 172 2024 Sum grade A-; next=No Further Course; outcome=pass,2,0,,,,,,,,,,,,,,
2227,2022 Fall Semester,2022 Fall,900000128,MATH,103,MATH 103,VANCO,W,,900000128,MATH 103,2022 Fall,2227,1,W,,withdraw,0,20,gateway,algebra,2227,0,1,0,0,0,0,,,MATH 103,2233,pass,1,repeat,1,0,0,2257,2.0,2,all_attempts,immediate_next_course_family,course_sort_order,SDW STRM YYYT,1,MATH 103,MATH 103,1,repeat,Repeated Same Course,MATH 103 2022 Fall grade W; next=MATH 103; outcome=withdraw,1,1,900000128-path-1,MATH 172,forward_from_first_math,MATH 103,MATH 103 (Repeat 1),MATH 106,MATH 106 (Repeat 1),MATH 171,,MATH 172,1,Completed/Persisted,2227,900000128: MATH 103 -> MATH 103 (Repeat 1) -> MATH 106 -> MATH 106 (Repeat 1) -> MATH 171 -> MATH 172
2233,2023 Spring Semester,2023 Spr,900000128,MATH,103,MATH 103,VANCO,B,3.0,900000128,MATH 103,2023 Spr,2233,2,B,3.0,pass,1,20,gateway,algebra,2227,1,2,1,0,1,1,MATH 103,2227,MATH 106,2235,fail,0,forward,1,0,0,2257,2.0,2,all_attempts,immediate_next_course_family,course_sort_order,SDW STRM YYYT,1,MATH 103,MATH 106,1,course,Advanced / Changed Course,MATH 103 2023 Spr grade B; next=MATH 106; outcome=pass,2,0,,,,,,,,,,,,,,
2235,2023 Summer Semester,2023 Sum,900000128,MATH,106,MATH 106,VANCO,D,1.0,900000128,MATH 106,2023 Sum,2235,1,D,1.0,fail,0,30,gateway,algebra,2227,2,3,2,0,1,0,MATH 103,2233,MATH 106,2237,pass,1,repeat,1,0,0,2257,2.0,2,all_attempts,immediate_next_course_family,course_sort_order,SDW STRM YYYT,1,MATH 106,MATH 106,1,repeat,Repeated Same Course,MATH 106 2023 Sum grade D; next=MATH 106; outcome=fail,1,0,,,,,,,,,,,,,,
2237,2023 Fall Semester,2023 Fall,900000128,MATH,106,MATH 106,VANCO,C,2.0,900000128,MATH 106,2023 Fall,2237,2,C,2.0,pass,1,30,gateway,algebra,2227,3,4,3,1,1,1,MATH 106,2235,MATH 171,2243,withdraw,0,forward,1,0,0,2257,2.0,2,all_attempts,immediate_next_course_family,course_sort_order,SDW STRM YYYT,1,MATH 106,MATH 171,1,course,Advanced / Changed Course,MATH 106 2023 Fall grade C; next=MATH 171; outcome=pass,2,0,,,,,,,,,,,,,,
2243,2024 Spring Semester,2024 Spr,900000128,MATH,171,MATH 171,VANCO,W,,900000128,MATH 171,2024 Spr,2243,1,W,,withdraw,0,50,gateway,calculus,2227,4,5,4,1,1,0,MATH 106,2237,MATH 172,2245,pass,1,forward,1,0,0,2257,2.0,2,all_attempts,immediate_next_course_family,course_sort_order,SDW STRM YYYT,1,MATH 171,MATH 172,1,course,Advanced / Changed Course,MATH 171 2024 Spr grade W; next=MATH 172; outcome=withdraw,1,0,,,,,,,,,,,,,,
2245,2024 Summer Semester,2024 Sum,900000128,MATH,172,MATH 172,VANCO,B,3.0,900000128,MATH 172,2024 Sum,2245,1,B,3.0,pass,1,60,advanced,calculus,2227,5,6,5,1,2,0,MATH 171,2243,,,,,terminal,,1,0,2257,2.0,2,all_attempts,immediate_next_course_family,course_sort_order,SDW STRM YYYT,1,MATH 172,No Further Course,1,course,No Further Course,MATH 172 2024 Sum grade B; next=No Further Course; outcome=pass,1,0,,,,,,,,,,,,,,
2233,2023 Spring Semester,2023 Spr,900000129,MATH,201,MATH 201,SPOKA,A,4.0,900000129,MATH 201,2023 Spr,2233,1,A,4.0,pass,1,70,advanced,quantitative_reasoning,2233,0,1,0,0,0,0,,,MATH 202,2237,pass,1,forward,2,0,0,2257,2.0,2,all_attempts,immediate_next_course_family,course_sort_order,SDW STRM YYYT,1,MATH 201,MATH 202,1,course,Advanced / Changed Course,MATH 201 2023 Spr grade A; next=MATH 202; outcome=pass,1,1,900000129-path-1,MATH 220,forward_from_first_math,MATH 201,MATH 202,,,,,MATH 220,1,Repeat/Stopout Risk,2233,900000129: MATH 201 -> MATH 202 -> MATH 220
2237,2023 Fall Semester,2023 Fall,900000129,MATH,202,MATH 202,SPOKA,B,3.0,900000129,MATH 202,2023 Fall,2237,1,B,3.0,pass,1,80,advanced,quantitative_reasoning,2233,2,2,1,0,0,0,MATH 201,2233,MATH 220,2243,withdraw,0,forward,1,0,0,2257,2.0,2,all_attempts,immediate_next_course_family,course_sort_order,SDW STRM YYYT,1,MATH 202,MATH 220,1,course,Advanced / Changed Course,MATH 202 2023 Fall grade B; next=MATH 220; outcome=pass,1,0,,,,,,,,,,,,,,
2243,2024 Spring Semester,2024 Spr,900000129,MATH,220,MATH 220,SPOKA,W,,900000129,MATH 220,2024 Spr,2243,1,W,,withdraw,0,100,advanced,linear_algebra,2233,3,3,2,0,0,0,MATH 202,2237,,,,,terminal,,1,0,2257,2.0,2,all_attempts,immediate_next_course_family,course_sort_order,SDW STRM YYYT,1,MATH 220,No Further Course,1,target,No Further Course,MATH 220 2024 Spr grade W; next=No Further Course; outcome=withdraw,1,0,,,,,,,,,,,,,,
2233,2023 Spring Semester,2023 Spr,900000130,MATH,100,MATH 100,GLOBAL,W,,900000130,MATH 100,2023 Spr,2233,1,W,,withdraw,0,10,developmental,algebra,2233,0,1,0,0,0,0,,,MATH 103,2235,pass,1,forward,1,0,0,2257,2.0,2,all_attempts,immediate_next_course_family,course_sort_order,SDW STRM YYYT,1,MATH 100,MATH 103,1,course,Advanced / Changed Course,MATH 100 2023 Spr grade W; next=MATH 103; outcome=withdraw,1,1,900000130-path-1,MATH 171,forward_from_first_math,MATH 100,MATH 103,MATH 106,,,,MATH 171,1,Completed/Persisted,2233,900000130: MATH 100 -> MATH 103 -> MATH 106 -> MATH 171
2235,2023 Summer Semester,2023 Sum,900000130,MATH,103,MATH 103,GLOBAL,C,2.0,900000130,MATH 103,2023 Sum,2235,1,C,2.0,pass,1,20,gateway,algebra,2233,1,2,1,0,1,0,MATH 100,2233,MATH 106,2237,fail,0,forward,1,0,0,2257,2.0,2,all_attempts,immediate_next_course_family,course_sort_order,SDW STRM YYYT,1,MATH 103,MATH 106,1,course,Advanced / Changed Course,MATH 103 2023 Sum grade C; next=MATH 106; outcome=pass,1,0,,,,,,,,,,,,,,
2237,2023 Fall Semester,2023 Fall,900000130,MATH,106,MATH 106,GLOBAL,C-,1.7,900000130,MATH 106,2023 Fall,2237,1,C-,1.7,fail,0,30,gateway,algebra,2233,2,3,2,0,1,0,MATH 103,2235,MATH 171,2243,pass,1,forward,1,0,0,2257,2.0,2,all_attempts,immediate_next_course_family,course_sort_order,SDW STRM YYYT,1,MATH 106,MATH 171,1,course,Advanced / Changed Course,MATH 106 2023 Fall grade C-; next=MATH 171; outcome=fail,1,0,,,,,,,,,,,,,,
2243,2024 Spring Semester,2024 Spr,900000130,MATH,171,MATH 171,GLOBAL,C+,2.3,900000130,MATH 171,2024 Spr,2243,1,C+,2.3,pass,1,50,gateway,calculus,2233,3,4,3,1,1,0,MATH 106,2237,,,,,terminal,,1,0,2257,2.0,2,all_attempts,immediate_next_course_family,course_sort_order,SDW STRM YYYT,1,MATH 171,No Further Course,1,course,No Further Course,MATH 171 2024 Spr grade C+; next=No Further Course; outcome=pass,1,0,,,,,,,,,,,,,,
2235,2023 Summer Semester,2023 Sum,900000131,MATH,103,MATH 103,VANCO,B,3.0,900000131,MATH 103,2023 Sum,2235,1,B,3.0,pass,1,20,gateway,algebra,2235,0,1,0,0,0,0,,,MATH 106,2243,pass,1,forward,2,0,0,2257,2.0,2,all_attempts,immediate_next_course_family,course_sort_order,SDW STRM YYYT,1,MATH 103,MATH 106,1,course,Advanced / Changed Course,MATH 103 2023 Sum grade B; next=MATH 106; outcome=pass,1,1,900000131-path-1,MATH 172,forward_from_first_math,MATH 103,MATH 106,MATH 171,,,,MATH 172,1,Repeat/Stopout Risk,2235,900000131: MATH 103 -> MATH 106 -> MATH 171 -> MATH 172
2243,2024 Spring Semester,2024 Spr,900000131,MATH,106,MATH 106,VANCO,A,4.0,900000131,MATH 106,2024 Spr,2243,1,A,4.0,pass,1,30,gateway,algebra,2235,2,2,1,0,0,0,MATH 103,2235,MATH 171,2245,pass,1,forward,1,0,0,2257,2.0,2,all_attempts,immediate_next_course_family,course_sort_order,SDW STRM YYYT,1,MATH 106,MATH 171,1,course,Advanced / Changed Course,MATH 106 2024 Spr grade A; next=MATH 171; outcome=pass,1,0,,,,,,,,,,,,,,
2245,2024 Summer Semester,2024 Sum,900000131,MATH,171,MATH 171,VANCO,C,2.0,900000131,MATH 171,2024 Sum,2245,1,C,2.0,pass,1,50,gateway,calculus,2235,3,3,2,0,0,0,MATH 106,2243,MATH 172,2247,fail,0,forward,1,0,0,2257,2.0,2,all_attempts,immediate_next_course_family,course_sort_order,SDW STRM YYYT,1,MATH 171,MATH 172,1,course,Advanced / Changed Course,MATH 171 2024 Sum grade C; next=MATH 172; outcome=pass,1,0,,,,,,,,,,,,,,
2247,2024 Fall Semester,2024 Fall,900000131,MATH,172,MATH 172,VANCO,F,0.0,900000131,MATH 172,2024 Fall,2247,1,F,0.0,fail,0,60,advanced,calculus,2235,4,4,3,0,0,0,MATH 171,2245,,,,,terminal,,1,0,2257,2.0,2,all_attempts,immediate_next_course_family,course_sort_order,SDW STRM YYYT,1,MATH 172,No Further Course,1,course,No Further Course,MATH 172 2024 Fall grade F; next=No Further Course; outcome=fail,1,0,,,,,,,,,,,,,,
2233,2023 Spring Semester,2023 Spr,900000132,MATH,220,MATH 220,TRIC,D+,1.3,900000132,MATH 220,2023 Spr,2233,1,D+,1.3,fail,0,100,advanced,linear_algebra,2233,0,1,0,0,0,0,,,,,,,terminal,,1,0,2257,2.0,2,all_attempts,immediate_next_course_family,course_sort_order,SDW STRM YYYT,1,MATH 220,No Further Course,1,target,No Further Course,MATH 220 2023 Spr grade D+; next=No Further Course; outcome=fail,1,1,900000132-path-1,No Further Course,forward_from_first_math,MATH 220,,,,,,No Further Course,1,Repeat/Stopout Risk,2233,900000132: MATH 220 -> No Further Course
2235,2023 Summer Semester,2023 Sum,900000133,MATH,103,MATH 103,PULLM,F,0.0,900000133,MATH 103,2023 Sum,2235,1,F,0.0,fail,0,20,gateway,algebra,2235,0,1,0,0,0,0,,,MATH 103,2237,pass,1,repeat,1,0,0,2257,2.0,2,all_attempts,immediate_next_course_family,course_sort_order,SDW STRM YYYT,1,MATH 103,MATH 103,1,repeat,Repeated Same Course,MATH 103 2023 Sum grade F; next=MATH 103; outcome=fail,1,1,900000133-path-1,MATH 220,forward_from_first_math,MATH 103,MATH 103 (Repeat 1),MATH 106,MATH 108,,,MATH 220,1,Completed/Persisted,2235,900000133: MATH 103 -> MATH 103 (Repeat 1) -> MATH 106 -> MATH 108 -> MATH 220
2237,2023 Fall Semester,2023 Fall,900000133,MATH,103,MATH 103,PULLM,B-,2.7,900000133,MATH 103,2023 Fall,2237,2,B-,2.7,pass,1,20,gateway,algebra,2235,1,2,1,1,0,1,MATH 103,2235,MATH 106,2243,pass,1,forward,1,0,0,2257,2.0,2,all_attempts,immediate_next_course_family,course_sort_order,SDW STRM YYYT,1,MATH 103,MATH 106,1,course,Advanced / Changed Course,MATH 103 2023 Fall grade B-; next=MATH 106; outcome=pass,2,0,,,,,,,,,,,,,,
2243,2024 Spring Semester,2024 Spr,900000133,MATH,106,MATH 106,PULLM,B,3.0,900000133,MATH 106,2024 Spr,2243,1,B,3.0,pass,1,30,gateway,algebra,2235,2,3,2,1,0,0,MATH 103,2237,MATH 108,2245,fail,0,forward,1,0,0,2257,2.0,2,all_attempts,immediate_next_course_family,course_sort_order,SDW STRM YYYT,1,MATH 106,MATH 108,1,course,Advanced / Changed Course,MATH 106 2024 Spr grade B; next=MATH 108; outcome=pass,1,0,,,,,,,,,,,,,,
2245,2024 Summer Semester,2024 Sum,900000133,MATH,108,MATH 108,PULLM,F,0.0,900000133,MATH 108,2024 Sum,2245,1,F,0.0,fail,0,40,gateway,business_quant,2235,3,4,3,1,0,0,MATH 106,2243,MATH 220,2247,pass,1,forward,1,0,0,2257,2.0,2,all_attempts,immediate_next_course_family,course_sort_order,SDW STRM YYYT,1,MATH 108,MATH 220,1,course,Advanced / Changed Course,MATH 108 2024 Sum grade F; next=MATH 220; outcome=fail,1,0,,,,,,,,,,,,,,
2247,2024 Fall Semester,2024 Fall,900000133,MATH,220,MATH 220,PULLM,B-,2.7,900000133,MATH 220,2024 Fall,2247,1,B-,2.7,pass,1,100,advanced,linear_algebra,2235,4,5,4,2,0,0,MATH 108,2245,,,,,terminal,,1,0,2257,2.0,2,all_attempts,immediate_next_course_family,course_sort_order,SDW STRM YYYT,1,MATH 220,No Further Course,1,target,No Further Course,MATH 220 2024 Fall grade B-; next=No Further Course; outcome=pass,1,0,,,,,,,,,,,,,,
2235,2023 Summer Semester,2023 Sum,900000134,MATH,171,MATH 171,TRIC,C+,2.3,900000134,MATH 171,2023 Sum,2235,1,C+,2.3,pass,1,50,gateway,calculus,2235,0,1,0,0,0,0,,,MATH 172,2237,pass,1,forward,1,0,0,2257,2.0,2,all_attempts,immediate_next_course_family,course_sort_order,SDW STRM YYYT,1,MATH 171,MATH 172,1,course,Advanced / Changed Course,MATH 171 2023 Sum grade C+; next=MATH 172; outcome=pass,1,1,900000134-path-1,MATH 220 (Repeat 1),forward_from_first_math,MATH 171,MATH 172,MATH 216,MATH 216 (Repeat 1),MATH 220,,MATH 220 (Repeat 1),1,Completed/Persisted,2235,900000134: MATH 171 -> MATH 172 -> MATH 216 -> MATH 216 (Repeat 1) -> MATH 220 -> MATH 220 (Repeat 1)
2237,2023 Fall Semester,2023 Fall,900000134,MATH,172,MATH 172,TRIC,A-,3.7,900000134,MATH 172,2023 Fall,2237,1,A-,3.7,pass,1,60,advanced,calculus,2235,1,2,1,0,0,0,MATH 171,2235,MATH 216,2243,fail,0,forward,1,0,0,2257,2.0,2,all_attempts,immediate_next_course_family,course_sort_order,SDW STRM YYYT,1,MATH 172,MATH 216,1,course,Advanced / Changed Course,MATH 172 2023 Fall grade A-; next=MATH 216; outcome=pass,1,0,,,,,,,,,,,,,,
2243,2024 Spring Semester,2024 Spr,900000134,MATH,216,MATH 216,TRIC,D,1.0,900000134,MATH 216,2024 Spr,2243,1,D,1.0,fail,0,90,advanced,calculus,2235,2,3,2,0,0,0,MATH 172,2237,MATH 216,2245,pass,1,repeat,1,0,0,2257,2.0,2,all_attempts,immediate_next_course_family,course_sort_order,SDW STRM YYYT,1,MATH 216,MATH 216,1,repeat,Repeated Same Course,MATH 216 2024 Spr grade D; next=MATH 216; outcome=fail,1,0,,,,,,,,,,,,,,
2245,2024 Summer Semester,2024 Sum,900000134,MATH,216,MATH 216,TRIC,B-,2.7,900000134,MATH 216,2024 Sum,2245,2,B-,2.7,pass,1,90,advanced,calculus,2235,3,4,3,1,0,1,MATH 216,2243,MATH 220,2247,withdraw,0,forward,1,0,0,2257,2.0,2,all_attempts,immediate_next_course_family,course_sort_order,SDW STRM YYYT,1,MATH 216,MATH 220,1,course,Advanced / Changed Course,MATH 216 2024 Sum grade B-; next=MATH 220; outcome=pass,2,0,,,,,,,,,,,,,,
2247,2024 Fall Semester,2024 Fall,900000134,MATH,220,MATH 220,TRIC,W,,900000134,MATH 220,2024 Fall,2247,1,W,,withdraw,0,100,advanced,linear_algebra,2235,4,5,4,1,0,0,MATH 216,2245,MATH 220,2253,pass,1,repeat,1,0,0,2257,2.0,2,all_attempts,immediate_next_course_family,course_sort_order,SDW STRM YYYT,1,MATH 220,MATH 220,1,repeat,Repeated Same Course,MATH 220 2024 Fall grade W; next=MATH 220; outcome=withdraw,1,0,,,,,,,,,,,,,,
2253,2025 Spring Semester,2025 Spr,900000134,MATH,220,MATH 220,TRIC,B-,2.7,900000134,MATH 220,2025 Spr,2253,2,B-,2.7,pass,1,100,advanced,linear_algebra,2235,5,6,5,1,1,1,MATH 220,2247,,,,,terminal,,0,1,2257,2.0,2,all_attempts,immediate_next_course_family,course_sort_order,SDW STRM YYYT,0,MATH 220,,1,target,Censored Recent Term,MATH 220 2025 Spr grade B-; next=censored; outcome=pass,2,0,,,,,,,,,,,,,,
2235,2023 Summer Semester,2023 Sum,900000135,MATH,201,MATH 201,PULLM,W,,900000135,MATH 201,2023 Sum,2235,1,W,,withdraw,0,70,advanced,quantitative_reasoning,2235,0,1,0,0,0,0,,,MATH 201,2237,pass,1,repeat,1,0,0,2257,2.0,2,all_attempts,immediate_next_course_family,course_sort_order,SDW STRM YYYT,1,MATH 201,MATH 201,1,repeat,Repeated Same Course,MATH 201 2023 Sum grade W; next=MATH 201; outcome=withdraw,1,1,900000135-path-1,MATH 220,forward_from_first_math,MATH 201,MATH 201 (Repeat 1),MATH 202,,,,MATH 220,1,Completed/Persisted,2235,900000135: MATH 201 -> MATH 201 (Repeat 1) -> MATH 202 -> MATH 220
2237,2023 Fall Semester,2023 Fall,900000135,MATH,201,MATH 201,PULLM,A-,3.7,900000135,MATH 201,2023 Fall,2237,2,A-,3.7,pass,1,70,advanced,quantitative_reasoning,2235,1,2,1,0,1,1,MATH 201,2235,MATH 202,2243,pass,1,forward,1,0,0,2257,2.0,2,all_attempts,immediate_next_course_family,course_sort_order,SDW STRM YYYT,1,MATH 201,MATH 202,1,course,Advanced / Changed Course,MATH 201 2023 Fall grade A-; next=MATH 202; outcome=pass,2,0,,,,,,,,,,,,,,
2243,2024 Spring Semester,2024 Spr,900000135,MATH,202,MATH 202,PULLM,B,3.0,900000135,MATH 202,2024 Spr,2243,1,B,3.0,pass,1,80,advanced,quantitative_reasoning,2235,2,3,2,0,1,0,MATH 201,2237,MATH 220,2247,pass,1,forward,2,0,0,2257,2.0,2,all_attempts,immediate_next_course_family,course_sort_order,SDW STRM YYYT,1,MATH 202,MATH 220,1,course,Advanced / Changed Course,MATH 202 2024 Spr grade B; next=MATH 220; outcome=pass,1,0,,,,,,,,,,,,,,
2247,2024 Fall Semester,2024 Fall,900000135,MATH,220,MATH 220,PULLM,B,3.0,900000135,MATH 220,2024 Fall,2247,1,B,3.0,pass,1,100,advanced,linear_algebra,2235,4,4,3,0,1,0,MATH 202,2243,,,,,terminal,,1,0,2257,2.0,2,all_attempts,immediate_next_course_family,course_sort_order,SDW STRM YYYT,1,MATH 220,No Further Course,1,target,No Further Course,MATH 220 2024 Fall grade B; next=No Further Course; outcome=pass,1,0,,,,,,,,,,,,,,
2227,2022 Fall Semester,2022 Fall,900000136,MATH,100,MATH 100,GLOBAL,B+,3.3,900000136,MATH 100,2022 Fall,2227,1,B+,3.3,pass,1,10,developmental,algebra,2227,0,1,0,0,0,0,,,MATH 103,2235,fail,0,forward,2,0,0,2257,2.0,2,all_attempts,immediate_next_course_family,course_sort_order,SDW STRM YYYT,1,MATH 100,MATH 103,1,course,Advanced / Changed Course,MATH 100 2022 Fall grade B+; next=MATH 103; outcome=pass,1,1,900000136-path-1,MATH 171,forward_from_first_math,MATH 100,MATH 103,MATH 106,,,,MATH 171,1,Repeat/Stopout Risk,2227,900000136: MATH 100 -> MATH 103 -> MATH 106 -> MATH 171
2235,2023 Summer Semester,2023 Sum,900000136,MATH,103,MATH 103,GLOBAL,D+,1.3,900000136,MATH 103,2023 Sum,2235,1,D+,1.3,fail,0,20,gateway,algebra,2227,2,2,1,0,0,0,MATH 100,2227,MATH 106,2237,pass,1,forward,1,0,0,2257,2.0,2,all_attempts,immediate_next_course_family,course_sort_order,SDW STRM YYYT,1,MATH 103,MATH 106,1,course,Advanced / Changed Course,MATH 103 2023 Sum grade D+; next=MATH 106; outcome=fail,1,0,,,,,,,,,,,,,,
2237,2023 Fall Semester,2023 Fall,900000136,MATH,106,MATH 106,GLOBAL,C,2.0,900000136,MATH 106,2023 Fall,2237,1,C,2.0,pass,1,30,gateway,algebra,2227,3,3,2,1,0,0,MATH 103,2235,MATH 171,2243,fail,0,forward,1,0,0,2257,2.0,2,all_attempts,immediate_next_course_family,course_sort_order,SDW STRM YYYT,1,MATH 106,MATH 171,1,course,Advanced / Changed Course,MATH 106 2023 Fall grade C; next=MATH 171; outcome=pass,1,0,,,,,,,,,,,,,,
2243,2024 Spring Semester,2024 Spr,900000136,MATH,171,MATH 171,GLOBAL,D+,1.3,900000136,MATH 171,2024 Spr,2243,1,D+,1.3,fail,0,50,gateway,calculus,2227,4,4,3,1,0,0,MATH 106,2237,,,,,terminal,,1,0,2257,2.0,2,all_attempts,immediate_next_course_family,course_sort_order,SDW STRM YYYT,1,MATH 171,No Further Course,1,course,No Further Course,MATH 171 2024 Spr grade D+; next=No Further Course; outcome=fail,1,0,,,,,,,,,,,,,,
2233,2023 Spring Semester,2023 Spr,900000137,MATH,140,MATH 140,VANCO,W,,900000137,MATH 140,2023 Spr,2233,1,W,,withdraw,0,45,gateway,statistics,2233,0,1,0,0,0,0,,,MATH 201,2237,fail,0,forward,2,0,0,2257,2.0,2,all_attempts,immediate_next_course_family,course_sort_order,SDW STRM YYYT,1,MATH 140,MATH 201,1,course,Advanced / Changed Course,MATH 140 2023 Spr grade W; next=MATH 201; outcome=withdraw,1,1,900000137-path-1,MATH 202,forward_from_first_math,MATH 140,MATH 201,,,,,MATH 202,1,Repeat/Stopout Risk,2233,900000137: MATH 140 -> MATH 201 -> MATH 202
2237,2023 Fall Semester,2023 Fall,900000137,MATH,201,MATH 201,VANCO,F,0.0,900000137,MATH 201,2023 Fall,2237,1,F,0.0,fail,0,70,advanced,quantitative_reasoning,2233,2,2,1,0,1,0,MATH 140,2233,MATH 202,2243,fail,0,forward,1,0,0,2257,2.0,2,all_attempts,immediate_next_course_family,course_sort_order,SDW STRM YYYT,1,MATH 201,MATH 202,1,course,Advanced / Changed Course,MATH 201 2023 Fall grade F; next=MATH 202; outcome=fail,1,0,,,,,,,,,,,,,,
2243,2024 Spring Semester,2024 Spr,900000137,MATH,202,MATH 202,VANCO,D,1.0,900000137,MATH 202,2024 Spr,2243,1,D,1.0,fail,0,80,advanced,quantitative_reasoning,2233,3,3,2,1,1,0,MATH 201,2237,,,,,terminal,,1,0,2257,2.0,2,all_attempts,immediate_next_course_family,course_sort_order,SDW STRM YYYT,1,MATH 202,No Further Course,1,course,No Further Course,MATH 202 2024 Spr grade D; next=No Further Course; outcome=fail,1,0,,,,,,,,,,,,,,
2235,2023 Summer Semester,2023 Sum,900000138,MATH,220,MATH 220,PULLM,D,1.0,900000138,MATH 220,2023 Sum,2235,1,D,1.0,fail,0,100,advanced,linear_algebra,2235,0,1,0,0,0,0,,,MATH 220,2237,pass,1,repeat,1,0,0,2257,2.0,2,all_attempts,immediate_next_course_family,course_sort_order,SDW STRM YYYT,1,MATH 220,MATH 220,1,repeat,Repeated Same Course,MATH 220 2023 Sum grade D; next=MATH 220; outcome=fail,1,1,900000138-path-1,MATH 220 (Repeat 1),forward_from_first_math,MATH 220,,,,,,MATH 220 (Repeat 1),1,Completed/Persisted,2235,900000138: MATH 220 -> MATH 220 (Repeat 1)
2237,2023 Fall Semester,2023 Fall,900000138,MATH,220,MATH 220,PULLM,B+,3.3,900000138,MATH 220,2023 Fall,2237,2,B+,3.3,pass,1,100,advanced,linear_algebra,2235,1,2,1,1,0,1,MATH 220,2235,,,,,terminal,,1,0,2257,2.0,2,all_attempts,immediate_next_course_family,course_sort_order,SDW STRM YYYT,1,MATH 220,No Further Course,1,target,No Further Course,MATH 220 2023 Fall grade B+; next=No Further Course; outcome=pass,2,0,,,,,,,,,,,,,,
2235,2023 Summer Semester,2023 Sum,900000139,MATH,201,MATH 201,SPOKA,W,,900000139,MATH 201,2023 Sum,2235,1,W,,withdraw,0,70,advanced,quantitative_reasoning,2235,0,1,0,0,0,0,,,MATH 201,2237,pass,1,repeat,1,0,0,2257,2.0,2,all_attempts,immediate_next_course_family,course_sort_order,SDW STRM YYYT,1,MATH 201,MATH 201,1,repeat,Repeated Same Course,MATH 201 2023 Sum grade W; next=MATH 201; outcome=withdraw,1,1,900000139-path-1,MATH 220,forward_from_first_math,MATH 201,MATH 201 (Repeat 1),MATH 202,,,,MATH 220,1,Repeat/Stopout Risk,2235,900000139: MATH 201 -> MATH 201 (Repeat 1) -> MATH 202 -> MATH 220
2237,2023 Fall Semester,2023 Fall,900000139,MATH,201,MATH 201,SPOKA,B,3.0,900000139,MATH 201,2023 Fall,2237,2,B,3.0,pass,1,70,advanced,quantitative_reasoning,2235,1,2,1,0,1,1,MATH 201,2235,MATH 202,2245,pass,1,forward,2,0,0,2257,2.0,2,all_attempts,immediate_next_course_family,course_sort_order,SDW STRM YYYT,1,MATH 201,MATH 202,1,course,Advanced / Changed Course,MATH 201 2023 Fall grade B; next=MATH 202; outcome=pass,2,0,,,,,,,,,,,,,,
2245,2024 Summer Semester,2024 Sum,900000139,MATH,202,MATH 202,SPOKA,C,2.0,900000139,MATH 202,2024 Sum,2245,1,C,2.0,pass,1,80,advanced,quantitative_reasoning,2235,3,3,2,0,1,0,MATH 201,2237,MATH 220,2247,fail,0,forward,1,0,0,2257,2.0,2,all_attempts,immediate_next_course_family,course_sort_order,SDW STRM YYYT,1,MATH 202,MATH 220,1,course,Advanced / Changed Course,MATH 202 2024 Sum grade C; next=MATH 220; outcome=pass,1,0,,,,,,,,,,,,,,
2247,2024 Fall Semester,2024 Fall,900000139,MATH,220,MATH 220,SPOKA,D+,1.3,900000139,MATH 220,2024 Fall,2247,1,D+,1.3,fail,0,100,advanced,linear_algebra,2235,4,4,3,0,1,0,MATH 202,2245,,,,,terminal,,1,0,2257,2.0,2,all_attempts,immediate_next_course_family,course_sort_order,SDW STRM YYYT,1,MATH 220,No Further Course,1,target,No Further Course,MATH 220 2024 Fall grade D+; next=No Further Course; outcome=fail,1,0,,,,,,,,,,,,,,
2233,2023 Spring Semester,2023 Spr,900000140,MATH,220,MATH 220,PULLM,D,1.0,900000140,MATH 220,2023 Spr,2233,1,D,1.0,fail,0,100,advanced,linear_algebra,2233,0,1,0,0,0,0,,,MATH 220,2237,fail,0,repeat,2,0,0,2257,2.0,2,all_attempts,immediate_next_course_family,course_sort_order,SDW STRM YYYT,1,MATH 220,MATH 220,1,repeat,Repeated Same Course,MATH 220 2023 Spr grade D; next=MATH 220; outcome=fail,1,1,900000140-path-1,MATH 220 (Repeat 2),forward_from_first_math,MATH 220,MATH 220 (Repeat 1),,,,,MATH 220 (Repeat 2),1,Repeat/Stopout Risk,2233,900000140: MATH 220 -> MATH 220 (Repeat 1) -> MATH 220 (Repeat 2)
2237,2023 Fall Semester,2023 Fall,900000140,MATH,220,MATH 220,PULLM,C-,1.7,900000140,MATH 220,2023 Fall,2237,2,C-,1.7,fail,0,100,advanced,linear_algebra,2233,2,2,1,1,0,1,MATH 220,2233,MATH 220,2243,withdraw,0,repeat,1,0,0,2257,2.0,2,all_attempts,immediate_next_course_family,course_sort_order,SDW STRM YYYT,1,MATH 220,MATH 220,1,repeat,Repeated Same Course,MATH 220 2023 Fall grade C-; next=MATH 220; outcome=fail,2,0,,,,,,,,,,,,,,
2243,2024 Spring Semester,2024 Spr,900000140,MATH,220,MATH 220,PULLM,W,,900000140,MATH 220,2024 Spr,2243,3,W,,withdraw,0,100,advanced,linear_algebra,2233,3,3,2,2,0,1,MATH 220,2237,,,,,terminal,,1,0,2257,2.0,2,all_attempts,immediate_next_course_family,course_sort_order,SDW STRM YYYT,1,MATH 220,No Further Course,1,target,No Further Course,MATH 220 2024 Spr grade W; next=No Further Course; outcome=withdraw,3,0,,,,,,,,,,,,,,
2227,2022 Fall Semester,2022 Fall,900000141,MATH,106,MATH 106,PULLM,C,2.0,900000141,MATH 106,2022 Fall,2227,1,C,2.0,pass,1,30,gateway,algebra,2227,0,1,0,0,0,0,,,MATH 171,2233,pass,1,forward,1,0,0,2257,2.0,2,all_attempts,immediate_next_course_family,course_sort_order,SDW STRM YYYT,1,MATH 106,MATH 171,1,course,Advanced / Changed Course,MATH 106 2022 Fall grade C; next=MATH 171; outcome=pass,1,1,900000141-path-1,MATH 220,forward_from_first_math,MATH 106,MATH 171,MATH 172,,,,MATH 220,1,Repeat/Stopout Risk,2227,900000141: MATH 106 -> MATH 171 -> MATH 172 -> MATH 220
2233,2023 Spring Semester,2023 Spr,900000141,MATH,171,MATH 171,PULLM,A-,3.7,900000141,MATH 171,2023 Spr,2233,1,A-,3.7,pass,1,50,gateway,calculus,2227,1,2,1,0,0,0,MATH 106,2227,MATH 172,2235,fail,0,forward,1,0,0,2257,2.0,2,all_attempts,immediate_next_course_family,course_sort_order,SDW STRM YYYT,1,MATH 171,MATH 172,1,course,Advanced / Changed Course,MATH 171 2023 Spr grade A-; next=MATH 172; outcome=pass,1,0,,,,,,,,,,,,,,
2235,2023 Summer Semester,2023 Sum,900000141,MATH,172,MATH 172,PULLM,F,0.0,900000141,MATH 172,2023 Sum,2235,1,F,0.0,fail,0,60,advanced,calculus,2227,2,3,2,0,0,0,MATH 171,2233,MATH 220,2237,withdraw,0,forward,1,0,0,2257,2.0,2,all_attempts,immediate_next_course_family,course_sort_order,SDW STRM YYYT,1,MATH 172,MATH 220,1,course,Advanced / Changed Course,MATH 172 2023 Sum grade F; next=MATH 220; outcome=fail,1,0,,,,,,,,,,,,,,
2237,2023 Fall Semester,2023 Fall,900000141,MATH,220,MATH 220,PULLM,W,,900000141,MATH 220,2023 Fall,2237,1,W,,withdraw,0,100,advanced,linear_algebra,2227,3,4,3,1,0,0,MATH 172,2235,,,,,terminal,,1,0,2257,2.0,2,all_attempts,immediate_next_course_family,course_sort_order,SDW STRM YYYT,1,MATH 220,No Further Course,1,target,No Further Course,MATH 220 2023 Fall grade W; next=No Further Course; outcome=withdraw,1,0,,,,,,,,,,,,,,
2235,2023 Summer Semester,2023 Sum,900000142,MATH,140,MATH 140,PULLM,C-,1.7,900000142,MATH 140,2023 Sum,2235,1,C-,1.7,fail,0,45,gateway,statistics,2235,0,1,0,0,0,0,,,MATH 201,2237,pass,1,forward,1,0,0,2257,2.0,2,all_attempts,immediate_next_course_family,course_sort_order,SDW STRM YYYT,1,MATH 140,MATH 201,1,course,Advanced / Changed Course,MATH 140 2023 Sum grade C-; next=MATH 201; outcome=fail,1,1,900000142-path-1,MATH 202,forward_from_first_math,MATH 140,MATH 201,,,,,MATH 202,1,Completed/Persisted,2235,900000142: MATH 140 -> MATH 201 -> MATH 202
2237,2023 Fall Semester,2023 Fall,900000142,MATH,201,MATH 201,PULLM,B-,2.7,900000142,MATH 201,2023 Fall,2237,1,B-,2.7,pass,1,70,advanced,quantitative_reasoning,2235,1,2,1,1,0,0,MATH 140,2235,MATH 202,2243,pass,1,forward,1,0,0,2257,2.0,2,all_attempts,immediate_next_course_family,course_sort_order,SDW STRM YYYT,1,MATH 201,MATH 202,1,course,Advanced / Changed Course,MATH 201 2023 Fall grade B-; next=MATH 202; outcome=pass,1,0,,,,,,,,,,,,,,
2243,2024 Spring Semester,2024 Spr,900000142,MATH,202,MATH 202,PULLM,C,2.0,900000142,MATH 202,2024 Spr,2243,1,C,2.0,pass,1,80,advanced,quantitative_reasoning,2235,2,3,2,1,0,0,MATH 201,2237,,,,,terminal,,1,0,2257,2.0,2,all_attempts,immediate_next_course_family,course_sort_order,SDW STRM YYYT,1,MATH 202,No Further Course,1,course,No Further Course,MATH 202 2024 Spr grade C; next=No Further Course; outcome=pass,1,0,,,,,,,,,,,,,,
2227,2022 Fall Semester,2022 Fall,900000143,MATH,103,MATH 103,VANCO,C-,1.7,900000143,MATH 103,2022 Fall,2227,1,C-,1.7,fail,0,20,gateway,algebra,2227,0,1,0,0,0,0,,,MATH 103,2233,fail,0,repeat,1,0,0,2257,2.0,2,all_attempts,immediate_next_course_family,course_sort_order,SDW STRM YYYT,1,MATH 103,MATH 103,1,repeat,Repeated Same Course,MATH 103 2022 Fall grade C-; next=MATH 103; outcome=fail,1,1,900000143-path-1,MATH 172,forward_from_first_math,MATH 103,MATH 103 (Repeat 1),MATH 106,MATH 171,MATH 171 (Repeat 1),,MATH 172,1,Completed/Persisted,2227,900000143: MATH 103 -> MATH 103 (Repeat 1) -> MATH 106 -> MATH 171 -> MATH 171 (Repeat 1) -> MATH 172
2233,2023 Spring Semester,2023 Spr,900000143,MATH,103,MATH 103,VANCO,D,1.0,900000143,MATH 103,2023 Spr,2233,2,D,1.0,fail,0,20,gateway,algebra,2227,1,2,1,1,0,1,MATH 103,2227,MATH 106,2235,pass,1,forward,1,0,0,2257,2.0,2,all_attempts,immediate_next_course_family,course_sort_order,SDW STRM YYYT,1,MATH 103,MATH 106,1,course,Advanced / Changed Course,MATH 103 2023 Spr grade D; next=MATH 106; outcome=fail,2,0,,,,,,,,,,,,,,
2235,2023 Summer Semester,2023 Sum,900000143,MATH,106,MATH 106,VANCO,C,2.0,900000143,MATH 106,2023 Sum,2235,1,C,2.0,pass,1,30,gateway,algebra,2227,2,3,2,2,0,0,MATH 103,2233,MATH 171,2237,fail,0,forward,1,0,0,2257,2.0,2,all_attempts,immediate_next_course_family,course_sort_order,SDW STRM YYYT,1,MATH 106,MATH 171,1,course,Advanced / Changed Course,MATH 106 2023 Sum grade C; next=MATH 171; outcome=pass,1,0,,,,,,,,,,,,,,
2237,2023 Fall Semester,2023 Fall,900000143,MATH,171,MATH 171,VANCO,C-,1.7,900000143,MATH 171,2023 Fall,2237,1,C-,1.7,fail,0,50,gateway,calculus,2227,3,4,3,2,0,0,MATH 106,2235,MATH 171,2243,pass,1,repeat,1,0,0,2257,2.0,2,all_attempts,immediate_next_course_family,course_sort_order,SDW STRM YYYT,1,MATH 171,MATH 171,1,repeat,Repeated Same Course,MATH 171 2023 Fall grade C-; next=MATH 171; outcome=fail,1,0,,,,,,,,,,,,,,
2243,2024 Spring Semester,2024 Spr,900000143,MATH,171,MATH 171,VANCO,A,4.0,900000143,MATH 171,2024 Spr,2243,2,A,4.0,pass,1,50,gateway,calculus,2227,4,5,4,3,0,1,MATH 171,2237,MATH 172,2245,pass,1,forward,1,0,0,2257,2.0,2,all_attempts,immediate_next_course_family,course_sort_order,SDW STRM YYYT,1,MATH 171,MATH 172,1,course,Advanced / Changed Course,MATH 171 2024 Spr grade A; next=MATH 172; outcome=pass,2,0,,,,,,,,,,,,,,
2245,2024 Summer Semester,2024 Sum,900000143,MATH,172,MATH 172,VANCO,B-,2.7,900000143,MATH 172,2024 Sum,2245,1,B-,2.7,pass,1,60,advanced,calculus,2227,5,6,5,3,0,0,MATH 171,2243,,,,,terminal,,1,0,2257,2.0,2,all_attempts,immediate_next_course_family,course_sort_order,SDW STRM YYYT,1,MATH 172,No Further Course,1,course,No Further Course,MATH 172 2024 Sum grade B-; next=No Further Course; outcome=pass,1,0,,,,,,,,,,,,,,
2235,2023 Summer Semester,2023 Sum,900000144,MATH,140,MATH 140,PULLM,W,,900000144,MATH 140,2023 Sum,2235,1,W,,withdraw,0,45,gateway,statistics,2235,0,1,0,0,0,0,,,MATH 201,2237,pass,1,forward,1,0,0,2257,2.0,2,all_attempts,immediate_next_course_family,course_sort_order,SDW STRM YYYT,1,MATH 140,MATH 201,1,course,Advanced / Changed Course,MATH 140 2023 Sum grade W; next=MATH 201; outcome=withdraw,1,1,900000144-path-1,MATH 202,forward_from_first_math,MATH 140,MATH 201,,,,,MATH 202,1,Completed/Persisted,2235,900000144: MATH 140 -> MATH 201 -> MATH 202
2237,2023 Fall Semester,2023 Fall,900000144,MATH,201,MATH 201,PULLM,A,4.0,900000144,MATH 201,2023 Fall,2237,1,A,4.0,pass,1,70,advanced,quantitative_reasoning,2235,1,2,1,0,1,0,MATH 140,2235,MATH 202,2243,pass,1,forward,1,0,0,2257,2.0,2,all_attempts,immediate_next_course_family,course_sort_order,SDW STRM YYYT,1,MATH 201,MATH 202,1,course,Advanced / Changed Course,MATH 201 2023 Fall grade A; next=MATH 202; outcome=pass,1,0,,,,,,,,,,,,,,
2243,2024 Spring Semester,2024 Spr,900000144,MATH,202,MATH 202,PULLM,B+,3.3,900000144,MATH 202,2024 Spr,2243,1,B+,3.3,pass,1,80,advanced,quantitative_reasoning,2235,2,3,2,0,1,0,MATH 201,2237,,,,,terminal,,1,0,2257,2.0,2,all_attempts,immediate_next_course_family,course_sort_order,SDW STRM YYYT,1,MATH 202,No Further Course,1,course,No Further Course,MATH 202 2024 Spr grade B+; next=No Further Course; outcome=pass,1,0,,,,,,,,,,,,,,
2233,2023 Spring Semester,2023 Spr,900000145,MATH,103,MATH 103,PULLM,W,,900000145,MATH 103,2023 Spr,2233,1,W,,withdraw,0,20,gateway,algebra,2233,0,1,0,0,0,0,,,MATH 103,2235,pass,1,repeat,1,0,0,2257,2.0,2,all_attempts,immediate_next_course_family,course_sort_order,SDW STRM YYYT,1,MATH 103,MATH 103,1,repeat,Repeated Same Course,MATH 103 2023 Spr grade W; next=MATH 103; outcome=withdraw,1,1,900000145-path-1,MATH 220,forward_from_first_math,MATH 103,MATH 103 (Repeat 1),MATH 106,MATH 108,,,MATH 220,1,Completed/Persisted,2233,900000145: MATH 103 -> MATH 103 (Repeat 1) -> MATH 106 -> MATH 108 -> MATH 220
2235,2023 Summer Semester,2023 Sum,900000145,MATH,103,MATH 103,PULLM,B-,2.7,900000145,MATH 103,2023 Sum,2235,2,B-,2.7,pass,1,20,gateway,algebra,2233,1,2,1,0,1,1,MATH 103,2233,MATH 106,2237,fail,0,forward,1,0,0,2257,2.0,2,all_attempts,immediate_next_course_family,course_sort_order,SDW STRM YYYT,1,MATH 103,MATH 106,1,course,Advanced / Changed Course,MATH 103 2023 Sum grade B-; next=MATH 106; outcome=pass,2,0,,,,,,,,,,,,,,
2237,2023 Fall Semester,2023 Fall,900000145,MATH,106,MATH 106,PULLM,F,0.0,900000145,MATH 106,2023 Fall,2237,1,F,0.0,fail,0,30,gateway,algebra,2233,2,3,2,0,1,0,MATH 103,2235,MATH 108,2243,fail,0,forward,1,0,0,2257,2.0,2,all_attempts,immediate_next_course_family,course_sort_order,SDW STRM YYYT,1,MATH 106,MATH 108,1,course,Advanced / Changed Course,MATH 106 2023 Fall grade F; next=MATH 108; outcome=fail,1,0,,,,,,,,,,,,,,
2243,2024 Spring Semester,2024 Spr,900000145,MATH,108,MATH 108,PULLM,D,1.0,900000145,MATH 108,2024 Spr,2243,1,D,1.0,fail,0,40,gateway,business_quant,2233,3,4,3,1,1,0,MATH 106,2237,MATH 220,2245,pass,1,forward,1,0,0,2257,2.0,2,all_attempts,immediate_next_course_family,course_sort_order,SDW STRM YYYT,1,MATH 108,MATH 220,1,course,Advanced / Changed Course,MATH 108 2024 Spr grade D; next=MATH 220; outcome=fail,1,0,,,,,,,,,,,,,,
2245,2024 Summer Semester,2024 Sum,900000145,MATH,220,MATH 220,PULLM,A-,3.7,900000145,MATH 220,2024 Sum,2245,1,A-,3.7,pass,1,100,advanced,linear_algebra,2233,4,5,4,2,1,0,MATH 108,2243,,,,,terminal,,1,0,2257,2.0,2,all_attempts,immediate_next_course_family,course_sort_order,SDW STRM YYYT,1,MATH 220,No Further Course,1,target,No Further Course,MATH 220 2024 Sum grade A-; next=No Further Course; outcome=pass,1,0,,,,,,,,,,,,,,
2235,2023 Summer Semester,2023 Sum,900000146,MATH,140,MATH 140,PULLM,W,,900000146,MATH 140,2023 Sum,2235,1,W,,withdraw,0,45,gateway,statistics,2235,0,1,0,0,0,0,,,MATH 140,2237,pass,1,repeat,1,0,0,2257,2.0,2,all_attempts,immediate_next_course_family,course_sort_order,SDW STRM YYYT,1,MATH 140,MATH 140,1,repeat,Repeated Same Course,MATH 140 2023 Sum grade W; next=MATH 140; outcome=withdraw,1,1,900000146-path-1,MATH 202,forward_from_first_math,MATH 140,MATH 140 (Repeat 1),MATH 201,,,,MATH 202,1,Completed/Persisted,2235,900000146: MATH 140 -> MATH 140 (Repeat 1) -> MATH 201 -> MATH 202
2237,2023 Fall Semester,2023 Fall,900000146,MATH,140,MATH 140,PULLM,B,3.0,900000146,MATH 140,2023 Fall,2237,2,B,3.0,pass,1,45,gateway,statistics,2235,1,2,1,0,1,1,MATH 140,2235,MATH 201,2243,pass,1,forward,1,0,0,2257,2.0,2,all_attempts,immediate_next_course_family,course_sort_order,SDW STRM YYYT,1,MATH 140,MATH 201,1,course,Advanced / Changed Course,MATH 140 2023 Fall grade B; next=MATH 201; outcome=pass,2,0,,,,,,,,,,,,,,
2243,2024 Spring Semester,2024 Spr,900000146,MATH,201,MATH 201,PULLM,C,2.0,900000146,MATH 201,2024 Spr,2243,1,C,2.0,pass,1,70,advanced,quantitative_reasoning,2235,2,3,2,0,1,0,MATH 140,2237,MATH 202,2247,pass,1,forward,2,0,0,2257,2.0,2,all_attempts,immediate_next_course_family,course_sort_order,SDW STRM YYYT,1,MATH 201,MATH 202,1,course,Advanced / Changed Course,MATH 201 2024 Spr grade C; next=MATH 202; outcome=pass,1,0,,,,,,,,,,,,,,
2247,2024 Fall Semester,2024 Fall,900000146,MATH,202,MATH 202,PULLM,C,2.0,900000146,MATH 202,2024 Fall,2247,1,C,2.0,pass,1,80,advanced,quantitative_reasoning,2235,4,4,3,0,1,0,MATH 201,2243,,,,,terminal,,1,0,2257,2.0,2,all_attempts,immediate_next_course_family,course_sort_order,SDW STRM YYYT,1,MATH 202,No Further Course,1,course,No Further Course,MATH 202 2024 Fall grade C; next=No Further Course; outcome=pass,1,0,,,,,,,,,,,,,,
2235,2023 Summer Semester,2023 Sum,900000147,MATH,100,MATH 100,GLOBAL,F,0.0,900000147,MATH 100,2023 Sum,2235,1,F,0.0,fail,0,10,developmental,algebra,2235,0,1,0,0,0,0,,,MATH 100,2237,fail,0,repeat,1,0,0,2257,2.0,2,all_attempts,immediate_next_course_family,course_sort_order,SDW STRM YYYT,1,MATH 100,MATH 100,1,repeat,Repeated Same Course,MATH 100 2023 Sum grade F; next=MATH 100; outcome=fail,1,1,900000147-path-1,MATH 171,forward_from_first_math,MATH 100,MATH 100 (Repeat 1),MATH 103,MATH 103 (Repeat 1),MATH 106,,MATH 171,1,Completed/Persisted,2235,900000147: MATH 100 -> MATH 100 (Repeat 1) -> MATH 103 -> MATH 103 (Repeat 1) -> MATH 106 -> MATH 171
2237,2023 Fall Semester,2023 Fall,900000147,MATH,100,MATH 100,GLOBAL,C-,1.7,900000147,MATH 100,2023 Fall,2237,2,C-,1.7,fail,0,10,developmental,algebra,2235,1,2,1,1,0,1,MATH 100,2235,MATH 103,2243,fail,0,forward,1,0,0,2257,2.0,2,all_attempts,immediate_next_course_family,course_sort_order,SDW STRM YYYT,1,MATH 100,MATH 103,1,course,Advanced / Changed Course,MATH 100 2023 Fall grade C-; next=MATH 103; outcome=fail,2,0,,,,,,,,,,,,,,
2243,2024 Spring Semester,2024 Spr,900000147,MATH,103,MATH 103,GLOBAL,D,1.0,900000147,MATH 103,2024 Spr,2243,1,D,1.0,fail,0,20,gateway,algebra,2235,2,3,2,2,0,0,MATH 100,2237,MATH 103,2245,pass,1,repeat,1,0,0,2257,2.0,2,all_attempts,immediate_next_course_family,course_sort_order,SDW STRM YYYT,1,MATH 103,MATH 103,1,repeat,Repeated Same Course,MATH 103 2024 Spr grade D; next=MATH 103; outcome=fail,1,0,,,,,,,,,,,,,,
2245,2024 Summer Semester,2024 Sum,900000147,MATH,103,MATH 103,GLOBAL,C+,2.3,900000147,MATH 103,2024 Sum,2245,2,C+,2.3,pass,1,20,gateway,algebra,2235,3,4,3,3,0,1,MATH 103,2243,MATH 106,2247,withdraw,0,forward,1,0,0,2257,2.0,2,all_attempts,immediate_next_course_family,course_sort_order,SDW STRM YYYT,1,MATH 103,MATH 106,1,course,Advanced / Changed Course,MATH 103 2024 Sum grade C+; next=MATH 106; outcome=pass,2,0,,,,,,,,,,,,,,
2247,2024 Fall Semester,2024 Fall,900000147,MATH,106,MATH 106,GLOBAL,W,,900000147,MATH 106,2024 Fall,2247,1,W,,withdraw,0,30,gateway,algebra,2235,4,5,4,3,0,0,MATH 103,2245,MATH 171,2257,pass,1,forward,2,0,0,2257,2.0,2,all_attempts,immediate_next_course_family,course_sort_order,SDW STRM YYYT,1,MATH 106,MATH 171,1,course,Advanced / Changed Course,MATH 106 2024 Fall grade W; next=MATH 171; outcome=withdraw,1,0,,,,,,,,,,,,,,
2257,2025 Fall Semester,2025 Fall,900000147,MATH,171,MATH 171,GLOBAL,B-,2.7,900000147,MATH 171,2025 Fall,2257,1,B-,2.7,pass,1,50,gateway,calculus,2235,6,6,5,3,1,0,MATH 106,2247,,,,,terminal,,0,1,2257,2.0,2,all_attempts,immediate_next_course_family,course_sort_order,SDW STRM YYYT,0,MATH 171,,1,course,Censored Recent Term,MATH 171 2025 Fall grade B-; next=censored; outcome=pass,1,0,,,,,,,,,,,,,,
2233,2023 Spring Semester,2023 Spr,900000148,MATH,220,MATH 220,SPOKA,A,4.0,900000148,MATH 220,2023 Spr,2233,1,A,4.0,pass,1,100,advanced,linear_algebra,2233,0,1,0,0,0,0,,,,,,,terminal,,1,0,2257,2.0,2,all_attempts,immediate_next_course_family,course_sort_order,SDW STRM YYYT,1,MATH 220,No Further Course,1,target,No Further Course,MATH 220 2023 Spr grade A; next=No Further Course; outcome=pass,1,1,900000148-path-1,No Further Course,forward_from_first_math,MATH 220,,,,,,No Further Course,1,Completed/Persisted,2233,900000148: MATH 220 -> No Further Course
2235,2023 Summer Semester,2023 Sum,900000149,MATH,103,MATH 103,SPOKA,F,0.0,900000149,MATH 103,2023 Sum,2235,1,F,0.0,fail,0,20,gateway,algebra,2235,0,1,0,0,0,0,,,MATH 106,2237,withdraw,0,forward,1,0,0,2257,2.0,2,all_attempts,immediate_next_course_family,course_sort_order,SDW STRM YYYT,1,MATH 103,MATH 106,1,course,Advanced / Changed Course,MATH 103 2023 Sum grade F; next=MATH 106; outcome=fail,1,1,900000149-path-1,MATH 220,forward_from_first_math,MATH 103,MATH 106,MATH 108,,,,MATH 220,1,Repeat/Stopout Risk,2235,900000149: MATH 103 -> MATH 106 -> MATH 108 -> MATH 220
2237,2023 Fall Semester,2023 Fall,900000149,MATH,106,MATH 106,SPOKA,W,,900000149,MATH 106,2023 Fall,2237,1,W,,withdraw,0,30,gateway,algebra,2235,1,2,1,1,0,0,MATH 103,2235,MATH 108,2243,pass,1,forward,1,0,0,2257,2.0,2,all_attempts,immediate_next_course_family,course_sort_order,SDW STRM YYYT,1,MATH 106,MATH 108,1,course,Advanced / Changed Course,MATH 106 2023 Fall grade W; next=MATH 108; outcome=withdraw,1,0,,,,,,,,,,,,,,
2243,2024 Spring Semester,2024 Spr,900000149,MATH,108,MATH 108,SPOKA,B-,2.7,900000149,MATH 108,2024 Spr,2243,1,B-,2.7,pass,1,40,gateway,business_quant,2235,2,3,2,1,1,0,MATH 106,2237,MATH 220,2245,fail,0,forward,1,0,0,2257,2.0,2,all_attempts,immediate_next_course_family,course_sort_order,SDW STRM YYYT,1,MATH 108,MATH 220,1,course,Advanced / Changed Course,MATH 108 2024 Spr grade B-; next=MATH 220; outcome=pass,1,0,,,,,,,,,,,,,,
2245,2024 Summer Semester,2024 Sum,900000149,MATH,220,MATH 220,SPOKA,D,1.0,900000149,MATH 220,2024 Sum,2245,1,D,1.0,fail,0,100,advanced,linear_algebra,2235,3,4,3,1,1,0,MATH 108,2243,,,,,terminal,,1,0,2257,2.0,2,all_attempts,immediate_next_course_family,course_sort_order,SDW STRM YYYT,1,MATH 220,No Further Course,1,target,No Further Course,MATH 220 2024 Sum grade D; next=No Further Course; outcome=fail,1,0,,,,,,,,,,,,,,
2233,2023 Spring Semester,2023 Spr,900000150,MATH,220,MATH 220,PULLM,A,4.0,900000150,MATH 220,2023 Spr,2233,1,A,4.0,pass,1,100,advanced,linear_algebra,2233,0,1,0,0,0,0,,,,,,,terminal,,1,0,2257,2.0,2,all_attempts,immediate_next_course_family,course_sort_order,SDW STRM YYYT,1,MATH 220,No Further Course,1,target,No Further Course,MATH 220 2023 Spr grade A; next=No Further Course; outcome=pass,1,1,900000150-path-1,No Further Course,forward_from_first_math,MATH 220,,,,,,No Further Course,1,Completed/Persisted,2233,900000150: MATH 220 -> No Further Course
2233,2023 Spring Semester,2023 Spr,900000151,MATH,171,MATH 171,PULLM,C,2.0,900000151,MATH 171,2023 Spr,2233,1,C,2.0,pass,1,50,gateway,calculus,2233,0,1,0,0,0,0,,,MATH 172,2235,fail,0,forward,1,0,0,2257,2.0,2,all_attempts,immediate_next_course_family,course_sort_order,SDW STRM YYYT,1,MATH 171,MATH 172,1,course,Advanced / Changed Course,MATH 171 2023 Spr grade C; next=MATH 172; outcome=pass,1,1,900000151-path-1,MATH 220,forward_from_first_math,MATH 171,MATH 172,MATH 216,,,,MATH 220,1,Repeat/Stopout Risk,2233,900000151: MATH 171 -> MATH 172 -> MATH 216 -> MATH 220
2235,2023 Summer Semester,2023 Sum,900000151,MATH,172,MATH 172,PULLM,D,1.0,900000151,MATH 172,2023 Sum,2235,1,D,1.0,fail,0,60,advanced,calculus,2233,1,2,1,0,0,0,MATH 171,2233,MATH 216,2243,fail,0,forward,2,0,0,2257,2.0,2,all_attempts,immediate_next_course_family,course_sort_order,SDW STRM YYYT,1,MATH 172,MATH 216,1,course,Advanced / Changed Course,MATH 172 2023 Sum grade D; next=MATH 216; outcome=fail,1,0,,,,,,,,,,,,,,
2243,2024 Spring Semester,2024 Spr,900000151,MATH,216,MATH 216,PULLM,F,0.0,900000151,MATH 216,2024 Spr,2243,1,F,0.0,fail,0,90,advanced,calculus,2233,3,3,2,1,0,0,MATH 172,2235,MATH 220,2245,withdraw,0,forward,1,0,0,2257,2.0,2,all_attempts,immediate_next_course_family,course_sort_order,SDW STRM YYYT,1,MATH 216,MATH 220,1,course,Advanced / Changed Course,MATH 216 2024 Spr grade F; next=MATH 220; outcome=fail,1,0,,,,,,,,,,,,,,
2245,2024 Summer Semester,2024 Sum,900000151,MATH,220,MATH 220,PULLM,W,,900000151,MATH 220,2024 Sum,2245,1,W,,withdraw,0,100,advanced,linear_algebra,2233,4,4,3,2,0,0,MATH 216,2243,,,,,terminal,,1,0,2257,2.0,2,all_attempts,immediate_next_course_family,course_sort_order,SDW STRM YYYT,1,MATH 220,No Further Course,1,target,No Further Course,MATH 220 2024 Sum grade W; next=No Further Course; outcome=withdraw,1,0,,,,,,,,,,,,,,
2235,2023 Summer Semester,2023 Sum,900000152,MATH,100,MATH 100,PULLM,F,0.0,900000152,MATH 100,2023 Sum,2235,1,F,0.0,fail,0,10,developmental,algebra,2235,0,1,0,0,0,0,,,MATH 100,2237,pass,1,repeat,1,0,0,2257,2.0,2,all_attempts,immediate_next_course_family,course_sort_order,SDW STRM YYYT,1,MATH 100,MATH 100,1,repeat,Repeated Same Course,MATH 100 2023 Sum grade F; next=MATH 100; outcome=fail,1,1,900000152-path-1,MATH 171,forward_from_first_math,MATH 100,MATH 100 (Repeat 1),MATH 103,MATH 106,,,MATH 171,1,Completed/Persisted,2235,900000152: MATH 100 -> MATH 100 (Repeat 1) -> MATH 103 -> MATH 106 -> MATH 171
2237,2023 Fall Semester,2023 Fall,900000152,MATH,100,MATH 100,PULLM,C,2.0,900000152,MATH 100,2023 Fall,2237,2,C,2.0,pass,1,10,developmental,algebra,2235,1,2,1,1,0,1,MATH 100,2235,MATH 103,2243,pass,1,forward,1,0,0,2257,2.0,2,all_attempts,immediate_next_course_family,course_sort_order,SDW STRM YYYT,1,MATH 100,MATH 103,1,course,Advanced / Changed Course,MATH 100 2023 Fall grade C; next=MATH 103; outcome=pass,2,0,,,,,,,,,,,,,,
2243,2024 Spring Semester,2024 Spr,900000152,MATH,103,MATH 103,PULLM,B-,2.7,900000152,MATH 103,2024 Spr,2243,1,B-,2.7,pass,1,20,gateway,algebra,2235,2,3,2,1,0,0,MATH 100,2237,MATH 106,2245,pass,1,forward,1,0,0,2257,2.0,2,all_attempts,immediate_next_course_family,course_sort_order,SDW STRM YYYT,1,MATH 103,MATH 106,1,course,Advanced / Changed Course,MATH 103 2024 Spr grade B-; next=MATH 106; outcome=pass,1,0,,,,,,,,,,,,,,
2245,2024 Summer Semester,2024 Sum,900000152,MATH,106,MATH 106,PULLM,A,4.0,900000152,MATH 106,2024 Sum,2245,1,A,4.0,pass,1,30,gateway,algebra,2235,3,4,3,1,0,0,MATH 103,2243,MATH 171,2247,pass,1,forward,1,0,0,2257,2.0,2,all_attempts,immediate_next_course_family,course_sort_order,SDW STRM YYYT,1,MATH 106,MATH 171,1,course,Advanced / Changed Course,MATH 106 2024 Sum grade A; next=MATH 171; outcome=pass,1,0,,,,,,,,,,,,,,
2247,2024 Fall Semester,2024 Fall,900000152,MATH,171,MATH 171,PULLM,C+,2.3,900000152,MATH 171,2024 Fall,2247,1,C+,2.3,pass,1,50,gateway,calculus,2235,4,5,4,1,0,0,MATH 106,2245,,,,,terminal,,1,0,2257,2.0,2,all_attempts,immediate_next_course_family,course_sort_order,SDW STRM YYYT,1,MATH 171,No Further Course,1,course,No Further Course,MATH 171 2024 Fall grade C+; next=No Further Course; outcome=pass,1,0,,,,,,,,,,,,,,
2233,2023 Spring Semester,2023 Spr,900000153,MATH,140,MATH 140,GLOBAL,B,3.0,900000153,MATH 140,2023 Spr,2233,1,B,3.0,pass,1,45,gateway,statistics,2233,0,1,0,0,0,0,,,MATH 201,2235,pass,1,forward,1,0,0,2257,2.0,2,all_attempts,immediate_next_course_family,course_sort_order,SDW STRM YYYT,1,MATH 140,MATH 201,1,course,Advanced / Changed Course,MATH 140 2023 Spr grade B; next=MATH 201; outcome=pass,1,1,900000153-path-1,MATH 202,forward_from_first_math,MATH 140,MATH 201,,,,,MATH 202,1,Completed/Persisted,2233,900000153: MATH 140 -> MATH 201 -> MATH 202
2235,2023 Summer Semester,2023 Sum,900000153,MATH,201,MATH 201,GLOBAL,C,2.0,900000153,MATH 201,2023 Sum,2235,1,C,2.0,pass,1,70,advanced,quantitative_reasoning,2233,1,2,1,0,0,0,MATH 140,2233,MATH 202,2237,pass,1,forward,1,0,0,2257,2.0,2,all_attempts,immediate_next_course_family,course_sort_order,SDW STRM YYYT,1,MATH 201,MATH 202,1,course,Advanced / Changed Course,MATH 201 2023 Sum grade C; next=MATH 202; outcome=pass,1,0,,,,,,,,,,,,,,
2237,2023 Fall Semester,2023 Fall,900000153,MATH,202,MATH 202,GLOBAL,B-,2.7,900000153,MATH 202,2023 Fall,2237,1,B-,2.7,pass,1,80,advanced,quantitative_reasoning,2233,2,3,2,0,0,0,MATH 201,2235,,,,,terminal,,1,0,2257,2.0,2,all_attempts,immediate_next_course_family,course_sort_order,SDW STRM YYYT,1,MATH 202,No Further Course,1,course,No Further Course,MATH 202 2023 Fall grade B-; next=No Further Course; outcome=pass,1,0,,,,,,,,,,,,,,
2227,2022 Fall Semester,2022 Fall,900000154,MATH,103,MATH 103,VANCO,A,4.0,900000154,MATH 103,2022 Fall,2227,1,A,4.0,pass,1,20,gateway,algebra,2227,0,1,0,0,0,0,,,MATH 106,2233,fail,0,forward,1,0,0,2257,2.0,2,all_attempts,immediate_next_course_family,course_sort_order,SDW STRM YYYT,1,MATH 103,MATH 106,1,course,Advanced / Changed Course,MATH 103 2022 Fall grade A; next=MATH 106; outcome=pass,1,1,900000154-path-1,MATH 220,forward_from_first_math,MATH 103,MATH 106,MATH 106 (Repeat 1),MATH 108,,,MATH 220,1,Repeat/Stopout Risk,2227,900000154: MATH 103 -> MATH 106 -> MATH 106 (Repeat 1) -> MATH 108 -> MATH 220
2233,2023 Spring Semester,2023 Spr,900000154,MATH,106,MATH 106,VANCO,D+,1.3,900000154,MATH 106,2023 Spr,2233,1,D+,1.3,fail,0,30,gateway,algebra,2227,1,2,1,0,0,0,MATH 103,2227,MATH 106,2235,fail,0,repeat,1,0,0,2257,2.0,2,all_attempts,immediate_next_course_family,course_sort_order,SDW STRM YYYT,1,MATH 106,MATH 106,1,repeat,Repeated Same Course,MATH 106 2023 Spr grade D+; next=MATH 106; outcome=fail,1,0,,,,,,,,,,,,,,
2235,2023 Summer Semester,2023 Sum,900000154,MATH,106,MATH 106,VANCO,F,0.0,900000154,MATH 106,2023 Sum,2235,2,F,0.0,fail,0,30,gateway,algebra,2227,2,3,2,1,0,1,MATH 106,2233,MATH 108,2237,pass,1,forward,1,0,0,2257,2.0,2,all_attempts,immediate_next_course_family,course_sort_order,SDW STRM YYYT,1,MATH 106,MATH 108,1,course,Advanced / Changed Course,MATH 106 2023 Sum grade F; next=MATH 108; outcome=fail,2,0,,,,,,,,,,,,,,
2237,2023 Fall Semester,2023 Fall,900000154,MATH,108,MATH 108,VANCO,B,3.0,900000154,MATH 108,2023 Fall,2237,1,B,3.0,pass,1,40,gateway,business_quant,2227,3,4,3,2,0,0,MATH 106,2235,MATH 220,2243,fail,0,forward,1,0,0,2257,2.0,2,all_attempts,immediate_next_course_family,course_sort_order,SDW STRM YYYT,1,MATH 108,MATH 220,1,course,Advanced / Changed Course,MATH 108 2023 Fall grade B; next=MATH 220; outcome=pass,1,0,,,,,,,,,,,,,,
2243,2024 Spring Semester,2024 Spr,900000154,MATH,220,MATH 220,VANCO,F,0.0,900000154,MATH 220,2024 Spr,2243,1,F,0.0,fail,0,100,advanced,linear_algebra,2227,4,5,4,2,0,0,MATH 108,2237,,,,,terminal,,1,0,2257,2.0,2,all_attempts,immediate_next_course_family,course_sort_order,SDW STRM YYYT,1,MATH 220,No Further Course,1,target,No Further Course,MATH 220 2024 Spr grade F; next=No Further Course; outcome=fail,1,0,,,,,,,,,,,,,,
2227,2022 Fall Semester,2022 Fall,900000155,MATH,106,MATH 106,GLOBAL,C+,2.3,900000155,MATH 106,2022 Fall,2227,1,C+,2.3,pass,1,30,gateway,algebra,2227,0,1,0,0,0,0,,,MATH 171,2233,pass,1,forward,1,0,0,2257,2.0,2,all_attempts,immediate_next_course_family,course_sort_order,SDW STRM YYYT,1,MATH 106,MATH 171,1,course,Advanced / Changed Course,MATH 106 2022 Fall grade C+; next=MATH 171; outcome=pass,1,1,900000155-path-1,MATH 220,forward_from_first_math,MATH 106,MATH 171,MATH 172,,,,MATH 220,1,Completed/Persisted,2227,900000155: MATH 106 -> MATH 171 -> MATH 172 -> MATH 220
2233,2023 Spring Semester,2023 Spr,900000155,MATH,171,MATH 171,GLOBAL,B,3.0,900000155,MATH 171,2023 Spr,2233,1,B,3.0,pass,1,50,gateway,calculus,2227,1,2,1,0,0,0,MATH 106,2227,MATH 172,2235,pass,1,forward,1,0,0,2257,2.0,2,all_attempts,immediate_next_course_family,course_sort_order,SDW STRM YYYT,1,MATH 171,MATH 172,1,course,Advanced / Changed Course,MATH 171 2023 Spr grade B; next=MATH 172; outcome=pass,1,0,,,,,,,,,,,,,,
2235,2023 Summer Semester,2023 Sum,900000155,MATH,172,MATH 172,GLOBAL,B,3.0,900000155,MATH 172,2023 Sum,2235,1,B,3.0,pass,1,60,advanced,calculus,2227,2,3,2,0,0,0,MATH 171,2233,MATH 220,2237,pass,1,forward,1,0,0,2257,2.0,2,all_attempts,immediate_next_course_family,course_sort_order,SDW STRM YYYT,1,MATH 172,MATH 220,1,course,Advanced / Changed Course,MATH 172 2023 Sum grade B; next=MATH 220; outcome=pass,1,0,,,,,,,,,,,,,,
2237,2023 Fall Semester,2023 Fall,900000155,MATH,220,MATH 220,GLOBAL,C+,2.3,900000155,MATH 220,2023 Fall,2237,1,C+,2.3,pass,1,100,advanced,linear_algebra,2227,3,4,3,0,0,0,MATH 172,2235,,,,,terminal,,1,0,2257,2.0,2,all_attempts,immediate_next_course_family,course_sort_order,SDW STRM YYYT,1,MATH 220,No Further Course,1,target,No Further Course,MATH 220 2023 Fall grade C+; next=No Further Course; outcome=pass,1,0,,,,,,,,,,,,,,
2227,2022 Fall Semester,2022 Fall,900000156,MATH,106,MATH 106,GLOBAL,C,2.0,900000156,MATH 106,2022 Fall,2227,1,C,2.0,pass,1,30,gateway,algebra,2227,0,1,0,0,0,0,,,MATH 171,2233,pass,1,forward,1,0,0,2257,2.0,2,all_attempts,immediate_next_course_family,course_sort_order,SDW STRM YYYT,1,MATH 106,MATH 171,1,course,Advanced / Changed Course,MATH 106 2022 Fall grade C; next=MATH 171; outcome=pass,1,1,900000156-path-1,MATH 220 (Repeat 1),forward_from_first_math,MATH 106,MATH 171,MATH 172,MATH 172 (Repeat 1),MATH 220,,MATH 220 (Repeat 1),1,Completed/Persisted,2227,900000156: MATH 106 -> MATH 171 -> MATH 172 -> MATH 172 (Repeat 1) -> MATH 220 -> MATH 220 (Repeat 1)
2233,2023 Spring Semester,2023 Spr,900000156,MATH,171,MATH 171,GLOBAL,A-,3.7,900000156,MATH 171,2023 Spr,2233,1,A-,3.7,pass,1,50,gateway,calculus,2227,1,2,1,0,0,0,MATH 106,2227,MATH 172,2235,fail,0,forward,1,0,0,2257,2.0,2,all_attempts,immediate_next_course_family,course_sort_order,SDW STRM YYYT,1,MATH 171,MATH 172,1,course,Advanced / Changed Course,MATH 171 2023 Spr grade A-; next=MATH 172; outcome=pass,1,0,,,,,,,,,,,,,,
2235,2023 Summer Semester,2023 Sum,900000156,MATH,172,MATH 172,GLOBAL,F,0.0,900000156,MATH 172,2023 Sum,2235,1,F,0.0,fail,0,60,advanced,calculus,2227,2,3,2,0,0,0,MATH 171,2233,MATH 172,2243,pass,1,repeat,2,0,0,2257,2.0,2,all_attempts,immediate_next_course_family,course_sort_order,SDW STRM YYYT,1,MATH 172,MATH 172,1,repeat,Repeated Same Course,MATH 172 2023 Sum grade F; next=MATH 172; outcome=fail,1,0,,,,,,,,,,,,,,
2243,2024 Spring Semester,2024 Spr,900000156,MATH,172,MATH 172,GLOBAL,C+,2.3,900000156,MATH 172,2024 Spr,2243,2,C+,2.3,pass,1,60,advanced,calculus,2227,4,4,3,1,0,1,MATH 172,2235,MATH 220,2245,fail,0,forward,1,0,0,2257,2.0,2,all_attempts,immediate_next_course_family,course_sort_order,SDW STRM YYYT,1,MATH 172,MATH 220,1,course,Advanced / Changed Course,MATH 172 2024 Spr grade C+; next=MATH 220; outcome=pass,2,0,,,,,,,,,,,,,,
2245,2024 Summer Semester,2024 Sum,900000156,MATH,220,MATH 220,GLOBAL,F,0.0,900000156,MATH 220,2024 Sum,2245,1,F,0.0,fail,0,100,advanced,linear_algebra,2227,5,5,4,1,0,0,MATH 172,2243,MATH 220,2247,pass,1,repeat,1,0,0,2257,2.0,2,all_attempts,immediate_next_course_family,course_sort_order,SDW STRM YYYT,1,MATH 220,MATH 220,1,repeat,Repeated Same Course,MATH 220 2024 Sum grade F; next=MATH 220; outcome=fail,1,0,,,,,,,,,,,,,,
2247,2024 Fall Semester,2024 Fall,900000156,MATH,220,MATH 220,GLOBAL,C,2.0,900000156,MATH 220,2024 Fall,2247,2,C,2.0,pass,1,100,advanced,linear_algebra,2227,6,6,5,2,0,1,MATH 220,2245,,,,,terminal,,1,0,2257,2.0,2,all_attempts,immediate_next_course_family,course_sort_order,SDW STRM YYYT,1,MATH 220,No Further Course,1,target,No Further Course,MATH 220 2024 Fall grade C; next=No Further Course; outcome=pass,2,0,,,,,,,,,,,,,,
2233,2023 Spring Semester,2023 Spr,900000157,MATH,106,MATH 106,VANCO,C,2.0,900000157,MATH 106,2023 Spr,2233,1,C,2.0,pass,1,30,gateway,algebra,2233,0,1,0,0,0,0,,,MATH 171,2235,fail,0,forward,1,0,0,2257,2.0,2,all_attempts,immediate_next_course_family,course_sort_order,SDW STRM YYYT,1,MATH 106,MATH 171,1,course,Advanced / Changed Course,MATH 106 2023 Spr grade C; next=MATH 171; outcome=pass,1,1,900000157-path-1,MATH 220,forward_from_first_math,MATH 106,MATH 171,MATH 172,,,,MATH 220,1,Completed/Persisted,2233,900000157: MATH 106 -> MATH 171 -> MATH 172 -> MATH 220
2235,2023 Summer Semester,2023 Sum,900000157,MATH,171,MATH 171,VANCO,C-,1.7,900000157,MATH 171,2023 Sum,2235,1,C-,1.7,fail,0,50,gateway,calculus,2233,1,2,1,0,0,0,MATH 106,2233,MATH 172,2243,withdraw,0,forward,2,0,0,2257,2.0,2,all_attempts,immediate_next_course_family,course_sort_order,SDW STRM YYYT,1,MATH 171,MATH 172,1,course,Advanced / Changed Course,MATH 171 2023 Sum grade C-; next=MATH 172; outcome=fail,1,0,,,,,,,,,,,,,,
2243,2024 Spring Semester,2024 Spr,900000157,MATH,172,MATH 172,VANCO,W,,900000157,MATH 172,2024 Spr,2243,1,W,,withdraw,0,60,advanced,calculus,2233,3,3,2,1,0,0,MATH 171,2235,MATH 220,2245,pass,1,forward,1,0,0,2257,2.0,2,all_attempts,immediate_next_course_family,course_sort_order,SDW STRM YYYT,1,MATH 172,MATH 220,1,course,Advanced / Changed Course,MATH 172 2024 Spr grade W; next=MATH 220; outcome=withdraw,1,0,,,,,,,,,,,,,,
2245,2024 Summer Semester,2024 Sum,900000157,MATH,220,MATH 220,VANCO,A,4.0,900000157,MATH 220,2024 Sum,2245,1,A,4.0,pass,1,100,advanced,linear_algebra,2233,4,4,3,1,1,0,MATH 172,2243,,,,,terminal,,1,0,2257,2.0,2,all_attempts,immediate_next_course_family,course_sort_order,SDW STRM YYYT,1,MATH 220,No Further Course,1,target,No Further Course,MATH 220 2024 Sum grade A; next=No Further Course; outcome=pass,1,0,,,,,,,,,,,,,,
2227,2022 Fall Semester,2022 Fall,900000158,MATH,103,MATH 103,PULLM,B,3.0,900000158,MATH 103,2022 Fall,2227,1,B,3.0,pass,1,20,gateway,algebra,2227,0,1,0,0,0,0,,,MATH 106,2233,fail,0,forward,1,0,0,2257,2.0,2,all_attempts,immediate_next_course_family,course_sort_order,SDW STRM YYYT,1,MATH 103,MATH 106,1,course,Advanced / Changed Course,MATH 103 2022 Fall grade B; next=MATH 106; outcome=pass,1,1,900000158-path-1,MATH 172,forward_from_first_math,MATH 103,MATH 106,MATH 171,,,,MATH 172,1,Repeat/Stopout Risk,2227,900000158: MATH 103 -> MATH 106 -> MATH 171 -> MATH 172
2233,2023 Spring Semester,2023 Spr,900000158,MATH,106,MATH 106,PULLM,C-,1.7,900000158,MATH 106,2023 Spr,2233,1,C-,1.7,fail,0,30,gateway,algebra,2227,1,2,1,0,0,0,MATH 103,2227,MATH 171,2235,pass,1,forward,1,0,0,2257,2.0,2,all_attempts,immediate_next_course_family,course_sort_order,SDW STRM YYYT,1,MATH 106,MATH 171,1,course,Advanced / Changed Course,MATH 106 2023 Spr grade C-; next=MATH 171; outcome=fail,1,0,,,,,,,,,,,,,,
2235,2023 Summer Semester,2023 Sum,900000158,MATH,171,MATH 171,PULLM,A,4.0,900000158,MATH 171,2023 Sum,2235,1,A,4.0,pass,1,50,gateway,calculus,2227,2,3,2,1,0,0,MATH 106,2233,MATH 172,2243,fail,0,forward,2,0,0,2257,2.0,2,all_attempts,immediate_next_course_family,course_sort_order,SDW STRM YYYT,1,MATH 171,MATH 172,1,course,Advanced / Changed Course,MATH 171 2023 Sum grade A; next=MATH 172; outcome=pass,1,0,,,,,,,,,,,,,,
2243,2024 Spring Semester,2024 Spr,900000158,MATH,172,MATH 172,PULLM,D,1.0,900000158,MATH 172,2024 Spr,2243,1,D,1.0,fail,0,60,advanced,calculus,2227,4,4,3,1,0,0,MATH 171,2235,,,,,terminal,,1,0,2257,2.0,2,all_attempts,immediate_next_course_family,course_sort_order,SDW STRM YYYT,1,MATH 172,No Further Course,1,course,No Further Course,MATH 172 2024 Spr grade D; next=No Further Course; outcome=fail,1,0,,,,,,,,,,,,,,
2235,2023 Summer Semester,2023 Sum,900000159,MATH,140,MATH 140,PULLM,F,0.0,900000159,MATH 140,2023 Sum,2235,1,F,0.0,fail,0,45,gateway,statistics,2235,0,1,0,0,0,0,,,MATH 201,2237,pass,1,forward,1,0,0,2257,2.0,2,all_attempts,immediate_next_course_family,course_sort_order,SDW STRM YYYT,1,MATH 140,MATH 201,1,course,Advanced / Changed Course,MATH 140 2023 Sum grade F; next=MATH 201; outcome=fail,1,1,900000159-path-1,MATH 202,forward_from_first_math,MATH 140,MATH 201,,,,,MATH 202,1,Repeat/Stopout Risk,2235,900000159: MATH 140 -> MATH 201 -> MATH 202
2237,2023 Fall Semester,2023 Fall,900000159,MATH,201,MATH 201,PULLM,B-,2.7,900000159,MATH 201,2023 Fall,2237,1,B-,2.7,pass,1,70,advanced,quantitative_reasoning,2235,1,2,1,1,0,0,MATH 140,2235,MATH 202,2243,fail,0,forward,1,0,0,2257,2.0,2,all_attempts,immediate_next_course_family,course_sort_order,SDW STRM YYYT,1,MATH 201,MATH 202,1,course,Advanced / Changed Course,MATH 201 2023 Fall grade B-; next=MATH 202; outcome=pass,1,0,,,,,,,,,,,,,,
2243,2024 Spring Semester,2024 Spr,900000159,MATH,202,MATH 202,PULLM,F,0.0,900000159,MATH 202,2024 Spr,2243,1,F,0.0,fail,0,80,advanced,quantitative_reasoning,2235,2,3,2,1,0,0,MATH 201,2237,,,,,terminal,,1,0,2257,2.0,2,all_attempts,immediate_next_course_family,course_sort_order,SDW STRM YYYT,1,MATH 202,No Further Course,1,course,No Further Course,MATH 202 2024 Spr grade F; next=No Further Course; outcome=fail,1,0,,,,,,,,,,,,,,
2227,2022 Fall Semester,2022 Fall,900000160,MATH,106,MATH 106,PULLM,F,0.0,900000160,MATH 106,2022 Fall,2227,1,F,0.0,fail,0,30,gateway,algebra,2227,0,1,0,0,0,0,,,MATH 171,2233,pass,1,forward,1,0,0,2257,2.0,2,all_attempts,immediate_next_course_family,course_sort_order,SDW STRM YYYT,1,MATH 106,MATH 171,1,course,Advanced / Changed Course,MATH 106 2022 Fall grade F; next=MATH 171; outcome=fail,1,1,900000160-path-1,MATH 220,forward_from_first_math,MATH 106,MATH 171,MATH 172,,,,MATH 220,1,Completed/Persisted,2227,900000160: MATH 106 -> MATH 171 -> MATH 172 -> MATH 220
2233,2023 Spring Semester,2023 Spr,900000160,MATH,171,MATH 171,PULLM,C,2.0,900000160,MATH 171,2023 Spr,2233,1,C,2.0,pass,1,50,gateway,calculus,2227,1,2,1,1,0,0,MATH 106,2227,MATH 172,2235,pass,1,forward,1,0,0,2257,2.0,2,all_attempts,immediate_next_course_family,course_sort_order,SDW STRM YYYT,1,MATH 171,MATH 172,1,course,Advanced / Changed Course,MATH 171 2023 Spr grade C; next=MATH 172; outcome=pass,1,0,,,,,,,,,,,,,,
2235,2023 Summer Semester,2023 Sum,900000160,MATH,172,MATH 172,PULLM,C,2.0,900000160,MATH 172,2023 Sum,2235,1,C,2.0,pass,1,60,advanced,calculus,2227,2,3,2,1,0,0,MATH 171,2233,MATH 220,2237,pass,1,forward,1,0,0,2257,2.0,2,all_attempts,immediate_next_course_family,course_sort_order,SDW STRM YYYT,1,MATH 172,MATH 220,1,course,Advanced / Changed Course,MATH 172 2023 Sum grade C; next=MATH 220; outcome=pass,1,0,,,,,,,,,,,,,,
2237,2023 Fall Semester,2023 Fall,900000160,MATH,220,MATH 220,PULLM,C,2.0,900000160,MATH 220,2023 Fall,2237,1,C,2.0,pass,1,100,advanced,linear_algebra,2227,3,4,3,1,0,0,MATH 172,2235,,,,,terminal,,1,0,2257,2.0,2,all_attempts,immediate_next_course_family,course_sort_order,SDW STRM YYYT,1,MATH 220,No Further Course,1,target,No Further Course,MATH 220 2023 Fall grade C; next=No Further Course; outcome=pass,1,0,,,,,,,,,,,,,,
2233,2023 Spring Semester,2023 Spr,900000161,MATH,140,MATH 140,PULLM,D,1.0,900000161,MATH 140,2023 Spr,2233,1,D,1.0,fail,0,45,gateway,statistics,2233,0,1,0,0,0,0,,,MATH 140,2235,withdraw,0,repeat,1,0,0,2257,2.0,2,all_attempts,immediate_next_course_family,course_sort_order,SDW STRM YYYT,1,MATH 140,MATH 140,1,repeat,Repeated Same Course,MATH 140 2023 Spr grade D; next=MATH 140; outcome=fail,1,1,900000161-path-1,MATH 202,forward_from_first_math,MATH 140,MATH 140 (Repeat 1),MATH 201,MATH 201 (Repeat 1),,,MATH 202,1,Completed/Persisted,2233,900000161: MATH 140 -> MATH 140 (Repeat 1) -> MATH 201 -> MATH 201 (Repeat 1) -> MATH 202
2235,2023 Summer Semester,2023 Sum,900000161,MATH,140,MATH 140,PULLM,W,,900000161,MATH 140,2023 Sum,2235,2,W,,withdraw,0,45,gateway,statistics,2233,1,2,1,1,0,1,MATH 140,2233,MATH 201,2237,fail,0,forward,1,0,0,2257,2.0,2,all_attempts,immediate_next_course_family,course_sort_order,SDW STRM YYYT,1,MATH 140,MATH 201,1,course,Advanced / Changed Course,MATH 140 2023 Sum grade W; next=MATH 201; outcome=withdraw,2,0,,,,,,,,,,,,,,
2237,2023 Fall Semester,2023 Fall,900000161,MATH,201,MATH 201,PULLM,C-,1.7,900000161,MATH 201,2023 Fall,2237,1,C-,1.7,fail,0,70,advanced,quantitative_reasoning,2233,2,3,2,1,1,0,MATH 140,2235,MATH 201,2243,pass,1,repeat,1,0,0,2257,2.0,2,all_attempts,immediate_next_course_family,course_sort_order,SDW STRM YYYT,1,MATH 201,MATH 201,1,repeat,Repeated Same Course,MATH 201 2023 Fall grade C-; next=MATH 201; outcome=fail,1,0,,,,,,,,,,,,,,
2243,2024 Spring Semester,2024 Spr,900000161,MATH,201,MATH 201,PULLM,C,2.0,900000161,MATH 201,2024 Spr,2243,2,C,2.0,pass,1,70,advanced,quantitative_reasoning,2233,3,4,3,2,1,1,MATH 201,2237,MATH 202,2247,pass,1,forward,2,0,0,2257,2.0,2,all_attempts,immediate_next_course_family,course_sort_order,SDW STRM YYYT,1,MATH 201,MATH 202,1,course,Advanced / Changed Course,MATH 201 2024 Spr grade C; next=MATH 202; outcome=pass,2,0,,,,,,,,,,,,,,
2247,2024 Fall Semester,2024 Fall,900000161,MATH,202,MATH 202,PULLM,A-,3.7,900000161,MATH 202,2024 Fall,2247,1,A-,3.7,pass,1,80,advanced,quantitative_reasoning,2233,5,5,4,2,1,0,MATH 201,2243,,,,,terminal,,1,0,2257,2.0,2,all_attempts,immediate_next_course_family,course_sort_order,SDW STRM YYYT,1,MATH 202,No Further Course,1,course,No Further Course,MATH 202 2024 Fall grade A-; next=No Further Course; outcome=pass,1,0,,,,,,,,,,,,,,
2227,2022 Fall Semester,2022 Fall,900000162,MATH,201,MATH 201,PULLM,A,4.0,900000162,MATH 201,2022 Fall,2227,1,A,4.0,pass,1,70,advanced,quantitative_reasoning,2227,0,1,0,0,0,0,,,MATH 202,2233,pass,1,forward,1,0,0,2257,2.0,2,all_attempts,immediate_next_course_family,course_sort_order,SDW STRM YYYT,1,MATH 201,MATH 202,1,course,Advanced / Changed Course,MATH 201 2022 Fall grade A; next=MATH 202; outcome=pass,1,1,900000162-path-1,MATH 220,forward_from_first_math,MATH 201,MATH 202,,,,,MATH 220,1,Repeat/Stopout Risk,2227,900000162: MATH 201 -> MATH 202 -> MATH 220
2233,2023 Spring Semester,2023 Spr,900000162,MATH,202,MATH 202,PULLM,A-,3.7,900000162,MATH 202,2023 Spr,2233,1,A-,3.7,pass,1,80,advanced,quantitative_reasoning,2227,1,2,1,0,0,0,MATH 201,2227,MATH 220,2235,fail,0,forward,1,0,0,2257,2.0,2,all_attempts,immediate_next_course_family,course_sort_order,SDW STRM YYYT,1,MATH 202,MATH 220,1,course,Advanced / Changed Course,MATH 202 2023 Spr grade A-; next=MATH 220; outcome=pass,1,0,,,,,,,,,,,,,,
2235,2023 Summer Semester,2023 Sum,900000162,MATH,220,MATH 220,PULLM,C-,1.7,900000162,MATH 220,2023 Sum,2235,1,C-,1.7,fail,0,100,advanced,linear_algebra,2227,2,3,2,0,0,0,MATH 202,2233,,,,,terminal,,1,0,2257,2.0,2,all_attempts,immediate_next_course_family,course_sort_order,SDW STRM YYYT,1,MATH 220,No Further Course,1,target,No Further Course,MATH 220 2023 Sum grade C-; next=No Further Course; outcome=fail,1,0,,,,,,,,,,,,,,
2235,2023 Summer Semester,2023 Sum,900000163,MATH,201,MATH 201,PULLM,C-,1.7,900000163,MATH 201,2023 Sum,2235,1,C-,1.7,fail,0,70,advanced,quantitative_reasoning,2235,0,1,0,0,0,0,,,MATH 202,2237,fail,0,forward,1,0,0,2257,2.0,2,all_attempts,immediate_next_course_family,course_sort_order,SDW STRM YYYT,1,MATH 201,MATH 202,1,course,Advanced / Changed Course,MATH 201 2023 Sum grade C-; next=MATH 202; outcome=fail,1,1,900000163-path-1,MATH 220,forward_from_first_math,MATH 201,MATH 202,,,,,MATH 220,1,Completed/Persisted,2235,900000163: MATH 201 -> MATH 202 -> MATH 220
2237,2023 Fall Semester,2023 Fall,900000163,MATH,202,MATH 202,PULLM,D+,1.3,900000163,MATH 202,2023 Fall,2237,1,D+,1.3,fail,0,80,advanced,quantitative_reasoning,2235,1,2,1,1,0,0,MATH 201,2235,MATH 220,2243,pass,1,forward,1,0,0,2257,2.0,2,all_attempts,immediate_next_course_family,course_sort_order,SDW STRM YYYT,1,MATH 202,MATH 220,1,course,Advanced / Changed Course,MATH 202 2023 Fall grade D+; next=MATH 220; outcome=fail,1,0,,,,,,,,,,,,,,
2243,2024 Spring Semester,2024 Spr,900000163,MATH,220,MATH 220,PULLM,C,2.0,900000163,MATH 220,2024 Spr,2243,1,C,2.0,pass,1,100,advanced,linear_algebra,2235,2,3,2,2,0,0,MATH 202,2237,,,,,terminal,,1,0,2257,2.0,2,all_attempts,immediate_next_course_family,course_sort_order,SDW STRM YYYT,1,MATH 220,No Further Course,1,target,No Further Course,MATH 220 2024 Spr grade C; next=No Further Course; outcome=pass,1,0,,,,,,,,,,,,,,
2233,2023 Spring Semester,2023 Spr,900000164,MATH,100,MATH 100,PULLM,C-,1.7,900000164,MATH 100,2023 Spr,2233,1,C-,1.7,fail,0,10,developmental,algebra,2233,0,1,0,0,0,0,,,MATH 103,2235,fail,0,forward,1,0,0,2257,2.0,2,all_attempts,immediate_next_course_family,course_sort_order,SDW STRM YYYT,1,MATH 100,MATH 103,1,course,Advanced / Changed Course,MATH 100 2023 Spr grade C-; next=MATH 103; outcome=fail,1,1,900000164-path-1,MATH 171 (Repeat 1),forward_from_first_math,MATH 100,MATH 103,MATH 106,MATH 171,,,MATH 171 (Repeat 1),1,Completed/Persisted,2233,900000164: MATH 100 -> MATH 103 -> MATH 106 -> MATH 171 -> MATH 171 (Repeat 1)
2235,2023 Summer Semester,2023 Sum,900000164,MATH,103,MATH 103,PULLM,C-,1.7,900000164,MATH 103,2023 Sum,2235,1,C-,1.7,fail,0,20,gateway,algebra,2233,1,2,1,1,0,0,MATH 100,2233,MATH 106,2237,pass,1,forward,1,0,0,2257,2.0,2,all_attempts,immediate_next_course_family,course_sort_order,SDW STRM YYYT,1,MATH 103,MATH 106,1,course,Advanced / Changed Course,MATH 103 2023 Sum grade C-; next=MATH 106; outcome=fail,1,0,,,,,,,,,,,,,,
2237,2023 Fall Semester,2023 Fall,900000164,MATH,106,MATH 106,PULLM,C+,2.3,900000164,MATH 106,2023 Fall,2237,1,C+,2.3,pass,1,30,gateway,algebra,2233,2,3,2,2,0,0,MATH 103,2235,MATH 171,2243,withdraw,0,forward,1,0,0,2257,2.0,2,all_attempts,immediate_next_course_family,course_sort_order,SDW STRM YYYT,1,MATH 106,MATH 171,1,course,Advanced / Changed Course,MATH 106 2023 Fall grade C+; next=MATH 171; outcome=pass,1,0,,,,,,,,,,,,,,
2243,2024 Spring Semester,2024 Spr,900000164,MATH,171,MATH 171,PULLM,W,,900000164,MATH 171,2024 Spr,2243,1,W,,withdraw,0,50,gateway,calculus,2233,3,4,3,2,0,0,MATH 106,2237,MATH 171,2245,pass,1,repeat,1,0,0,2257,2.0,2,all_attempts,immediate_next_course_family,course_sort_order,SDW STRM YYYT,1,MATH 171,MATH 171,1,repeat,Repeated Same Course,MATH 171 2024 Spr grade W; next=MATH 171; outcome=withdraw,1,0,,,,,,,,,,,,,,
2245,2024 Summer Semester,2024 Sum,900000164,MATH,171,MATH 171,PULLM,B+,3.3,900000164,MATH 171,2024 Sum,2245,2,B+,3.3,pass,1,50,gateway,calculus,2233,4,5,4,2,1,1,MATH 171,2243,,,,,terminal,,1,0,2257,2.0,2,all_attempts,immediate_next_course_family,course_sort_order,SDW STRM YYYT,1,MATH 171,No Further Course,1,course,No Further Course,MATH 171 2024 Sum grade B+; next=No Further Course; outcome=pass,2,0,,,,,,,,,,,,,,
2233,2023 Spring Semester,2023 Spr,900000165,MATH,140,MATH 140,GLOBAL,D+,1.3,900000165,MATH 140,2023 Spr,2233,1,D+,1.3,fail,0,45,gateway,statistics,2233,0,1,0,0,0,0,,,MATH 140,2235,fail,0,repeat,1,0,0,2257,2.0,2,all_attempts,immediate_next_course_family,course_sort_order,SDW STRM YYYT,1,MATH 140,MATH 140,1,repeat,Repeated Same Course,MATH 140 2023 Spr grade D+; next=MATH 140; outcome=fail,1,1,900000165-path-1,MATH 202,forward_from_first_math,MATH 140,MATH 140 (Repeat 1),MATH 201,,,,MATH 202,1,Completed/Persisted,2233,900000165: MATH 140 -> MATH 140 (Repeat 1) -> MATH 201 -> MATH 202
2235,2023 Summer Semester,2023 Sum,900000165,MATH,140,MATH 140,GLOBAL,F,0.0,900000165,MATH 140,2023 Sum,2235,2,F,0.0,fail,0,45,gateway,statistics,2233,1,2,1,1,0,1,MATH 140,2233,MATH 201,2243,pass,1,forward,2,0,0,2257,2.0,2,all_attempts,immediate_next_course_family,course_sort_order,SDW STRM YYYT,1,MATH 140,MATH 201,1,course,Advanced / Changed Course,MATH 140 2023 Sum grade F; next=MATH 201; outcome=fail,2,0,,,,,,,,,,,,,,
2243,2024 Spring Semester,2024 Spr,900000165,MATH,201,MATH 201,GLOBAL,B+,3.3,900000165,MATH 201,2024 Spr,2243,1,B+,3.3,pass,1,70,advanced,quantitative_reasoning,2233,3,3,2,2,0,0,MATH 140,2235,MATH 202,2245,pass,1,forward,1,0,0,2257,2.0,2,all_attempts,immediate_next_course_family,course_sort_order,SDW STRM YYYT,1,MATH 201,MATH 202,1,course,Advanced / Changed Course,MATH 201 2024 Spr grade B+; next=MATH 202; outcome=pass,1,0,,,,,,,,,,,,,,
2245,2024 Summer Semester,2024 Sum,900000165,MATH,202,MATH 202,GLOBAL,B,3.0,900000165,MATH 202,2024 Sum,2245,1,B,3.0,pass,1,80,advanced,quantitative_reasoning,2233,4,4,3,2,0,0,MATH 201,2243,,,,,terminal,,1,0,2257,2.0,2,all_attempts,immediate_next_course_family,course_sort_order,SDW STRM YYYT,1,MATH 202,No Further Course,1,course,No Further Course,MATH 202 2024 Sum grade B; next=No Further Course; outcome=pass,1,0,,,,,,,,,,,,,,
2227,2022 Fall Semester,2022 Fall,900000166,MATH,103,MATH 103,PULLM,F,0.0,900000166,MATH 103,2022 Fall,2227,1,F,0.0,fail,0,20,gateway,algebra,2227,0,1,0,0,0,0,,,MATH 106,2233,pass,1,forward,1,0,0,2257,2.0,2,all_attempts,immediate_next_course_family,course_sort_order,SDW STRM YYYT,1,MATH 103,MATH 106,1,course,Advanced / Changed Course,MATH 103 2022 Fall grade F; next=MATH 106; outcome=fail,1,1,900000166-path-1,MATH 220,forward_from_first_math,MATH 103,MATH 106,MATH 108,,,,MATH 220,1,Repeat/Stopout Risk,2227,900000166: MATH 103 -> MATH 106 -> MATH 108 -> MATH 220
2233,2023 Spring Semester,2023 Spr,900000166,MATH,106,MATH 106,PULLM,B+,3.3,900000166,MATH 106,2023 Spr,2233,1,B+,3.3,pass,1,30,gateway,algebra,2227,1,2,1,1,0,0,MATH 103,2227,MATH 108,2235,pass,1,forward,1,0,0,2257,2.0,2,all_attempts,immediate_next_course_family,course_sort_order,SDW STRM YYYT,1,MATH 106,MATH 108,1,course,Advanced / Changed Course,MATH 106 2023 Spr grade B+; next=MATH 108; outcome=pass,1,0,,,,,,,,,,,,,,
2235,2023 Summer Semester,2023 Sum,900000166,MATH,108,MATH 108,PULLM,A,4.0,900000166,MATH 108,2023 Sum,2235,1,A,4.0,pass,1,40,gateway,business_quant,2227,2,3,2,1,0,0,MATH 106,2233,MATH 220,2237,fail,0,forward,1,0,0,2257,2.0,2,all_attempts,immediate_next_course_family,course_sort_order,SDW STRM YYYT,1,MATH 108,MATH 220,1,course,Advanced / Changed Course,MATH 108 2023 Sum grade A; next=MATH 220; outcome=pass,1,0,,,,,,,,,,,,,,
2237,2023 Fall Semester,2023 Fall,900000166,MATH,220,MATH 220,PULLM,D,1.0,900000166,MATH 220,2023 Fall,2237,1,D,1.0,fail,0,100,advanced,linear_algebra,2227,3,4,3,1,0,0,MATH 108,2235,,,,,terminal,,1,0,2257,2.0,2,all_attempts,immediate_next_course_family,course_sort_order,SDW STRM YYYT,1,MATH 220,No Further Course,1,target,No Further Course,MATH 220 2023 Fall grade D; next=No Further Course; outcome=fail,1,0,,,,,,,,,,,,,,
2235,2023 Summer Semester,2023 Sum,900000167,MATH,103,MATH 103,VANCO,A,4.0,900000167,MATH 103,2023 Sum,2235,1,A,4.0,pass,1,20,gateway,algebra,2235,0,1,0,0,0,0,,,MATH 106,2237,pass,1,forward,1,0,0,2257,2.0,2,all_attempts,immediate_next_course_family,course_sort_order,SDW STRM YYYT,1,MATH 103,MATH 106,1,course,Advanced / Changed Course,MATH 103 2023 Sum grade A; next=MATH 106; outcome=pass,1,1,900000167-path-1,MATH 172,forward_from_first_math,MATH 103,MATH 106,MATH 171,,,,MATH 172,1,Completed/Persisted,2235,900000167: MATH 103 -> MATH 106 -> MATH 171 -> MATH 172
2237,2023 Fall Semester,2023 Fall,900000167,MATH,106,MATH 106,VANCO,B,3.0,900000167,MATH 106,2023 Fall,2237,1,B,3.0,pass,1,30,gateway,algebra,2235,1,2,1,0,0,0,MATH 103,2235,MATH 171,2243,fail,0,forward,1,0,0,2257,2.0,2,all_attempts,immediate_next_course_family,course_sort_order,SDW STRM YYYT,1,MATH 106,MATH 171,1,course,Advanced / Changed Course,MATH 106 2023 Fall grade B; next=MATH 171; outcome=pass,1,0,,,,,,,,,,,,,,
2243,2024 Spring Semester,2024 Spr,900000167,MATH,171,MATH 171,VANCO,D+,1.3,900000167,MATH 171,2024 Spr,2243,1,D+,1.3,fail,0,50,gateway,calculus,2235,2,3,2,0,0,0,MATH 106,2237,MATH 172,2245,pass,1,forward,1,0,0,2257,2.0,2,all_attempts,immediate_next_course_family,course_sort_order,SDW STRM YYYT,1,MATH 171,MATH 172,1,course,Advanced / Changed Course,MATH 171 2024 Spr grade D+; next=MATH 172; outcome=fail,1,0,,,,,,,,,,,,,,
2245,2024 Summer Semester,2024 Sum,900000167,MATH,172,MATH 172,VANCO,A,4.0,900000167,MATH 172,2024 Sum,2245,1,A,4.0,pass,1,60,advanced,calculus,2235,3,4,3,1,0,0,MATH 171,2243,,,,,terminal,,1,0,2257,2.0,2,all_attempts,immediate_next_course_family,course_sort_order,SDW STRM YYYT,1,MATH 172,No Further Course,1,course,No Further Course,MATH 172 2024 Sum grade A; next=No Further Course; outcome=pass,1,0,,,,,,,,,,,,,,
2227,2022 Fall Semester,2022 Fall,900000168,MATH,100,MATH 100,PULLM,C-,1.7,900000168,MATH 100,2022 Fall,2227,1,C-,1.7,fail,0,10,developmental,algebra,2227,0,1,0,0,0,0,,,MATH 100,2233,pass,1,repeat,1,0,0,2257,2.0,2,all_attempts,immediate_next_course_family,course_sort_order,SDW STRM YYYT,1,MATH 100,MATH 100,1,repeat,Repeated Same Course,MATH 100 2022 Fall grade C-; next=MATH 100; outcome=fail,1,1,900000168-path-1,MATH 171 (Repeat 1),forward_from_first_math,MATH 100,MATH 100 (Repeat 1),MATH 103,MATH 106,MATH 171,,MATH 171 (Repeat 1),1,Repeat/Stopout Risk,2227,900000168: MATH 100 -> MATH 100 (Repeat 1) -> MATH 103 -> MATH 106 -> MATH 171 -> MATH 171 (Repeat 1)
2233,2023 Spring Semester,2023 Spr,900000168,MATH,100,MATH 100,PULLM,B+,3.3,900000168,MATH 100,2023 Spr,2233,2,B+,3.3,pass,1,10,developmental,algebra,2227,1,2,1,1,0,1,MATH 100,2227,MATH 103,2235,pass,1,forward,1,0,0,2257,2.0,2,all_attempts,immediate_next_course_family,course_sort_order,SDW STRM YYYT,1,MATH 100,MATH 103,1,course,Advanced / Changed Course,MATH 100 2023 Spr grade B+; next=MATH 103; outcome=pass,2,0,,,,,,,,,,,,,,
2235,2023 Summer Semester,2023 Sum,900000168,MATH,103,MATH 103,PULLM,A-,3.7,900000168,MATH 103,2023 Sum,2235,1,A-,3.7,pass,1,20,gateway,algebra,2227,2,3,2,1,0,0,MATH 100,2233,MATH 106,2237,fail,0,forward,1,0,0,2257,2.0,2,all_attempts,immediate_next_course_family,course_sort_order,SDW STRM YYYT,1,MATH 103,MATH 106,1,course,Advanced / Changed Course,MATH 103 2023 Sum grade A-; next=MATH 106; outcome=pass,1,0,,,,,,,,,,,,,,
2237,2023 Fall Semester,2023 Fall,900000168,MATH,106,MATH 106,PULLM,F,0.0,900000168,MATH 106,2023 Fall,2237,1,F,0.0,fail,0,30,gateway,algebra,2227,3,4,3,1,0,0,MATH 103,2235,MATH 171,2245,withdraw,0,forward,2,0,0,2257,2.0,2,all_attempts,immediate_next_course_family,course_sort_order,SDW STRM YYYT,1,MATH 106,MATH 171,1,course,Advanced / Changed Course,MATH 106 2023 Fall grade F; next=MATH 171; outcome=fail,1,0,,,,,,,,,,,,,,
2245,2024 Summer Semester,2024 Sum,900000168,MATH,171,MATH 171,PULLM,W,,900000168,MATH 171,2024 Sum,2245,1,W,,withdraw,0,50,gateway,calculus,2227,5,5,4,2,0,0,MATH 106,2237,MATH 171,2247,fail,0,repeat,1,0,0,2257,2.0,2,all_attempts,immediate_next_course_family,course_sort_order,SDW STRM YYYT,1,MATH 171,MATH 171,1,repeat,Repeated Same Course,MATH 171 2024 Sum grade W; next=MATH 171; outcome=withdraw,1,0,,,,,,,,,,,,,,
2247,2024 Fall Semester,2024 Fall,900000168,MATH,171,MATH 171,PULLM,F,0.0,900000168,MATH 171,2024 Fall,2247,2,F,0.0,fail,0,50,gateway,calculus,2227,6,6,5,2,1,1,MATH 171,2245,,,,,terminal,,1,0,2257,2.0,2,all_attempts,immediate_next_course_family,course_sort_order,SDW STRM YYYT,1,MATH 171,No Further Course,1,course,No Further Course,MATH 171 2024 Fall grade F; next=No Further Course; outcome=fail,2,0,,,,,,,,,,,,,,
2227,2022 Fall Semester,2022 Fall,900000169,MATH,140,MATH 140,PULLM,C,2.0,900000169,MATH 140,2022 Fall,2227,1,C,2.0,pass,1,45,gateway,statistics,2227,0,1,0,0,0,0,,,MATH 201,2233,fail,0,forward,1,0,0,2257,2.0,2,all_attempts,immediate_next_course_family,course_sort_order,SDW STRM YYYT,1,MATH 140,MATH 201,1,course,Advanced / Changed Course,MATH 140 2022 Fall grade C; next=MATH 201; outcome=pass,1,1,900000169-path-1,MATH 202,forward_from_first_math,MATH 140,MATH 201,MATH 201 (Repeat 1),,,,MATH 202,1,Completed/Persisted,2227,900000169: MATH 140 -> MATH 201 -> MATH 201 (Repeat 1) -> MATH 202
2233,2023 Spring Semester,2023 Spr,900000169,MATH,201,MATH 201,PULLM,F,0.0,900000169,MATH 201,2023 Spr,2233,1,F,0.0,fail,0,70,advanced,quantitative_reasoning,2227,1,2,1,0,0,0,MATH 140,2227,MATH 201,2235,fail,0,repeat,1,0,0,2257,2.0,2,all_attempts,immediate_next_course_family,course_sort_order,SDW STRM YYYT,1,MATH 201,MATH 201,1,repeat,Repeated Same Course,MATH 201 2023 Spr grade F; next=MATH 201; outcome=fail,1,0,,,,,,,,,,,,,,
2235,2023 Summer Semester,2023 Sum,900000169,MATH,201,MATH 201,PULLM,C-,1.7,900000169,MATH 201,2023 Sum,2235,2,C-,1.7,fail,0,70,advanced,quantitative_reasoning,2227,2,3,2,1,0,1,MATH 201,2233,MATH 202,2237,pass,1,forward,1,0,0,2257,2.0,2,all_attempts,immediate_next_course_family,course_sort_order,SDW STRM YYYT,1,MATH 201,MATH 202,1,course,Advanced / Changed Course,MATH 201 2023 Sum grade C-; next=MATH 202; outcome=fail,2,0,,,,,,,,,,,,,,
2237,2023 Fall Semester,2023 Fall,900000169,MATH,202,MATH 202,PULLM,C,2.0,900000169,MATH 202,2023 Fall,2237,1,C,2.0,pass,1,80,advanced,quantitative_reasoning,2227,3,4,3,2,0,0,MATH 201,2235,,,,,terminal,,1,0,2257,2.0,2,all_attempts,immediate_next_course_family,course_sort_order,SDW STRM YYYT,1,MATH 202,No Further Course,1,course,No Further Course,MATH 202 2023 Fall grade C; next=No Further Course; outcome=pass,1,0,,,,,,,,,,,,,,
2233,2023 Spring Semester,2023 Spr,900000170,MATH,100,MATH 100,VANCO,D,1.0,900000170,MATH 100,2023 Spr,2233,1,D,1.0,fail,0,10,developmental,algebra,2233,0,1,0,0,0,0,,,MATH 103,2235,fail,0,forward,1,0,0,2257,2.0,2,all_attempts,immediate_next_course_family,course_sort_order,SDW STRM YYYT,1,MATH 100,MATH 103,1,course,Advanced / Changed Course,MATH 100 2023 Spr grade D; next=MATH 103; outcome=fail,1,1,900000170-path-1,MATH 171,forward_from_first_math,MATH 100,MATH 103,MATH 103 (Repeat 1),MATH 106,,,MATH 171,1,Repeat/Stopout Risk,2233,900000170: MATH 100 -> MATH 103 -> MATH 103 (Repeat 1) -> MATH 106 -> MATH 171
2235,2023 Summer Semester,2023 Sum,900000170,MATH,103,MATH 103,VANCO,F,0.0,900000170,MATH 103,2023 Sum,2235,1,F,0.0,fail,0,20,gateway,algebra,2233,1,2,1,1,0,0,MATH 100,2233,MATH 103,2237,pass,1,repeat,1,0,0,2257,2.0,2,all_attempts,immediate_next_course_family,course_sort_order,SDW STRM YYYT,1,MATH 103,MATH 103,1,repeat,Repeated Same Course,MATH 103 2023 Sum grade F; next=MATH 103; outcome=fail,1,0,,,,,,,,,,,,,,
2237,2023 Fall Semester,2023 Fall,900000170,MATH,103,MATH 103,VANCO,C+,2.3,900000170,MATH 103,2023 Fall,2237,2,C+,2.3,pass,1,20,gateway,algebra,2233,2,3,2,2,0,1,MATH 103,2235,MATH 106,2243,pass,1,forward,1,0,0,2257,2.0,2,all_attempts,immediate_next_course_family,course_sort_order,SDW STRM YYYT,1,MATH 103,MATH 106,1,course,Advanced / Changed Course,MATH 103 2023 Fall grade C+; next=MATH 106; outcome=pass,2,0,,,,,,,,,,,,,,
2243,2024 Spring Semester,2024 Spr,900000170,MATH,106,MATH 106,VANCO,B+,3.3,900000170,MATH 106,2024 Spr,2243,1,B+,3.3,pass,1,30,gateway,algebra,2233,3,4,3,2,0,0,MATH 103,2237,MATH 171,2245,fail,0,forward,1,0,0,2257,2.0,2,all_attempts,immediate_next_course_family,course_sort_order,SDW STRM YYYT,1,MATH 106,MATH 171,1,course,Advanced / Changed Course,MATH 106 2024 Spr grade B+; next=MATH 171; outcome=pass,1,0,,,,,,,,,,,,,,
2245,2024 Summer Semester,2024 Sum,900000170,MATH,171,MATH 171,VANCO,C-,1.7,900000170,MATH 171,2024 Sum,2245,1,C-,1.7,fail,0,50,gateway,calculus,2233,4,5,4,2,0,0,MATH 106,2243,,,,,terminal,,1,0,2257,2.0,2,all_attempts,immediate_next_course_family,course_sort_order,SDW STRM YYYT,1,MATH 171,No Further Course,1,course,No Further Course,MATH 171 2024 Sum grade C-; next=No Further Course; outcome=fail,1,0,,,,,,,,,,,,,,
2227,2022 Fall Semester,2022 Fall,900000171,MATH,103,MATH 103,SPOKA,F,0.0,900000171,MATH 103,2022 Fall,2227,1,F,0.0,fail,0,20,gateway,algebra,2227,0,1,0,0,0,0,,,MATH 103,2233,pass,1,repeat,1,0,0,2257,2.0,2,all_attempts,immediate_next_course_family,course_sort_order,SDW STRM YYYT,1,MATH 103,MATH 103,1,repeat,Repeated Same Course,MATH 103 2022 Fall grade F; next=MATH 103; outcome=fail,1,1,900000171-path-1,MATH 172,forward_from_first_math,MATH 103,MATH 103 (Repeat 1),MATH 106,MATH 171,MATH 171 (Repeat 1),,MATH 172,1,Repeat/Stopout Risk,2227,900000171: MATH 103 -> MATH 103 (Repeat 1) -> MATH 106 -> MATH 171 -> MATH 171 (Repeat 1) -> MATH 172
2233,2023 Spring Semester,2023 Spr,900000171,MATH,103,MATH 103,SPOKA,A-,3.7,900000171,MATH 103,2023 Spr,2233,2,A-,3.7,pass,1,20,gateway,algebra,2227,1,2,1,1,0,1,MATH 103,2227,MATH 106,2237,pass,1,forward,2,0,0,2257,2.0,2,all_attempts,immediate_next_course_family,course_sort_order,SDW STRM YYYT,1,MATH 103,MATH 106,1,course,Advanced / Changed Course,MATH 103 2023 Spr grade A-; next=MATH 106; outcome=pass,2,0,,,,,,,,,,,,,,
2237,2023 Fall Semester,2023 Fall,900000171,MATH,106,MATH 106,SPOKA,B-,2.7,900000171,MATH 106,2023 Fall,2237,1,B-,2.7,pass,1,30,gateway,algebra,2227,3,3,2,1,0,0,MATH 103,2233,MATH 171,2243,fail,0,forward,1,0,0,2257,2.0,2,all_attempts,immediate_next_course_family,course_sort_order,SDW STRM YYYT,1,MATH 106,MATH 171,1,course,Advanced / Changed Course,MATH 106 2023 Fall grade B-; next=MATH 171; outcome=pass,1,0,,,,,,,,,,,,,,
2243,2024 Spring Semester,2024 Spr,900000171,MATH,171,MATH 171,SPOKA,D+,1.3,900000171,MATH 171,2024 Spr,2243,1,D+,1.3,fail,0,50,gateway,calculus,2227,4,4,3,1,0,0,MATH 106,2237,MATH 171,2245,pass,1,repeat,1,0,0,2257,2.0,2,all_attempts,immediate_next_course_family,course_sort_order,SDW STRM YYYT,1,MATH 171,MATH 171,1,repeat,Repeated Same Course,MATH 171 2024 Spr grade D+; next=MATH 171; outcome=fail,1,0,,,,,,,,,,,,,,
2245,2024 Summer Semester,2024 Sum,900000171,MATH,171,MATH 171,SPOKA,B-,2.7,900000171,MATH 171,2024 Sum,2245,2,B-,2.7,pass,1,50,gateway,calculus,2227,5,5,4,2,0,1,MATH 171,2243,MATH 172,2247,fail,0,forward,1,0,0,2257,2.0,2,all_attempts,immediate_next_course_family,course_sort_order,SDW STRM YYYT,1,MATH 171,MATH 172,1,course,Advanced / Changed Course,MATH 171 2024 Sum grade B-; next=MATH 172; outcome=pass,2,0,,,,,,,,,,,,,,
2247,2024 Fall Semester,2024 Fall,900000171,MATH,172,MATH 172,SPOKA,F,0.0,900000171,MATH 172,2024 Fall,2247,1,F,0.0,fail,0,60,advanced,calculus,2227,6,6,5,2,0,0,MATH 171,2245,,,,,terminal,,1,0,2257,2.0,2,all_attempts,immediate_next_course_family,course_sort_order,SDW STRM YYYT,1,MATH 172,No Further Course,1,course,No Further Course,MATH 172 2024 Fall grade F; next=No Further Course; outcome=fail,1,0,,,,,,,,,,,,,,
2227,2022 Fall Semester,2022 Fall,900000172,MATH,100,MATH 100,GLOBAL,C-,1.7,900000172,MATH 100,2022 Fall,2227,1,C-,1.7,fail,0,10,developmental,algebra,2227,0,1,0,0,0,0,,,MATH 100,2233,fail,0,repeat,1,0,0,2257,2.0,2,all_attempts,immediate_next_course_family,course_sort_order,SDW STRM YYYT,1,MATH 100,MATH 100,1,repeat,Repeated Same Course,MATH 100 2022 Fall grade C-; next=MATH 100; outcome=fail,1,1,900000172-path-1,MATH 171,forward_from_first_math,MATH 100,MATH 100 (Repeat 1),MATH 103,MATH 103 (Repeat 1),MATH 106,,MATH 171,1,Repeat/Stopout Risk,2227,900000172: MATH 100 -> MATH 100 (Repeat 1) -> MATH 103 -> MATH 103 (Repeat 1) -> MATH 106 -> MATH 171
2233,2023 Spring Semester,2023 Spr,900000172,MATH,100,MATH 100,GLOBAL,F,0.0,900000172,MATH 100,2023 Spr,2233,2,F,0.0,fail,0,10,developmental,algebra,2227,1,2,1,1,0,1,MATH 100,2227,MATH 103,2235,withdraw,0,forward,1,0,0,2257,2.0,2,all_attempts,immediate_next_course_family,course_sort_order,SDW STRM YYYT,1,MATH 100,MATH 103,1,course,Advanced / Changed Course,MATH 100 2023 Spr grade F; next=MATH 103; outcome=fail,2,0,,,,,,,,,,,,,,
2235,2023 Summer Semester,2023 Sum,900000172,MATH,103,MATH 103,GLOBAL,W,,900000172,MATH 103,2023 Sum,2235,1,W,,withdraw,0,20,gateway,algebra,2227,2,3,2,2,0,0,MATH 100,2233,MATH 103,2243,pass,1,repeat,2,0,0,2257,2.0,2,all_attempts,immediate_next_course_family,course_sort_order,SDW STRM YYYT,1,MATH 103,MATH 103,1,repeat,Repeated Same Course,MATH 103 2023 Sum grade W; next=MATH 103; outcome=withdraw,1,0,,,,,,,,,,,,,,
2243,2024 Spring Semester,2024 Spr,900000172,MATH,103,MATH 103,GLOBAL,B,3.0,900000172,MATH 103,2024 Spr,2243,2,B,3.0,pass,1,20,gateway,algebra,2227,4,4,3,2,1,1,MATH 103,2235,MATH 106,2245,fail,0,forward,1,0,0,2257,2.0,2,all_attempts,immediate_next_course_family,course_sort_order,SDW STRM YYYT,1,MATH 103,MATH 106,1,course,Advanced / Changed Course,MATH 103 2024 Spr grade B; next=MATH 106; outcome=pass,2,0,,,,,,,,,,,,,,
2245,2024 Summer Semester,2024 Sum,900000172,MATH,106,MATH 106,GLOBAL,D+,1.3,900000172,MATH 106,2024 Sum,2245,1,D+,1.3,fail,0,30,gateway,algebra,2227,5,5,4,2,1,0,MATH 103,2243,MATH 171,2247,withdraw,0,forward,1,0,0,2257,2.0,2,all_attempts,immediate_next_course_family,course_sort_order,SDW STRM YYYT,1,MATH 106,MATH 171,1,course,Advanced / Changed Course,MATH 106 2024 Sum grade D+; next=MATH 171; outcome=fail,1,0,,,,,,,,,,,,,,
2247,2024 Fall Semester,2024 Fall,900000172,MATH,171,MATH 171,GLOBAL,W,,900000172,MATH 171,2024 Fall,2247,1,W,,withdraw,0,50,gateway,calculus,2227,6,6,5,3,1,0,MATH 106,2245,,,,,terminal,,1,0,2257,2.0,2,all_attempts,immediate_next_course_family,course_sort_order,SDW STRM YYYT,1,MATH 171,No Further Course,1,course,No Further Course,MATH 171 2024 Fall grade W; next=No Further Course; outcome=withdraw,1,0,,,,,,,,,,,,,,
2227,2022 Fall Semester,2022 Fall,900000173,MATH,140,MATH 140,GLOBAL,B,3.0,900000173,MATH 140,2022 Fall,2227,1,B,3.0,pass,1,45,gateway,statistics,2227,0,1,0,0,0,0,,,MATH 201,2235,pass,1,forward,2,0,0,2257,2.0,2,all_attempts,immediate_next_course_family,course_sort_order,SDW STRM YYYT,1,MATH 140,MATH 201,1,course,Advanced / Changed Course,MATH 140 2022 Fall grade B; next=MATH 201; outcome=pass,1,1,900000173-path-1,MATH 202,forward_from_first_math,MATH 140,MATH 201,,,,,MATH 202,1,Completed/Persisted,2227,900000173: MATH 140 -> MATH 201 -> MATH 202
2235,2023 Summer Semester,2023 Sum,900000173,MATH,201,MATH 201,GLOBAL,B-,2.7,900000173,MATH 201,2023 Sum,2235,1,B-,2.7,pass,1,70,advanced,quantitative_reasoning,2227,2,2,1,0,0,0,MATH 140,2227,MATH 202,2237,pass,1,forward,1,0,0,2257,2.0,2,all_attempts,immediate_next_course_family,course_sort_order,SDW STRM YYYT,1,MATH 201,MATH 202,1,course,Advanced / Changed Course,MATH 201 2023 Sum grade B-; next=MATH 202; outcome=pass,1,0,,,,,,,,,,,,,,
2237,2023 Fall Semester,2023 Fall,900000173,MATH,202,MATH 202,GLOBAL,C,2.0,900000173,MATH 202,2023 Fall,2237,1,C,2.0,pass,1,80,advanced,quantitative_reasoning,2227,3,3,2,0,0,0,MATH 201,2235,,,,,terminal,,1,0,2257,2.0,2,all_attempts,immediate_next_course_family,course_sort_order,SDW STRM YYYT,1,MATH 202,No Further Course,1,course,No Further Course,MATH 202 2023 Fall grade C; next=No Further Course; outcome=pass,1,0,,,,,,,,,,,,,,
2235,2023 Summer Semester,2023 Sum,900000174,MATH,106,MATH 106,GLOBAL,W,,900000174,MATH 106,2023 Sum,2235,1,W,,withdraw,0,30,gateway,algebra,2235,0,1,0,0,0,0,,,MATH 171,2237,pass,1,forward,1,0,0,2257,2.0,2,all_attempts,immediate_next_course_family,course_sort_order,SDW STRM YYYT,1,MATH 106,MATH 171,1,course,Advanced / Changed Course,MATH 106 2023 Sum grade W; next=MATH 171; outcome=withdraw,1,1,900000174-path-1,MATH 220 (Repeat 1),forward_from_first_math,MATH 106,MATH 171,MATH 172,MATH 220,,,MATH 220 (Repeat 1),1,Completed/Persisted,2235,900000174: MATH 106 -> MATH 171 -> MATH 172 -> MATH 220 -> MATH 220 (Repeat 1)
2237,2023 Fall Semester,2023 Fall,900000174,MATH,171,MATH 171,GLOBAL,B-,2.7,900000174,MATH 171,2023 Fall,2237,1,B-,2.7,pass,1,50,gateway,calculus,2235,1,2,1,0,1,0,MATH 106,2235,MATH 172,2243,pass,1,forward,1,0,0,2257,2.0,2,all_attempts,immediate_next_course_family,course_sort_order,SDW STRM YYYT,1,MATH 171,MATH 172,1,course,Advanced / Changed Course,MATH 171 2023 Fall grade B-; next=MATH 172; outcome=pass,1,0,,,,,,,,,,,,,,
2243,2024 Spring Semester,2024 Spr,900000174,MATH,172,MATH 172,GLOBAL,B-,2.7,900000174,MATH 172,2024 Spr,2243,1,B-,2.7,pass,1,60,advanced,calculus,2235,2,3,2,0,1,0,MATH 171,2237,MATH 220,2245,withdraw,0,forward,1,0,0,2257,2.0,2,all_attempts,immediate_next_course_family,course_sort_order,SDW STRM YYYT,1,MATH 172,MATH 220,1,course,Advanced / Changed Course,MATH 172 2024 Spr grade B-; next=MATH 220; outcome=pass,1,0,,,,,,,,,,,,,,
2245,2024 Summer Semester,2024 Sum,900000174,MATH,220,MATH 220,GLOBAL,W,,900000174,MATH 220,2024 Sum,2245,1,W,,withdraw,0,100,advanced,linear_algebra,2235,3,4,3,0,1,0,MATH 172,2243,MATH 220,2247,pass,1,repeat,1,0,0,2257,2.0,2,all_attempts,immediate_next_course_family,course_sort_order,SDW STRM YYYT,1,MATH 220,MATH 220,1,repeat,Repeated Same Course,MATH 220 2024 Sum grade W; next=MATH 220; outcome=withdraw,1,0,,,,,,,,,,,,,,
2247,2024 Fall Semester,2024 Fall,900000174,MATH,220,MATH 220,GLOBAL,C+,2.3,900000174,MATH 220,2024 Fall,2247,2,C+,2.3,pass,1,100,advanced,linear_algebra,2235,4,5,4,0,2,1,MATH 220,2245,,,,,terminal,,1,0,2257,2.0,2,all_attempts,immediate_next_course_family,course_sort_order,SDW STRM YYYT,1,MATH 220,No Further Course,1,target,No Further Course,MATH 220 2024 Fall grade C+; next=No Further Course; outcome=pass,2,0,,,,,,,,,,,,,,
2233,2023 Spring Semester,2023 Spr,900000175,MATH,201,MATH 201,PULLM,A-,3.7,900000175,MATH 201,2023 Spr,2233,1,A-,3.7,pass,1,70,advanced,quantitative_reasoning,2233,0,1,0,0,0,0,,,MATH 202,2235,fail,0,forward,1,0,0,2257,2.0,2,all_attempts,immediate_next_course_family,course_sort_order,SDW STRM YYYT,1,MATH 201,MATH 202,1,course,Advanced / Changed Course,MATH 201 2023 Spr grade A-; next=MATH 202; outcome=pass,1,1,900000175-path-1,MATH 220 (Repeat 1),forward_from_first_math,MATH 201,MATH 202,MATH 220,,,,MATH 220 (Repeat 1),1,Completed/Persisted,2233,900000175: MATH 201 -> MATH 202 -> MATH 220 -> MATH 220 (Repeat 1)
2235,2023 Summer Semester,2023 Sum,900000175,MATH,202,MATH 202,PULLM,F,0.0,900000175,MATH 202,2023 Sum,2235,1,F,0.0,fail,0,80,advanced,quantitative_reasoning,2233,1,2,1,0,0,0,MATH 201,2233,MATH 220,2237,fail,0,forward,1,0,0,2257,2.0,2,all_attempts,immediate_next_course_family,course_sort_order,SDW STRM YYYT,1,MATH 202,MATH 220,1,course,Advanced / Changed Course,MATH 202 2023 Sum grade F; next=MATH 220; outcome=fail,1,0,,,,,,,,,,,,,,
2237,2023 Fall Semester,2023 Fall,900000175,MATH,220,MATH 220,PULLM,C-,1.7,900000175,MATH 220,2023 Fall,2237,1,C-,1.7,fail,0,100,advanced,linear_algebra,2233,2,3,2,1,0,0,MATH 202,2235,MATH 220,2243,pass,1,repeat,1,0,0,2257,2.0,2,all_attempts,immediate_next_course_family,course_sort_order,SDW STRM YYYT,1,MATH 220,MATH 220,1,repeat,Repeated Same Course,MATH 220 2023 Fall grade C-; next=MATH 220; outcome=fail,1,0,,,,,,,,,,,,,,
2243,2024 Spring Semester,2024 Spr,900000175,MATH,220,MATH 220,PULLM,C+,2.3,900000175,MATH 220,2024 Spr,2243,2,C+,2.3,pass,1,100,advanced,linear_algebra,2233,3,4,3,2,0,1,MATH 220,2237,,,,,terminal,,1,0,2257,2.0,2,all_attempts,immediate_next_course_family,course_sort_order,SDW STRM YYYT,1,MATH 220,No Further Course,1,target,No Further Course,MATH 220 2024 Spr grade C+; next=No Further Course; outcome=pass,2,0,,,,,,,,,,,,,,
2233,2023 Spring Semester,2023 Spr,900000176,MATH,103,MATH 103,PULLM,B+,3.3,900000176,MATH 103,2023 Spr,2233,1,B+,3.3,pass,1,20,gateway,algebra,2233,0,1,0,0,0,0,,,MATH 106,2237,fail,0,forward,2,0,0,2257,2.0,2,all_attempts,immediate_next_course_family,course_sort_order,SDW STRM YYYT,1,MATH 103,MATH 106,1,course,Advanced / Changed Course,MATH 103 2023 Spr grade B+; next=MATH 106; outcome=pass,1,1,900000176-path-1,MATH 172 (Repeat 1),forward_from_first_math,MATH 103,MATH 106,MATH 171,MATH 171 (Repeat 1),MATH 172,,MATH 172 (Repeat 1),1,Completed/Persisted,2233,900000176: MATH 103 -> MATH 106 -> MATH 171 -> MATH 171 (Repeat 1) -> MATH 172 -> MATH 172 (Repeat 1)
2237,2023 Fall Semester,2023 Fall,900000176,MATH,106,MATH 106,PULLM,F,0.0,900000176,MATH 106,2023 Fall,2237,1,F,0.0,fail,0,30,gateway,algebra,2233,2,2,1,0,0,0,MATH 103,2233,MATH 171,2243,withdraw,0,forward,1,0,0,2257,2.0,2,all_attempts,immediate_next_course_family,course_sort_order,SDW STRM YYYT,1,MATH 106,MATH 171,1,course,Advanced / Changed Course,MATH 106 2023 Fall grade F; next=MATH 171; outcome=fail,1,0,,,,,,,,,,,,,,
2243,2024 Spring Semester,2024 Spr,900000176,MATH,171,MATH 171,PULLM,W,,900000176,MATH 171,2024 Spr,2243,1,W,,withdraw,0,50,gateway,calculus,2233,3,3,2,1,0,0,MATH 106,2237,MATH 171,2247,pass,1,repeat,2,0,0,2257,2.0,2,all_attempts,immediate_next_course_family,course_sort_order,SDW STRM YYYT,1,MATH 171,MATH 171,1,repeat,Repeated Same Course,MATH 171 2024 Spr grade W; next=MATH 171; outcome=withdraw,1,0,,,,,,,,,,,,,,
2247,2024 Fall Semester,2024 Fall,900000176,MATH,171,MATH 171,PULLM,B+,3.3,900000176,MATH 171,2024 Fall,2247,2,B+,3.3,pass,1,50,gateway,calculus,2233,5,4,3,1,1,1,MATH 171,2243,MATH 172,2253,fail,0,forward,1,0,0,2257,2.0,2,all_attempts,immediate_next_course_family,course_sort_order,SDW STRM YYYT,1,MATH 171,MATH 172,1,course,Advanced / Changed Course,MATH 171 2024 Fall grade B+; next=MATH 172; outcome=pass,2,0,,,,,,,,,,,,,,
2253,2025 Spring Semester,2025 Spr,900000176,MATH,172,MATH 172,PULLM,C-,1.7,900000176,MATH 172,2025 Spr,2253,1,C-,1.7,fail,0,60,advanced,calculus,2233,6,5,4,1,1,0,MATH 171,2247,MATH 172,2257,pass,1,repeat,1,0,0,2257,2.0,2,all_attempts,immediate_next_course_family,course_sort_order,SDW STRM YYYT,1,MATH 172,MATH 172,1,repeat,Repeated Same Course,MATH 172 2025 Spr grade C-; next=MATH 172; outcome=fail,1,0,,,,,,,,,,,,,,
2257,2025 Fall Semester,2025 Fall,900000176,MATH,172,MATH 172,PULLM,B+,3.3,900000176,MATH 172,2025 Fall,2257,2,B+,3.3,pass,1,60,advanced,calculus,2233,7,6,5,2,1,1,MATH 172,2253,,,,,terminal,,0,1,2257,2.0,2,all_attempts,immediate_next_course_family,course_sort_order,SDW STRM YYYT,0,MATH 172,,1,course,Censored Recent Term,MATH 172 2025 Fall grade B+; next=censored; outcome=pass,2,0,,,,,,,,,,,,,,
2235,2023 Summer Semester,2023 Sum,900000177,MATH,201,MATH 201,TRIC,C+,2.3,900000177,MATH 201,2023 Sum,2235,1,C+,2.3,pass,1,70,advanced,quantitative_reasoning,2235,0,1,0,0,0,0,,,MATH 202,2237,pass,1,forward,1,0,0,2257,2.0,2,all_attempts,immediate_next_course_family,course_sort_order,SDW STRM YYYT,1,MATH 201,MATH 202,1,course,Advanced / Changed Course,MATH 201 2023 Sum grade C+; next=MATH 202; outcome=pass,1,1,900000177-path-1,MATH 220,forward_from_first_math,MATH 201,MATH 202,,,,,MATH 220,1,Repeat/Stopout Risk,2235,900000177: MATH 201 -> MATH 202 -> MATH 220
2237,2023 Fall Semester,2023 Fall,900000177,MATH,202,MATH 202,TRIC,C,2.0,900000177,MATH 202,2023 Fall,2237,1,C,2.0,pass,1,80,advanced,quantitative_reasoning,2235,1,2,1,0,0,0,MATH 201,2235,MATH 220,2243,withdraw,0,forward,1,0,0,2257,2.0,2,all_attempts,immediate_next_course_family,course_sort_order,SDW STRM YYYT,1,MATH 202,MATH 220,1,course,Advanced / Changed Course,MATH 202 2023 Fall grade C; next=MATH 220; outcome=pass,1,0,,,,,,,,,,,,,,
2243,2024 Spring Semester,2024 Spr,900000177,MATH,220,MATH 220,TRIC,W,,900000177,MATH 220,2024 Spr,2243,1,W,,withdraw,0,100,advanced,linear_algebra,2235,2,3,2,0,0,0,MATH 202,2237,,,,,terminal,,1,0,2257,2.0,2,all_attempts,immediate_next_course_family,course_sort_order,SDW STRM YYYT,1,MATH 220,No Further Course,1,target,No Further Course,MATH 220 2024 Spr grade W; next=No Further Course; outcome=withdraw,1,0,,,,,,,,,,,,,,
2233,2023 Spring Semester,2023 Spr,900000178,MATH,106,MATH 106,VANCO,W,,900000178,MATH 106,2023 Spr,2233,1,W,,withdraw,0,30,gateway,algebra,2233,0,1,0,0,0,0,,,MATH 171,2237,pass,1,forward,2,0,0,2257,2.0,2,all_attempts,immediate_next_course_family,course_sort_order,SDW STRM YYYT,1,MATH 106,MATH 171,1,course,Advanced / Changed Course,MATH 106 2023 Spr grade W; next=MATH 171; outcome=withdraw,1,1,900000178-path-1,MATH 220 (Repeat 1),forward_from_first_math,MATH 106,MATH 171,MATH 172,MATH 220,,,MATH 220 (Repeat 1),1,Repeat/Stopout Risk,2233,900000178: MATH 106 -> MATH 171 -> MATH 172 -> MATH 220 -> MATH 220 (Repeat 1)
2237,2023 Fall Semester,2023 Fall,900000178,MATH,171,MATH 171,VANCO,C,2.0,900000178,MATH 171,2023 Fall,2237,1,C,2.0,pass,1,50,gateway,calculus,2233,2,2,1,0,1,0,MATH 106,2233,MATH 172,2243,pass,1,forward,1,0,0,2257,2.0,2,all_attempts,immediate_next_course_family,course_sort_order,SDW STRM YYYT,1,MATH 171,MATH 172,1,course,Advanced / Changed Course,MATH 171 2023 Fall grade C; next=MATH 172; outcome=pass,1,0,,,,,,,,,,,,,,
2243,2024 Spring Semester,2024 Spr,900000178,MATH,172,MATH 172,VANCO,A,4.0,900000178,MATH 172,2024 Spr,2243,1,A,4.0,pass,1,60,advanced,calculus,2233,3,3,2,0,1,0,MATH 171,2237,MATH 220,2245,fail,0,forward,1,0,0,2257,2.0,2,all_attempts,immediate_next_course_family,course_sort_order,SDW STRM YYYT,1,MATH 172,MATH 220,1,course,Advanced / Changed Course,MATH 172 2024 Spr grade A; next=MATH 220; outcome=pass,1,0,,,,,,,,,,,,,,
2245,2024 Summer Semester,2024 Sum,900000178,MATH,220,MATH 220,VANCO,F,0.0,900000178,MATH 220,2024 Sum,2245,1,F,0.0,fail,0,100,advanced,linear_algebra,2233,4,4,3,0,1,0,MATH 172,2243,MATH 220,2247,fail,0,repeat,1,0,0,2257,2.0,2,all_attempts,immediate_next_course_family,course_sort_order,SDW STRM YYYT,1,MATH 220,MATH 220,1,repeat,Repeated Same Course,MATH 220 2024 Sum grade F; next=MATH 220; outcome=fail,1,0,,,,,,,,,,,,,,
2247,2024 Fall Semester,2024 Fall,900000178,MATH,220,MATH 220,VANCO,F,0.0,900000178,MATH 220,2024 Fall,2247,2,F,0.0,fail,0,100,advanced,linear_algebra,2233,5,5,4,1,1,1,MATH 220,2245,,,,,terminal,,1,0,2257,2.0,2,all_attempts,immediate_next_course_family,course_sort_order,SDW STRM YYYT,1,MATH 220,No Further Course,1,target,No Further Course,MATH 220 2024 Fall grade F; next=No Further Course; outcome=fail,2,0,,,,,,,,,,,,,,
2227,2022 Fall Semester,2022 Fall,900000179,MATH,171,MATH 171,PULLM,W,,900000179,MATH 171,2022 Fall,2227,1,W,,withdraw,0,50,gateway,calculus,2227,0,1,0,0,0,0,,,MATH 171,2233,pass,1,repeat,1,0,0,2257,2.0,2,all_attempts,immediate_next_course_family,course_sort_order,SDW STRM YYYT,1,MATH 171,MATH 171,1,repeat,Repeated Same Course,MATH 171 2022 Fall grade W; next=MATH 171; outcome=withdraw,1,1,900000179-path-1,MATH 220 (Repeat 1),forward_from_first_math,MATH 171,MATH 171 (Repeat 1),MATH 172,MATH 172 (Repeat 1),MATH 216,MATH 216 (Repeat 1),MATH 220 (Repeat 1),1,Repeat/Stopout Risk,2227,900000179: MATH 171 -> MATH 171 (Repeat 1) -> MATH 172 -> MATH 172 (Repeat 1) -> MATH 216 -> MATH 216 (Repeat 1) -> MATH 220 (Repeat 1)
2233,2023 Spring Semester,2023 Spr,900000179,MATH,171,MATH 171,PULLM,A,4.0,900000179,MATH 171,2023 Spr,2233,2,A,4.0,pass,1,50,gateway,calculus,2227,1,2,1,0,1,1,MATH 171,2227,MATH 172,2235,fail,0,forward,1,0,0,2257,2.0,2,all_attempts,immediate_next_course_family,course_sort_order,SDW STRM YYYT,1,MATH 171,MATH 172,1,course,Advanced / Changed Course,MATH 171 2023 Spr grade A; next=MATH 172; outcome=pass,2,0,,,,,,,,,,,,,,
2235,2023 Summer Semester,2023 Sum,900000179,MATH,172,MATH 172,PULLM,C-,1.7,900000179,MATH 172,2023 Sum,2235,1,C-,1.7,fail,0,60,advanced,calculus,2227,2,3,2,0,1,0,MATH 171,2233,MATH 172,2237,pass,1,repeat,1,0,0,2257,2.0,2,all_attempts,immediate_next_course_family,course_sort_order,SDW STRM YYYT,1,MATH 172,MATH 172,1,repeat,Repeated Same Course,MATH 172 2023 Sum grade C-; next=MATH 172; outcome=fail,1,0,,,,,,,,,,,,,,
2237,2023 Fall Semester,2023 Fall,900000179,MATH,172,MATH 172,PULLM,C,2.0,900000179,MATH 172,2023 Fall,2237,2,C,2.0,pass,1,60,advanced,calculus,2227,3,4,3,1,1,1,MATH 172,2235,MATH 216,2243,fail,0,forward,1,0,0,2257,2.0,2,all_attempts,immediate_next_course_family,course_sort_order,SDW STRM YYYT,1,MATH 172,MATH 216,1,course,Advanced / Changed Course,MATH 172 2023 Fall grade C; next=MATH 216; outcome=pass,2,0,,,,,,,,,,,,,,
2243,2024 Spring Semester,2024 Spr,900000179,MATH,216,MATH 216,PULLM,F,0.0,900000179,MATH 216,2024 Spr,2243,1,F,0.0,fail,0,90,advanced,calculus,2227,4,5,4,1,1,0,MATH 172,2237,MATH 216,2245,pass,1,repeat,1,0,0,2257,2.0,2,all_attempts,immediate_next_course_family,course_sort_order,SDW STRM YYYT,1,MATH 216,MATH 216,1,repeat,Repeated Same Course,MATH 216 2024 Spr grade F; next=MATH 216; outcome=fail,1,0,,,,,,,,,,,,,,
2245,2024 Summer Semester,2024 Sum,900000179,MATH,216,MATH 216,PULLM,A-,3.7,900000179,MATH 216,2024 Sum,2245,2,A-,3.7,pass,1,90,advanced,calculus,2227,5,6,5,2,1,1,MATH 216,2243,MATH 220,2247,fail,0,forward,1,0,0,2257,2.0,2,all_attempts,immediate_next_course_family,course_sort_order,SDW STRM YYYT,1,MATH 216,MATH 220,1,course,Advanced / Changed Course,MATH 216 2024 Sum grade A-; next=MATH 220; outcome=pass,2,0,,,,,,,,,,,,,,
2247,2024 Fall Semester,2024 Fall,900000179,MATH,220,MATH 220,PULLM,C-,1.7,900000179,MATH 220,2024 Fall,2247,1,C-,1.7,fail,0,100,advanced,linear_algebra,2227,6,7,6,2,1,0,MATH 216,2245,MATH 220,2253,withdraw,0,repeat,1,0,0,2257,2.0,2,all_attempts,immediate_next_course_family,course_sort_order,SDW STRM YYYT,1,MATH 220,MATH 220,1,repeat,Repeated Same Course,MATH 220 2024 Fall grade C-; next=MATH 220; outcome=fail,1,0,,,,,,,,,,,,,,
2253,2025 Spring Semester,2025 Spr,900000179,MATH,220,MATH 220,PULLM,W,,900000179,MATH 220,2025 Spr,2253,2,W,,withdraw,0,100,advanced,linear_algebra,2227,7,8,7,3,1,1,MATH 220,2247,,,,,terminal,,0,1,2257,2.0,2,all_attempts,immediate_next_course_family,course_sort_order,SDW STRM YYYT,0,MATH 220,,1,target,Censored Recent Term,MATH 220 2025 Spr grade W; next=censored; outcome=withdraw,2,0,,,,,,,,,,,,,,
2233,2023 Spring Semester,2023 Spr,900000180,MATH,100,MATH 100,PULLM,F,0.0,900000180,MATH 100,2023 Spr,2233,1,F,0.0,fail,0,10,developmental,algebra,2233,0,1,0,0,0,0,,,MATH 100,2235,pass,1,repeat,1,0,0,2257,2.0,2,all_attempts,immediate_next_course_family,course_sort_order,SDW STRM YYYT,1,MATH 100,MATH 100,1,repeat,Repeated Same Course,MATH 100 2023 Spr grade F; next=MATH 100; outcome=fail,1,1,900000180-path-1,MATH 171,forward_from_first_math,MATH 100,MATH 100 (Repeat 1),MATH 103,MATH 103 (Repeat 1),MATH 106,,MATH 171,1,Repeat/Stopout Risk,2233,900000180: MATH 100 -> MATH 100 (Repeat 1) -> MATH 103 -> MATH 103 (Repeat 1) -> MATH 106 -> MATH 171
2235,2023 Summer Semester,2023 Sum,900000180,MATH,100,MATH 100,PULLM,C+,2.3,900000180,MATH 100,2023 Sum,2235,2,C+,2.3,pass,1,10,developmental,algebra,2233,1,2,1,1,0,1,MATH 100,2233,MATH 103,2237,fail,0,forward,1,0,0,2257,2.0,2,all_attempts,immediate_next_course_family,course_sort_order,SDW STRM YYYT,1,MATH 100,MATH 103,1,course,Advanced / Changed Course,MATH 100 2023 Sum grade C+; next=MATH 103; outcome=pass,2,0,,,,,,,,,,,,,,
2237,2023 Fall Semester,2023 Fall,900000180,MATH,103,MATH 103,PULLM,C-,1.7,900000180,MATH 103,2023 Fall,2237,1,C-,1.7,fail,0,20,gateway,algebra,2233,2,3,2,1,0,0,MATH 100,2235,MATH 103,2243,withdraw,0,repeat,1,0,0,2257,2.0,2,all_attempts,immediate_next_course_family,course_sort_order,SDW STRM YYYT,1,MATH 103,MATH 103,1,repeat,Repeated Same Course,MATH 103 2023 Fall grade C-; next=MATH 103; outcome=fail,1,0,,,,,,,,,,,,,,
2243,2024 Spring Semester,2024 Spr,900000180,MATH,103,MATH 103,PULLM,W,,900000180,MATH 103,2024 Spr,2243,2,W,,withdraw,0,20,gateway,algebra,2233,3,4,3,2,0,1,MATH 103,2237,MATH 106,2245,fail,0,forward,1,0,0,2257,2.0,2,all_attempts,immediate_next_course_family,course_sort_order,SDW STRM YYYT,1,MATH 103,MATH 106,1,course,Advanced / Changed Course,MATH 103 2024 Spr grade W; next=MATH 106; outcome=withdraw,2,0,,,,,,,,,,,,,,
2245,2024 Summer Semester,2024 Sum,900000180,MATH,106,MATH 106,PULLM,F,0.0,900000180,MATH 106,2024 Sum,2245,1,F,0.0,fail,0,30,gateway,algebra,2233,4,5,4,2,1,0,MATH 103,2243,MATH 171,2247,fail,0,forward,1,0,0,2257,2.0,2,all_attempts,immediate_next_course_family,course_sort_order,SDW STRM YYYT,1,MATH 106,MATH 171,1,course,Advanced / Changed Course,MATH 106 2024 Sum grade F; next=MATH 171; outcome=fail,1,0,,,,,,,,,,,,,,
2247,2024 Fall Semester,2024 Fall,900000180,MATH,171,MATH 171,PULLM,F,0.0,900000180,MATH 171,2024 Fall,2247,1,F,0.0,fail,0,50,gateway,calculus,2233,5,6,5,3,1,0,MATH 106,2245,,,,,terminal,,1,0,2257,2.0,2,all_attempts,immediate_next_course_family,course_sort_order,SDW STRM YYYT,1,MATH 171,No Further Course,1,course,No Further Course,MATH 171 2024 Fall grade F; next=No Further Course; outcome=fail,1,0,,,,,,,,,,,,,,
2227,2022 Fall Semester,2022 Fall,900000181,MATH,103,MATH 103,PULLM,B,3.0,900000181,MATH 103,2022 Fall,2227,1,B,3.0,pass,1,20,gateway,algebra,2227,0,1,0,0,0,0,,,MATH 106,2233,fail,0,forward,1,0,0,2257,2.0,2,all_attempts,immediate_next_course_family,course_sort_order,SDW STRM YYYT,1,MATH 103,MATH 106,1,course,Advanced / Changed Course,MATH 103 2022 Fall grade B; next=MATH 106; outcome=pass,1,1,900000181-path-1,MATH 220,forward_from_first_math,MATH 103,MATH 106,MATH 108,MATH 108 (Repeat 1),,,MATH 220,1,Completed/Persisted,2227,900000181: MATH 103 -> MATH 106 -> MATH 108 -> MATH 108 (Repeat 1) -> MATH 220
2233,2023 Spring Semester,2023 Spr,900000181,MATH,106,MATH 106,PULLM,F,0.0,900000181,MATH 106,2023 Spr,2233,1,F,0.0,fail,0,30,gateway,algebra,2227,1,2,1,0,0,0,MATH 103,2227,MATH 108,2237,withdraw,0,forward,2,0,0,2257,2.0,2,all_attempts,immediate_next_course_family,course_sort_order,SDW STRM YYYT,1,MATH 106,MATH 108,1,course,Advanced / Changed Course,MATH 106 2023 Spr grade F; next=MATH 108; outcome=fail,1,0,,,,,,,,,,,,,,
2237,2023 Fall Semester,2023 Fall,900000181,MATH,108,MATH 108,PULLM,W,,900000181,MATH 108,2023 Fall,2237,1,W,,withdraw,0,40,gateway,business_quant,2227,3,3,2,1,0,0,MATH 106,2233,MATH 108,2245,fail,0,repeat,2,0,0,2257,2.0,2,all_attempts,immediate_next_course_family,course_sort_order,SDW STRM YYYT,1,MATH 108,MATH 108,1,repeat,Repeated Same Course,MATH 108 2023 Fall grade W; next=MATH 108; outcome=withdraw,1,0,,,,,,,,,,,,,,
2245,2024 Summer Semester,2024 Sum,900000181,MATH,108,MATH 108,PULLM,D,1.0,900000181,MATH 108,2024 Sum,2245,2,D,1.0,fail,0,40,gateway,business_quant,2227,5,4,3,1,1,1,MATH 108,2237,MATH 220,2247,pass,1,forward,1,0,0,2257,2.0,2,all_attempts,immediate_next_course_family,course_sort_order,SDW STRM YYYT,1,MATH 108,MATH 220,1,course,Advanced / Changed Course,MATH 108 2024 Sum grade D; next=MATH 220; outcome=fail,2,0,,,,,,,,,,,,,,
2247,2024 Fall Semester,2024 Fall,900000181,MATH,220,MATH 220,PULLM,B,3.0,900000181,MATH 220,2024 Fall,2247,1,B,3.0,pass,1,100,advanced,linear_algebra,2227,6,5,4,2,1,0,MATH 108,2245,,,,,terminal,,1,0,2257,2.0,2,all_attempts,immediate_next_course_family,course_sort_order,SDW STRM YYYT,1,MATH 220,No Further Course,1,target,No Further Course,MATH 220 2024 Fall grade B; next=No Further Course; outcome=pass,1,0,,,,,,,,,,,,,,
2233,2023 Spring Semester,2023 Spr,900000182,MATH,106,MATH 106,PULLM,W,,900000182,MATH 106,2023 Spr,2233,1,W,,withdraw,0,30,gateway,algebra,2233,0,1,0,0,0,0,,,MATH 171,2237,fail,0,forward,2,0,0,2257,2.0,2,all_attempts,immediate_next_course_family,course_sort_order,SDW STRM YYYT,1,MATH 106,MATH 171,1,course,Advanced / Changed Course,MATH 106 2023 Spr grade W; next=MATH 171; outcome=withdraw,1,1,900000182-path-1,MATH 220,forward_from_first_math,MATH 106,MATH 171,MATH 171 (Repeat 1),MATH 172,,,MATH 220,1,Repeat/Stopout Risk,2233,900000182: MATH 106 -> MATH 171 -> MATH 171 (Repeat 1) -> MATH 172 -> MATH 220
2237,2023 Fall Semester,2023 Fall,900000182,MATH,171,MATH 171,PULLM,F,0.0,900000182,MATH 171,2023 Fall,2237,1,F,0.0,fail,0,50,gateway,calculus,2233,2,2,1,0,1,0,MATH 106,2233,MATH 171,2243,pass,1,repeat,1,0,0,2257,2.0,2,all_attempts,immediate_next_course_family,course_sort_order,SDW STRM YYYT,1,MATH 171,MATH 171,1,repeat,Repeated Same Course,MATH 171 2023 Fall grade F; next=MATH 171; outcome=fail,1,0,,,,,,,,,,,,,,
2243,2024 Spring Semester,2024 Spr,900000182,MATH,171,MATH 171,PULLM,C+,2.3,900000182,MATH 171,2024 Spr,2243,2,C+,2.3,pass,1,50,gateway,calculus,2233,3,3,2,1,1,1,MATH 171,2237,MATH 172,2245,pass,1,forward,1,0,0,2257,2.0,2,all_attempts,immediate_next_course_family,course_sort_order,SDW STRM YYYT,1,MATH 171,MATH 172,1,course,Advanced / Changed Course,MATH 171 2024 Spr grade C+; next=MATH 172; outcome=pass,2,0,,,,,,,,,,,,,,
2245,2024 Summer Semester,2024 Sum,900000182,MATH,172,MATH 172,PULLM,C,2.0,900000182,MATH 172,2024 Sum,2245,1,C,2.0,pass,1,60,advanced,calculus,2233,4,4,3,1,1,0,MATH 171,2243,MATH 220,2247,fail,0,forward,1,0,0,2257,2.0,2,all_attempts,immediate_next_course_family,course_sort_order,SDW STRM YYYT,1,MATH 172,MATH 220,1,course,Advanced / Changed Course,MATH 172 2024 Sum grade C; next=MATH 220; outcome=pass,1,0,,,,,,,,,,,,,,
2247,2024 Fall Semester,2024 Fall,900000182,MATH,220,MATH 220,PULLM,D+,1.3,900000182,MATH 220,2024 Fall,2247,1,D+,1.3,fail,0,100,advanced,linear_algebra,2233,5,5,4,1,1,0,MATH 172,2245,,,,,terminal,,1,0,2257,2.0,2,all_attempts,immediate_next_course_family,course_sort_order,SDW STRM YYYT,1,MATH 220,No Further Course,1,target,No Further Course,MATH 220 2024 Fall grade D+; next=No Further Course; outcome=fail,1,0,,,,,,,,,,,,,,
2227,2022 Fall Semester,2022 Fall,900000183,MATH,220,MATH 220,GLOBAL,D,1.0,900000183,MATH 220,2022 Fall,2227,1,D,1.0,fail,0,100,advanced,linear_algebra,2227,0,1,0,0,0,0,,,MATH 220,2235,fail,0,repeat,2,0,0,2257,2.0,2,all_attempts,immediate_next_course_family,course_sort_order,SDW STRM YYYT,1,MATH 220,MATH 220,1,repeat,Repeated Same Course,MATH 220 2022 Fall grade D; next=MATH 220; outcome=fail,1,1,900000183-path-1,MATH 220 (Repeat 2),forward_from_first_math,MATH 220,MATH 220 (Repeat 1),,,,,MATH 220 (Repeat 2),1,Completed/Persisted,2227,900000183: MATH 220 -> MATH 220 (Repeat 1) -> MATH 220 (Repeat 2)
2235,2023 Summer Semester,2023 Sum,900000183,MATH,220,MATH 220,GLOBAL,C-,1.7,900000183,MATH 220,2023 Sum,2235,2,C-,1.7,fail,0,100,advanced,linear_algebra,2227,2,2,1,1,0,1,MATH 220,2227,MATH 220,2237,pass,1,repeat,1,0,0,2257,2.0,2,all_attempts,immediate_next_course_family,course_sort_order,SDW STRM YYYT,1,MATH 220,MATH 220,1,repeat,Repeated Same Course,MATH 220 2023 Sum grade C-; next=MATH 220; outcome=fail,2,0,,,,,,,,,,,,,,
2237,2023 Fall Semester,2023 Fall,900000183,MATH,220,MATH 220,GLOBAL,B,3.0,900000183,MATH 220,2023 Fall,2237,3,B,3.0,pass,1,100,advanced,linear_algebra,2227,3,3,2,2,0,1,MATH 220,2235,,,,,terminal,,1,0,2257,2.0,2,all_attempts,immediate_next_course_family,course_sort_order,SDW STRM YYYT,1,MATH 220,No Further Course,1,target,No Further Course,MATH 220 2023 Fall grade B; next=No Further Course; outcome=pass,3,0,,,,,,,,,,,,,,
2227,2022 Fall Semester,2022 Fall,900000184,MATH,140,MATH 140,PULLM,D,1.0,900000184,MATH 140,2022 Fall,2227,1,D,1.0,fail,0,45,gateway,statistics,2227,0,1,0,0,0,0,,,MATH 140,2235,pass,1,repeat,2,0,0,2257,2.0,2,all_attempts,immediate_next_course_family,course_sort_order,SDW STRM YYYT,1,MATH 140,MATH 140,1,repeat,Repeated Same Course,MATH 140 2022 Fall grade D; next=MATH 140; outcome=fail,1,1,900000184-path-1,MATH 202,forward_from_first_math,MATH 140,MATH 140 (Repeat 1),MATH 201,,,,MATH 202,1,Completed/Persisted,2227,900000184: MATH 140 -> MATH 140 (Repeat 1) -> MATH 201 -> MATH 202
2235,2023 Summer Semester,2023 Sum,900000184,MATH,140,MATH 140,PULLM,B,3.0,900000184,MATH 140,2023 Sum,2235,2,B,3.0,pass,1,45,gateway,statistics,2227,2,2,1,1,0,1,MATH 140,2227,MATH 201,2237,pass,1,forward,1,0,0,2257,2.0,2,all_attempts,immediate_next_course_family,course_sort_order,SDW STRM YYYT,1,MATH 140,MATH 201,1,course,Advanced / Changed Course,MATH 140 2023 Sum grade B; next=MATH 201; outcome=pass,2,0,,,,,,,,,,,,,,
2237,2023 Fall Semester,2023 Fall,900000184,MATH,201,MATH 201,PULLM,B-,2.7,900000184,MATH 201,2023 Fall,2237,1,B-,2.7,pass,1,70,advanced,quantitative_reasoning,2227,3,3,2,1,0,0,MATH 140,2235,MATH 202,2245,pass,1,forward,2,0,0,2257,2.0,2,all_attempts,immediate_next_course_family,course_sort_order,SDW STRM YYYT,1,MATH 201,MATH 202,1,course,Advanced / Changed Course,MATH 201 2023 Fall grade B-; next=MATH 202; outcome=pass,1,0,,,,,,,,,,,,,,
2245,2024 Summer Semester,2024 Sum,900000184,MATH,202,MATH 202,PULLM,A,4.0,900000184,MATH 202,2024 Sum,2245,1,A,4.0,pass,1,80,advanced,quantitative_reasoning,2227,5,4,3,1,0,0,MATH 201,2237,,,,,terminal,,1,0,2257,2.0,2,all_attempts,immediate_next_course_family,course_sort_order,SDW STRM YYYT,1,MATH 202,No Further Course,1,course,No Further Course,MATH 202 2024 Sum grade A; next=No Further Course; outcome=pass,1,0,,,,,,,,,,,,,,
2233,2023 Spring Semester,2023 Spr,900000185,MATH,140,MATH 140,PULLM,B-,2.7,900000185,MATH 140,2023 Spr,2233,1,B-,2.7,pass,1,45,gateway,statistics,2233,0,1,0,0,0,0,,,MATH 201,2235,fail,0,forward,1,0,0,2257,2.0,2,all_attempts,immediate_next_course_family,course_sort_order,SDW STRM YYYT,1,MATH 140,MATH 201,1,course,Advanced / Changed Course,MATH 140 2023 Spr grade B-; next=MATH 201; outcome=pass,1,1,900000185-path-1,MATH 202,forward_from_first_math,MATH 140,MATH 201,,,,,MATH 202,1,Completed/Persisted,2233,900000185: MATH 140 -> MATH 201 -> MATH 202
2235,2023 Summer Semester,2023 Sum,900000185,MATH,201,MATH 201,PULLM,C-,1.7,900000185,MATH 201,2023 Sum,2235,1,C-,1.7,fail,0,70,advanced,quantitative_reasoning,2233,1,2,1,0,0,0,MATH 140,2233,MATH 202,2243,pass,1,forward,2,0,0,2257,2.0,2,all_attempts,immediate_next_course_family,course_sort_order,SDW STRM YYYT,1,MATH 201,MATH 202,1,course,Advanced / Changed Course,MATH 201 2023 Sum grade C-; next=MATH 202; outcome=fail,1,0,,,,,,,,,,,,,,
2243,2024 Spring Semester,2024 Spr,900000185,MATH,202,MATH 202,PULLM,C,2.0,900000185,MATH 202,2024 Spr,2243,1,C,2.0,pass,1,80,advanced,quantitative_reasoning,2233,3,3,2,1,0,0,MATH 201,2235,,,,,terminal,,1,0,2257,2.0,2,all_attempts,immediate_next_course_family,course_sort_order,SDW STRM YYYT,1,MATH 202,No Further Course,1,course,No Further Course,MATH 202 2024 Spr grade C; next=No Further Course; outcome=pass,1,0,,,,,,,,,,,,,,
2233,2023 Spring Semester,2023 Spr,900000186,MATH,140,MATH 140,SPOKA,D,1.0,900000186,MATH 140,2023 Spr,2233,1,D,1.0,fail,0,45,gateway,statistics,2233,0,1,0,0,0,0,,,MATH 140,2235,pass,1,repeat,1,0,0,2257,2.0,2,all_attempts,immediate_next_course_family,course_sort_order,SDW STRM YYYT,1,MATH 140,MATH 140,1,repeat,Repeated Same Course,MATH 140 2023 Spr grade D; next=MATH 140; outcome=fail,1,1,900000186-path-1,MATH 202 (Repeat 1),forward_from_first_math,MATH 140,MATH 140 (Repeat 1),MATH 201,MATH 201 (Repeat 1),MATH 202,,MATH 202 (Repeat 1),1,Completed/Persisted,2233,900000186: MATH 140 -> MATH 140 (Repeat 1) -> MATH 201 -> MATH 201 (Repeat 1) -> MATH 202 -> MATH 202 (Repeat 1)
2235,2023 Summer Semester,2023 Sum,900000186,MATH,140,MATH 140,SPOKA,B,3.0,900000186,MATH 140,2023 Sum,2235,2,B,3.0,pass,1,45,gateway,statistics,2233,1,2,1,1,0,1,MATH 140,2233,MATH 201,2237,withdraw,0,forward,1,0,0,2257,2.0,2,all_attempts,immediate_next_course_family,course_sort_order,SDW STRM YYYT,1,MATH 140,MATH 201,1,course,Advanced / Changed Course,MATH 140 2023 Sum grade B; next=MATH 201; outcome=pass,2,0,,,,,,,,,,,,,,
2237,2023 Fall Semester,2023 Fall,900000186,MATH,201,MATH 201,SPOKA,W,,900000186,MATH 201,2023 Fall,2237,1,W,,withdraw,0,70,advanced,quantitative_reasoning,2233,2,3,2,1,0,0,MATH 140,2235,MATH 201,2245,pass,1,repeat,2,0,0,2257,2.0,2,all_attempts,immediate_next_course_family,course_sort_order,SDW STRM YYYT,1,MATH 201,MATH 201,1,repeat,Repeated Same Course,MATH 201 2023 Fall grade W; next=MATH 201; outcome=withdraw,1,0,,,,,,,,,,,,,,
2245,2024 Summer Semester,2024 Sum,900000186,MATH,201,MATH 201,SPOKA,C,2.0,900000186,MATH 201,2024 Sum,2245,2,C,2.0,pass,1,70,advanced,quantitative_reasoning,2233,4,4,3,1,1,1,MATH 201,2237,MATH 202,2253,fail,0,forward,2,0,0,2257,2.0,2,all_attempts,immediate_next_course_family,course_sort_order,SDW STRM YYYT,1,MATH 201,MATH 202,1,course,Advanced / Changed Course,MATH 201 2024 Sum grade C; next=MATH 202; outcome=pass,2,0,,,,,,,,,,,,,,
2253,2025 Spring Semester,2025 Spr,900000186,MATH,202,MATH 202,SPOKA,F,0.0,900000186,MATH 202,2025 Spr,2253,1,F,0.0,fail,0,80,advanced,quantitative_reasoning,2233,6,5,4,1,1,0,MATH 201,2245,MATH 202,2257,pass,1,repeat,1,0,0,2257,2.0,2,all_attempts,immediate_next_course_family,course_sort_order,SDW STRM YYYT,1,MATH 202,MATH 202,1,repeat,Repeated Same Course,MATH 202 2025 Spr grade F; next=MATH 202; outcome=fail,1,0,,,,,,,,,,,,,,
2257,2025 Fall Semester,2025 Fall,900000186,MATH,202,MATH 202,SPOKA,C+,2.3,900000186,MATH 202,2025 Fall,2257,2,C+,2.3,pass,1,80,advanced,quantitative_reasoning,2233,7,6,5,2,1,1,MATH 202,2253,,,,,terminal,,0,1,2257,2.0,2,all_attempts,immediate_next_course_family,course_sort_order,SDW STRM YYYT,0,MATH 202,,1,course,Censored Recent Term,MATH 202 2025 Fall grade C+; next=censored; outcome=pass,2,0,,,,,,,,,,,,,,
2233,2023 Spring Semester,2023 Spr,900000187,MATH,106,MATH 106,PULLM,B-,2.7,900000187,MATH 106,2023 Spr,2233,1,B-,2.7,pass,1,30,gateway,algebra,2233,0,1,0,0,0,0,,,MATH 171,2235,pass,1,forward,1,0,0,2257,2.0,2,all_attempts,immediate_next_course_family,course_sort_order,SDW STRM YYYT,1,MATH 106,MATH 171,1,course,Advanced / Changed Course,MATH 106 2023 Spr grade B-; next=MATH 171; outcome=pass,1,1,900000187-path-1,MATH 220,forward_from_first_math,MATH 106,MATH 171,MATH 172,,,,MATH 220,1,Completed/Persisted,2233,900000187: MATH 106 -> MATH 171 -> MATH 172 -> MATH 220
2235,2023 Summer Semester,2023 Sum,900000187,MATH,171,MATH 171,PULLM,C,2.0,900000187,MATH 171,2023 Sum,2235,1,C,2.0,pass,1,50,gateway,calculus,2233,1,2,1,0,0,0,MATH 106,2233,MATH 172,2237,pass,1,forward,1,0,0,2257,2.0,2,all_attempts,immediate_next_course_family,course_sort_order,SDW STRM YYYT,1,MATH 171,MATH 172,1,course,Advanced / Changed Course,MATH 171 2023 Sum grade C; next=MATH 172; outcome=pass,1,0,,,,,,,,,,,,,,
2237,2023 Fall Semester,2023 Fall,900000187,MATH,172,MATH 172,PULLM,C,2.0,900000187,MATH 172,2023 Fall,2237,1,C,2.0,pass,1,60,advanced,calculus,2233,2,3,2,0,0,0,MATH 171,2235,MATH 220,2243,pass,1,forward,1,0,0,2257,2.0,2,all_attempts,immediate_next_course_family,course_sort_order,SDW STRM YYYT,1,MATH 172,MATH 220,1,course,Advanced / Changed Course,MATH 172 2023 Fall grade C; next=MATH 220; outcome=pass,1,0,,,,,,,,,,,,,,
2243,2024 Spring Semester,2024 Spr,900000187,MATH,220,MATH 220,PULLM,B+,3.3,900000187,MATH 220,2024 Spr,2243,1,B+,3.3,pass,1,100,advanced,linear_algebra,2233,3,4,3,0,0,0,MATH 172,2237,,,,,terminal,,1,0,2257,2.0,2,all_attempts,immediate_next_course_family,course_sort_order,SDW STRM YYYT,1,MATH 220,No Further Course,1,target,No Further Course,MATH 220 2024 Spr grade B+; next=No Further Course; outcome=pass,1,0,,,,,,,,,,,,,,
2235,2023 Summer Semester,2023 Sum,900000188,MATH,220,MATH 220,PULLM,B+,3.3,900000188,MATH 220,2023 Sum,2235,1,B+,3.3,pass,1,100,advanced,linear_algebra,2235,0,1,0,0,0,0,,,,,,,terminal,,1,0,2257,2.0,2,all_attempts,immediate_next_course_family,course_sort_order,SDW STRM YYYT,1,MATH 220,No Further Course,1,target,No Further Course,MATH 220 2023 Sum grade B+; next=No Further Course; outcome=pass,1,1,900000188-path-1,No Further Course,forward_from_first_math,MATH 220,,,,,,No Further Course,1,Completed/Persisted,2235,900000188: MATH 220 -> No Further Course
2227,2022 Fall Semester,2022 Fall,900000189,MATH,140,MATH 140,GLOBAL,C,2.0,900000189,MATH 140,2022 Fall,2227,1,C,2.0,pass,1,45,gateway,statistics,2227,0,1,0,0,0,0,,,MATH 201,2235,pass,1,forward,2,0,0,2257,2.0,2,all_attempts,immediate_next_course_family,course_sort_order,SDW STRM YYYT,1,MATH 140,MATH 201,1,course,Advanced / Changed Course,MATH 140 2022 Fall grade C; next=MATH 201; outcome=pass,1,1,900000189-path-1,MATH 202,forward_from_first_math,MATH 140,MATH 201,,,,,MATH 202,1,Repeat/Stopout Risk,2227,900000189: MATH 140 -> MATH 201 -> MATH 202
2235,2023 Summer Semester,2023 Sum,900000189,MATH,201,MATH 201,GLOBAL,B-,2.7,900000189,MATH 201,2023 Sum,2235,1,B-,2.7,pass,1,70,advanced,quantitative_reasoning,2227,2,2,1,0,0,0,MATH 140,2227,MATH 202,2237,withdraw,0,forward,1,0,0,2257,2.0,2,all_attempts,immediate_next_course_family,course_sort_order,SDW STRM YYYT,1,MATH 201,MATH 202,1,course,Advanced / Changed Course,MATH 201 2023 Sum grade B-; next=MATH 202; outcome=pass,1,0,,,,,,,,,,,,,,
2237,2023 Fall Semester,2023 Fall,900000189,MATH,202,MATH 202,GLOBAL,W,,900000189,MATH 202,2023 Fall,2237,1,W,,withdraw,0,80,advanced,quantitative_reasoning,2227,3,3,2,0,0,0,MATH 201,2235,,,,,terminal,,1,0,2257,2.0,2,all_attempts,immediate_next_course_family,course_sort_order,SDW STRM YYYT,1,MATH 202,No Further Course,1,course,No Further Course,MATH 202 2023 Fall grade W; next=No Further Course; outcome=withdraw,1,0,,,,,,,,,,,,,,
2233,2023 Spring Semester,2023 Spr,900000190,MATH,103,MATH 103,GLOBAL,C,2.0,900000190,MATH 103,2023 Spr,2233,1,C,2.0,pass,1,20,gateway,algebra,2233,0,1,0,0,0,0,,,MATH 106,2235,pass,1,forward,1,0,0,2257,2.0,2,all_attempts,immediate_next_course_family,course_sort_order,SDW STRM YYYT,1,MATH 103,MATH 106,1,course,Advanced / Changed Course,MATH 103 2023 Spr grade C; next=MATH 106; outcome=pass,1,1,900000190-path-1,MATH 172 (Repeat 1),forward_from_first_math,MATH 103,MATH 106,MATH 171,MATH 172,,,MATH 172 (Repeat 1),1,Completed/Persisted,2233,900000190: MATH 103 -> MATH 106 -> MATH 171 -> MATH 172 -> MATH 172 (Repeat 1)
2235,2023 Summer Semester,2023 Sum,900000190,MATH,106,MATH 106,GLOBAL,A,4.0,900000190,MATH 106,2023 Sum,2235,1,A,4.0,pass,1,30,gateway,algebra,2233,1,2,1,0,0,0,MATH 103,2233,MATH 171,2237,pass,1,forward,1,0,0,2257,2.0,2,all_attempts,immediate_next_course_family,course_sort_order,SDW STRM YYYT,1,MATH 106,MATH 171,1,course,Advanced / Changed Course,MATH 106 2023 Sum grade A; next=MATH 171; outcome=pass,1,0,,,,,,,,,,,,,,
2237,2023 Fall Semester,2023 Fall,900000190,MATH,171,MATH 171,GLOBAL,C,2.0,900000190,MATH 171,2023 Fall,2237,1,C,2.0,pass,1,50,gateway,calculus,2233,2,3,2,0,0,0,MATH 106,2235,MATH 172,2243,withdraw,0,forward,1,0,0,2257,2.0,2,all_attempts,immediate_next_course_family,course_sort_order,SDW STRM YYYT,1,MATH 171,MATH 172,1,course,Advanced / Changed Course,MATH 171 2023 Fall grade C; next=MATH 172; outcome=pass,1,0,,,,,,,,,,,,,,
2243,2024 Spring Semester,2024 Spr,900000190,MATH,172,MATH 172,GLOBAL,W,,900000190,MATH 172,2024 Spr,2243,1,W,,withdraw,0,60,advanced,calculus,2233,3,4,3,0,0,0,MATH 171,2237,MATH 172,2245,pass,1,repeat,1,0,0,2257,2.0,2,all_attempts,immediate_next_course_family,course_sort_order,SDW STRM YYYT,1,MATH 172,MATH 172,1,repeat,Repeated Same Course,MATH 172 2024 Spr grade W; next=MATH 172; outcome=withdraw,1,0,,,,,,,,,,,,,,
2245,2024 Summer Semester,2024 Sum,900000190,MATH,172,MATH 172,GLOBAL,A-,3.7,900000190,MATH 172,2024 Sum,2245,2,A-,3.7,pass,1,60,advanced,calculus,2233,4,5,4,0,1,1,MATH 172,2243,,,,,terminal,,1,0,2257,2.0,2,all_attempts,immediate_next_course_family,course_sort_order,SDW STRM YYYT,1,MATH 172,No Further Course,1,course,No Further Course,MATH 172 2024 Sum grade A-; next=No Further Course; outcome=pass,2,0,,,,,,,,,,,,,,
2233,2023 Spring Semester,2023 Spr,900000191,MATH,106,MATH 106,GLOBAL,C,2.0,900000191,MATH 106,2023 Spr,2233,1,C,2.0,pass,1,30,gateway,algebra,2233,0,1,0,0,0,0,,,MATH 171,2235,pass,1,forward,1,0,0,2257,2.0,2,all_attempts,immediate_next_course_family,course_sort_order,SDW STRM YYYT,1,MATH 106,MATH 171,1,course,Advanced / Changed Course,MATH 106 2023 Spr grade C; next=MATH 171; outcome=pass,1,1,900000191-path-1,MATH 220,forward_from_first_math,MATH 106,MATH 171,MATH 172,,,,MATH 220,1,Repeat/Stopout Risk,2233,900000191: MATH 106 -> MATH 171 -> MATH 172 -> MATH 220
2235,2023 Summer Semester,2023 Sum,900000191,MATH,171,MATH 171,GLOBAL,C,2.0,900000191,MATH 171,2023 Sum,2235,1,C,2.0,pass,1,50,gateway,calculus,2233,1,2,1,0,0,0,MATH 106,2233,MATH 172,2237,withdraw,0,forward,1,0,0,2257,2.0,2,all_attempts,immediate_next_course_family,course_sort_order,SDW STRM YYYT,1,MATH 171,MATH 172,1,course,Advanced / Changed Course,MATH 171 2023 Sum grade C; next=MATH 172; outcome=pass,1,0,,,,,,,,,,,,,,
2237,2023 Fall Semester,2023 Fall,900000191,MATH,172,MATH 172,GLOBAL,W,,900000191,MATH 172,2023 Fall,2237,1,W,,withdraw,0,60,advanced,calculus,2233,2,3,2,0,0,0,MATH 171,2235,MATH 220,2243,fail,0,forward,1,0,0,2257,2.0,2,all_attempts,immediate_next_course_family,course_sort_order,SDW STRM YYYT,1,MATH 172,MATH 220,1,course,Advanced / Changed Course,MATH 172 2023 Fall grade W; next=MATH 220; outcome=withdraw,1,0,,,,,,,,,,,,,,
2243,2024 Spring Semester,2024 Spr,900000191,MATH,220,MATH 220,GLOBAL,F,0.0,900000191,MATH 220,2024 Spr,2243,1,F,0.0,fail,0,100,advanced,linear_algebra,2233,3,4,3,0,1,0,MATH 172,2237,,,,,terminal,,1,0,2257,2.0,2,all_attempts,immediate_next_course_family,course_sort_order,SDW STRM YYYT,1,MATH 220,No Further Course,1,target,No Further Course,MATH 220 2024 Spr grade F; next=No Further Course; outcome=fail,1,0,,,,,,,,,,,,,,
2227,2022 Fall Semester,2022 Fall,900000192,MATH,103,MATH 103,VANCO,D+,1.3,900000192,MATH 103,2022 Fall,2227,1,D+,1.3,fail,0,20,gateway,algebra,2227,0,1,0,0,0,0,,,MATH 106,2233,pass,1,forward,1,0,0,2257,2.0,2,all_attempts,immediate_next_course_family,course_sort_order,SDW STRM YYYT,1,MATH 103,MATH 106,1,course,Advanced / Changed Course,MATH 103 2022 Fall grade D+; next=MATH 106; outcome=fail,1,1,900000192-path-1,MATH 220,forward_from_first_math,MATH 103,MATH 106,MATH 108,,,,MATH 220,1,Completed/Persisted,2227,900000192: MATH 103 -> MATH 106 -> MATH 108 -> MATH 220
2233,2023 Spring Semester,2023 Spr,900000192,MATH,106,MATH 106,VANCO,C,2.0,900000192,MATH 106,2023 Spr,2233,1,C,2.0,pass,1,30,gateway,algebra,2227,1,2,1,1,0,0,MATH 103,2227,MATH 108,2235,fail,0,forward,1,0,0,2257,2.0,2,all_attempts,immediate_next_course_family,course_sort_order,SDW STRM YYYT,1,MATH 106,MATH 108,1,course,Advanced / Changed Course,MATH 106 2023 Spr grade C; next=MATH 108; outcome=pass,1,0,,,,,,,,,,,,,,
2235,2023 Summer Semester,2023 Sum,900000192,MATH,108,MATH 108,VANCO,D+,1.3,900000192,MATH 108,2023 Sum,2235,1,D+,1.3,fail,0,40,gateway,business_quant,2227,2,3,2,1,0,0,MATH 106,2233,MATH 220,2237,pass,1,forward,1,0,0,2257,2.0,2,all_attempts,immediate_next_course_family,course_sort_order,SDW STRM YYYT,1,MATH 108,MATH 220,1,course,Advanced / Changed Course,MATH 108 2023 Sum grade D+; next=MATH 220; outcome=fail,1,0,,,,,,,,,,,,,,
2237,2023 Fall Semester,2023 Fall,900000192,MATH,220,MATH 220,VANCO,A-,3.7,900000192,MATH 220,2023 Fall,2237,1,A-,3.7,pass,1,100,advanced,linear_algebra,2227,3,4,3,2,0,0,MATH 108,2235,,,,,terminal,,1,0,2257,2.0,2,all_attempts,immediate_next_course_family,course_sort_order,SDW STRM YYYT,1,MATH 220,No Further Course,1,target,No Further Course,MATH 220 2023 Fall grade A-; next=No Further Course; outcome=pass,1,0,,,,,,,,,,,,,,
2233,2023 Spring Semester,2023 Spr,900000193,MATH,220,MATH 220,PULLM,C-,1.7,900000193,MATH 220,2023 Spr,2233,1,C-,1.7,fail,0,100,advanced,linear_algebra,2233,0,1,0,0,0,0,,,,,,,terminal,,1,0,2257,2.0,2,all_attempts,immediate_next_course_family,course_sort_order,SDW STRM YYYT,1,MATH 220,No Further Course,1,target,No Further Course,MATH 220 2023 Spr grade C-; next=No Further Course; outcome=fail,1,1,900000193-path-1,No Further Course,forward_from_first_math,MATH 220,,,,,,No Further Course,1,Repeat/Stopout Risk,2233,900000193: MATH 220 -> No Further Course
2233,2023 Spring Semester,2023 Spr,900000194,MATH,201,MATH 201,TRIC,B,3.0,900000194,MATH 201,2023 Spr,2233,1,B,3.0,pass,1,70,advanced,quantitative_reasoning,2233,0,1,0,0,0,0,,,MATH 202,2237,fail,0,forward,2,0,0,2257,2.0,2,all_attempts,immediate_next_course_family,course_sort_order,SDW STRM YYYT,1,MATH 201,MATH 202,1,course,Advanced / Changed Course,MATH 201 2023 Spr grade B; next=MATH 202; outcome=pass,1,1,900000194-path-1,MATH 220,forward_from_first_math,MATH 201,MATH 202,,,,,MATH 220,1,Repeat/Stopout Risk,2233,900000194: MATH 201 -> MATH 202 -> MATH 220
2237,2023 Fall Semester,2023 Fall,900000194,MATH,202,MATH 202,TRIC,F,0.0,900000194,MATH 202,2023 Fall,2237,1,F,0.0,fail,0,80,advanced,quantitative_reasoning,2233,2,2,1,0,0,0,MATH 201,2233,MATH 220,2243,fail,0,forward,1,0,0,2257,2.0,2,all_attempts,immediate_next_course_family,course_sort_order,SDW STRM YYYT,1,MATH 202,MATH 220,1,course,Advanced / Changed Course,MATH 202 2023 Fall grade F; next=MATH 220; outcome=fail,1,0,,,,,,,,,,,,,,
2243,2024 Spring Semester,2024 Spr,900000194,MATH,220,MATH 220,TRIC,F,0.0,900000194,MATH 220,2024 Spr,2243,1,F,0.0,fail,0,100,advanced,linear_algebra,2233,3,3,2,1,0,0,MATH 202,2237,,,,,terminal,,1,0,2257,2.0,2,all_attempts,immediate_next_course_family,course_sort_order,SDW STRM YYYT,1,MATH 220,No Further Course,1,target,No Further Course,MATH 220 2024 Spr grade F; next=No Further Course; outcome=fail,1,0,,,,,,,,,,,,,,
2235,2023 Summer Semester,2023 Sum,900000195,MATH,103,MATH 103,PULLM,D+,1.3,900000195,MATH 103,2023 Sum,2235,1,D+,1.3,fail,0,20,gateway,algebra,2235,0,1,0,0,0,0,,,MATH 103,2237,pass,1,repeat,1,0,0,2257,2.0,2,all_attempts,immediate_next_course_family,course_sort_order,SDW STRM YYYT,1,MATH 103,MATH 103,1,repeat,Repeated Same Course,MATH 103 2023 Sum grade D+; next=MATH 103; outcome=fail,1,1,900000195-path-1,MATH 220 (Repeat 1),forward_from_first_math,MATH 103,MATH 103 (Repeat 1),MATH 106,MATH 108,MATH 220,,MATH 220 (Repeat 1),1,Repeat/Stopout Risk,2235,900000195: MATH 103 -> MATH 103 (Repeat 1) -> MATH 106 -> MATH 108 -> MATH 220 -> MATH 220 (Repeat 1)
2237,2023 Fall Semester,2023 Fall,900000195,MATH,103,MATH 103,PULLM,A-,3.7,900000195,MATH 103,2023 Fall,2237,2,A-,3.7,pass,1,20,gateway,algebra,2235,1,2,1,1,0,1,MATH 103,2235,MATH 106,2243,pass,1,forward,1,0,0,2257,2.0,2,all_attempts,immediate_next_course_family,course_sort_order,SDW STRM YYYT,1,MATH 103,MATH 106,1,course,Advanced / Changed Course,MATH 103 2023 Fall grade A-; next=MATH 106; outcome=pass,2,0,,,,,,,,,,,,,,
2243,2024 Spring Semester,2024 Spr,900000195,MATH,106,MATH 106,PULLM,B-,2.7,900000195,MATH 106,2024 Spr,2243,1,B-,2.7,pass,1,30,gateway,algebra,2235,2,3,2,1,0,0,MATH 103,2237,MATH 108,2245,pass,1,forward,1,0,0,2257,2.0,2,all_attempts,immediate_next_course_family,course_sort_order,SDW STRM YYYT,1,MATH 106,MATH 108,1,course,Advanced / Changed Course,MATH 106 2024 Spr grade B-; next=MATH 108; outcome=pass,1,0,,,,,,,,,,,,,,
2245,2024 Summer Semester,2024 Sum,900000195,MATH,108,MATH 108,PULLM,B+,3.3,900000195,MATH 108,2024 Sum,2245,1,B+,3.3,pass,1,40,gateway,business_quant,2235,3,4,3,1,0,0,MATH 106,2243,MATH 220,2247,withdraw,0,forward,1,0,0,2257,2.0,2,all_attempts,immediate_next_course_family,course_sort_order,SDW STRM YYYT,1,MATH 108,MATH 220,1,course,Advanced / Changed Course,MATH 108 2024 Sum grade B+; next=MATH 220; outcome=pass,1,0,,,,,,,,,,,,,,
2247,2024 Fall Semester,2024 Fall,900000195,MATH,220,MATH 220,PULLM,W,,900000195,MATH 220,2024 Fall,2247,1,W,,withdraw,0,100,advanced,linear_algebra,2235,4,5,4,1,0,0,MATH 108,2245,MATH 220,2253,withdraw,0,repeat,1,0,0,2257,2.0,2,all_attempts,immediate_next_course_family,course_sort_order,SDW STRM YYYT,1,MATH 220,MATH 220,1,repeat,Repeated Same Course,MATH 220 2024 Fall grade W; next=MATH 220; outcome=withdraw,1,0,,,,,,,,,,,,,,
2253,2025 Spring Semester,2025 Spr,900000195,MATH,220,MATH 220,PULLM,W,,900000195,MATH 220,2025 Spr,2253,2,W,,withdraw,0,100,advanced,linear_algebra,2235,5,6,5,1,1,1,MATH 220,2247,,,,,terminal,,0,1,2257,2.0,2,all_attempts,immediate_next_course_family,course_sort_order,SDW STRM YYYT,0,MATH 220,,1,target,Censored Recent Term,MATH 220 2025 Spr grade W; next=censored; outcome=withdraw,2,0,,,,,,,,,,,,,,
2227,2022 Fall Semester,2022 Fall,900000196,MATH,220,MATH 220,TRIC,D,1.0,900000196,MATH 220,2022 Fall,2227,1,D,1.0,fail,0,100,advanced,linear_algebra,2227,0,1,0,0,0,0,,,MATH 220,2233,pass,1,repeat,1,0,0,2257,2.0,2,all_attempts,immediate_next_course_family,course_sort_order,SDW STRM YYYT,1,MATH 220,MATH 220,1,repeat,Repeated Same Course,MATH 220 2022 Fall grade D; next=MATH 220; outcome=fail,1,1,900000196-path-1,MATH 220 (Repeat 1),forward_from_first_math,MATH 220,,,,,,MATH 220 (Repeat 1),1,Completed/Persisted,2227,900000196: MATH 220 -> MATH 220 (Repeat 1)
2233,2023 Spring Semester,2023 Spr,900000196,MATH,220,MATH 220,TRIC,A,4.0,900000196,MATH 220,2023 Spr,2233,2,A,4.0,pass,1,100,advanced,linear_algebra,2227,1,2,1,1,0,1,MATH 220,2227,,,,,terminal,,1,0,2257,2.0,2,all_attempts,immediate_next_course_family,course_sort_order,SDW STRM YYYT,1,MATH 220,No Further Course,1,target,No Further Course,MATH 220 2023 Spr grade A; next=No Further Course; outcome=pass,2,0,,,,,,,,,,,,,,
2227,2022 Fall Semester,2022 Fall,900000197,MATH,100,MATH 100,PULLM,C-,1.7,900000197,MATH 100,2022 Fall,2227,1,C-,1.7,fail,0,10,developmental,algebra,2227,0,1,0,0,0,0,,,MATH 103,2233,fail,0,forward,1,0,0,2257,2.0,2,all_attempts,immediate_next_course_family,course_sort_order,SDW STRM YYYT,1,MATH 100,MATH 103,1,course,Advanced / Changed Course,MATH 100 2022 Fall grade C-; next=MATH 103; outcome=fail,1,1,900000197-path-1,MATH 171,forward_from_first_math,MATH 100,MATH 103,MATH 106,,,,MATH 171,1,Completed/Persisted,2227,900000197: MATH 100 -> MATH 103 -> MATH 106 -> MATH 171
2233,2023 Spring Semester,2023 Spr,900000197,MATH,103,MATH 103,PULLM,F,0.0,900000197,MATH 103,2023 Spr,2233,1,F,0.0,fail,0,20,gateway,algebra,2227,1,2,1,1,0,0,MATH 100,2227,MATH 106,2235,withdraw,0,forward,1,0,0,2257,2.0,2,all_attempts,immediate_next_course_family,course_sort_order,SDW STRM YYYT,1,MATH 103,MATH 106,1,course,Advanced / Changed Course,MATH 103 2023 Spr grade F; next=MATH 106; outcome=fail,1,0,,,,,,,,,,,,,,
2235,2023 Summer Semester,2023 Sum,900000197,MATH,106,MATH 106,PULLM,W,,900000197,MATH 106,2023 Sum,2235,1,W,,withdraw,0,30,gateway,algebra,2227,2,3,2,2,0,0,MATH 103,2233,MATH 171,2237,pass,1,forward,1,0,0,2257,2.0,2,all_attempts,immediate_next_course_family,course_sort_order,SDW STRM YYYT,1,MATH 106,MATH 171,1,course,Advanced / Changed Course,MATH 106 2023 Sum grade W; next=MATH 171; outcome=withdraw,1,0,,,,,,,,,,,,,,
2237,2023 Fall Semester,2023 Fall,900000197,MATH,171,MATH 171,PULLM,A-,3.7,900000197,MATH 171,2023 Fall,2237,1,A-,3.7,pass,1,50,gateway,calculus,2227,3,4,3,2,1,0,MATH 106,2235,,,,,terminal,,1,0,2257,2.0,2,all_attempts,immediate_next_course_family,course_sort_order,SDW STRM YYYT,1,MATH 171,No Further Course,1,course,No Further Course,MATH 171 2023 Fall grade A-; next=No Further Course; outcome=pass,1,0,,,,,,,,,,,,,,
2233,2023 Spring Semester,2023 Spr,900000198,MATH,103,MATH 103,PULLM,C,2.0,900000198,MATH 103,2023 Spr,2233,1,C,2.0,pass,1,20,gateway,algebra,2233,0,1,0,0,0,0,,,MATH 106,2235,pass,1,forward,1,0,0,2257,2.0,2,all_attempts,immediate_next_course_family,course_sort_order,SDW STRM YYYT,1,MATH 103,MATH 106,1,course,Advanced / Changed Course,MATH 103 2023 Spr grade C; next=MATH 106; outcome=pass,1,1,900000198-path-1,MATH 172 (Repeat 1),forward_from_first_math,MATH 103,MATH 106,MATH 171,MATH 172,,,MATH 172 (Repeat 1),1,Repeat/Stopout Risk,2233,900000198: MATH 103 -> MATH 106 -> MATH 171 -> MATH 172 -> MATH 172 (Repeat 1)
2235,2023 Summer Semester,2023 Sum,900000198,MATH,106,MATH 106,PULLM,B+,3.3,900000198,MATH 106,2023 Sum,2235,1,B+,3.3,pass,1,30,gateway,algebra,2233,1,2,1,0,0,0,MATH 103,2233,MATH 171,2243,pass,1,forward,2,0,0,2257,2.0,2,all_attempts,immediate_next_course_family,course_sort_order,SDW STRM YYYT,1,MATH 106,MATH 171,1,course,Advanced / Changed Course,MATH 106 2023 Sum grade B+; next=MATH 171; outcome=pass,1,0,,,,,,,,,,,,,,
2243,2024 Spring Semester,2024 Spr,900000198,MATH,171,MATH 171,PULLM,B,3.0,900000198,MATH 171,2024 Spr,2243,1,B,3.0,pass,1,50,gateway,calculus,2233,3,3,2,0,0,0,MATH 106,2235,MATH 172,2247,withdraw,0,forward,2,0,0,2257,2.0,2,all_attempts,immediate_next_course_family,course_sort_order,SDW STRM YYYT,1,MATH 171,MATH 172,1,course,Advanced / Changed Course,MATH 171 2024 Spr grade B; next=MATH 172; outcome=pass,1,0,,,,,,,,,,,,,,
2247,2024 Fall Semester,2024 Fall,900000198,MATH,172,MATH 172,PULLM,W,,900000198,MATH 172,2024 Fall,2247,1,W,,withdraw,0,60,advanced,calculus,2233,5,4,3,0,0,0,MATH 171,2243,MATH 172,2253,fail,0,repeat,1,0,0,2257,2.0,2,all_attempts,immediate_next_course_family,course_sort_order,SDW STRM YYYT,1,MATH 172,MATH 172,1,repeat,Repeated Same Course,MATH 172 2024 Fall grade W; next=MATH 172; outcome=withdraw,1,0,,,,,,,,,,,,,,
2253,2025 Spring Semester,2025 Spr,900000198,MATH,172,MATH 172,PULLM,F,0.0,900000198,MATH 172,2025 Spr,2253,2,F,0.0,fail,0,60,advanced,calculus,2233,6,5,4,0,1,1,MATH 172,2247,,,,,terminal,,0,1,2257,2.0,2,all_attempts,immediate_next_course_family,course_sort_order,SDW STRM YYYT,0,MATH 172,,1,course,Censored Recent Term,MATH 172 2025 Spr grade F; next=censored; outcome=fail,2,0,,,,,,,,,,,,,,
2233,2023 Spring Semester,2023 Spr,900000199,MATH,201,MATH 201,PULLM,B-,2.7,900000199,MATH 201,2023 Spr,2233,1,B-,2.7,pass,1,70,advanced,quantitative_reasoning,2233,0,1,0,0,0,0,,,MATH 202,2235,pass,1,forward,1,0,0,2257,2.0,2,all_attempts,immediate_next_course_family,course_sort_order,SDW STRM YYYT,1,MATH 201,MATH 202,1,course,Advanced / Changed Course,MATH 201 2023 Spr grade B-; next=MATH 202; outcome=pass,1,1,900000199-path-1,MATH 220 (Repeat 1),forward_from_first_math,MATH 201,MATH 202,MATH 220,,,,MATH 220 (Repeat 1),1,Repeat/Stopout Risk,2233,900000199: MATH 201 -> MATH 202 -> MATH 220 -> MATH 220 (Repeat 1)
2235,2023 Summer Semester,2023 Sum,900000199,MATH,202,MATH 202,PULLM,A-,3.7,900000199,MATH 202,2023 Sum,2235,1,A-,3.7,pass,1,80,advanced,quantitative_reasoning,2233,1,2,1,0,0,0,MATH 201,2233,MATH 220,2237,withdraw,0,forward,1,0,0,2257,2.0,2,all_attempts,immediate_next_course_family,course_sort_order,SDW STRM YYYT,1,MATH 202,MATH 220,1,course,Advanced / Changed Course,MATH 202 2023 Sum grade A-; next=MATH 220; outcome=pass,1,0,,,,,,,,,,,,,,
2237,2023 Fall Semester,2023 Fall,900000199,MATH,220,MATH 220,PULLM,W,,900000199,MATH 220,2023 Fall,2237,1,W,,withdraw,0,100,advanced,linear_algebra,2233,2,3,2,0,0,0,MATH 202,2235,MATH 220,2243,fail,0,repeat,1,0,0,2257,2.0,2,all_attempts,immediate_next_course_family,course_sort_order,SDW STRM YYYT,1,MATH 220,MATH 220,1,repeat,Repeated Same Course,MATH 220 2023 Fall grade W; next=MATH 220; outcome=withdraw,1,0,,,,,,,,,,,,,,
2243,2024 Spring Semester,2024 Spr,900000199,MATH,220,MATH 220,PULLM,F,0.0,900000199,MATH 220,2024 Spr,2243,2,F,0.0,fail,0,100,advanced,linear_algebra,2233,3,4,3,0,1,1,MATH 220,2237,,,,,terminal,,1,0,2257,2.0,2,all_attempts,immediate_next_course_family,course_sort_order,SDW STRM YYYT,1,MATH 220,No Further Course,1,target,No Further Course,MATH 220 2024 Spr grade F; next=No Further Course; outcome=fail,2,0,,,,,,,,,,,,,,
2233,2023 Spring Semester,2023 Spr,900000200,MATH,103,MATH 103,PULLM,B,3.0,900000200,MATH 103,2023 Spr,2233,1,B,3.0,pass,1,20,gateway,algebra,2233,0,1,0,0,0,0,,,MATH 106,2235,fail,0,forward,1,0,0,2257,2.0,2,all_attempts,immediate_next_course_family,course_sort_order,SDW STRM YYYT,1,MATH 103,MATH 106,1,course,Advanced / Changed Course,MATH 103 2023 Spr grade B; next=MATH 106; outcome=pass,1,1,900000200-path-1,MATH 220,forward_from_first_math,MATH 103,MATH 106,MATH 106 (Repeat 1),MATH 108,,,MATH 220,1,Repeat/Stopout Risk,2233,900000200: MATH 103 -> MATH 106 -> MATH 106 (Repeat 1) -> MATH 108 -> MATH 220
2235,2023 Summer Semester,2023 Sum,900000200,MATH,106,MATH 106,PULLM,F,0.0,900000200,MATH 106,2023 Sum,2235,1,F,0.0,fail,0,30,gateway,algebra,2233,1,2,1,0,0,0,MATH 103,2233,MATH 106,2237,pass,1,repeat,1,0,0,2257,2.0,2,all_attempts,immediate_next_course_family,course_sort_order,SDW STRM YYYT,1,MATH 106,MATH 106,1,repeat,Repeated Same Course,MATH 106 2023 Sum grade F; next=MATH 106; outcome=fail,1,0,,,,,,,,,,,,,,
2237,2023 Fall Semester,2023 Fall,900000200,MATH,106,MATH 106,PULLM,B,3.0,900000200,MATH 106,2023 Fall,2237,2,B,3.0,pass,1,30,gateway,algebra,2233,2,3,2,1,0,1,MATH 106,2235,MATH 108,2243,pass,1,forward,1,0,0,2257,2.0,2,all_attempts,immediate_next_course_family,course_sort_order,SDW STRM YYYT,1,MATH 106,MATH 108,1,course,Advanced / Changed Course,MATH 106 2023 Fall grade B; next=MATH 108; outcome=pass,2,0,,,,,,,,,,,,,,
2243,2024 Spring Semester,2024 Spr,900000200,MATH,108,MATH 108,PULLM,B+,3.3,900000200,MATH 108,2024 Spr,2243,1,B+,3.3,pass,1,40,gateway,business_quant,2233,3,4,3,1,0,0,MATH 106,2237,MATH 220,2245,fail,0,forward,1,0,0,2257,2.0,2,all_attempts,immediate_next_course_family,course_sort_order,SDW STRM YYYT,1,MATH 108,MATH 220,1,course,Advanced / Changed Course,MATH 108 2024 Spr grade B+; next=MATH 220; outcome=pass,1,0,,,,,,,,,,,,,,
2245,2024 Summer Semester,2024 Sum,900000200,MATH,220,MATH 220,PULLM,C-,1.7,900000200,MATH 220,2024 Sum,2245,1,C-,1.7,fail,0,100,advanced,linear_algebra,2233,4,5,4,1,0,0,MATH 108,2243,,,,,terminal,,1,0,2257,2.0,2,all_attempts,immediate_next_course_family,course_sort_order,SDW STRM YYYT,1,MATH 220,No Further Course,1,target,No Further Course,MATH 220 2024 Sum grade C-; next=No Further Course; outcome=fail,1,0,,,,,,,,,,,,,,
